tree
version=v4
num_class=1
num_tree_per_iteration=1
label_index=0
max_feature_idx=3
feature_names=p64 p34 customers coastal
monotone_constraints=1 1 0 0
feature_infos=[0:0.94938999999999996] [0:0.94999999999999996] [4459:1298256] [0:1]
tree_sizes=748 761 751 754 767 756 766 759 753 760 767 753 764 772 765 760 770 761 779 757 762 766 762 761 757 769 763 768 773 766 756 765 768 760 764 771 759 754 766 763 768 763 776 767 757 762 762 769 773 764 763 772 757 768 768 772 773 778 760 770 774 764 757 768 777 766 769 765 763 766 758 770 765 767 769 764 760 770 764 762 763 762 769 765 774 767 774 768 766 763 770 766 764 782 762 770 762 776 776 771 771 766 774 772 769 759 774 767 768 756 762 770 759 769 770 763 770 769 770 775 763 758 773 777 772 769 771 756 775 765 765 764 769 769 766 770 767 779 774 767 771 770 758 772 776 769 768 778 764 766 766 765 774 769 766 765 773 768 777 778 771 776 766 763 763 764 765 778 763 766 768 774 763 765 767 770 769 765 769 775 781 772 766 772 777 764 767 778 771 769 777 765 770 761 776 770 775 766 763 773

Tree=0
num_leaves=7
num_cat=0
split_feature=1 2 2 2 3 2
split_gain=22.8825 10.4963 6.02311 4.78719 4.01877 6.40615
threshold=0.26463500000000001 188874.50000000003 130562.00000000001 155542.00000000003 1.0000000180025095e-35 92799.500000000015
decision_type=2 2 2 2 2 2
left_child=1 2 4 -4 -1 -6
right_child=-2 -3 3 -5 5 -7
leaf_value=-0.015314285186784607 0.0036885896440825637 0.0036885896440825637 -0.04333333218539203 -0.014264705382725774 0.0036885896440825637 -0.016393442073317825
leaf_weight=174 1261 104 26 33 84 60
leaf_count=174 1261 104 26 33 84 60
internal_value=0.000149168 -0.00911826 -0.0130026 -0.0275833 -0.0102194 -0.004
internal_weight=1742 481 377 59 318 144
internal_count=1742 481 377 59 318 144
is_linear=0
shrinkage=0.05


Tree=1
num_leaves=7
num_cat=0
split_feature=2 2 0 1 3 2
split_gain=8.07038 3.34499 8.81276 2.71414 1.61976 1.19652
threshold=511381.00000000006 790013.00000000012 0.022100000000000005 0.46244000000000002 1.0000000180025095e-35 200574.00000000003
decision_type=2 2 2 2 2 2
left_child=3 2 -2 4 5 -1
right_child=1 -3 -4 -5 -6 -7
leaf_value=-0.00067610042814001358 -0.041199998900294306 -0.0032911389830368983 -0.0003448273986577988 0.0047757112390526798 0.0030903791253924719 -0.0097560971611883596
leaf_weight=317 24 78 28 913 342 40
leaf_count=317 24 78 28 913 342 40
internal_value=0.00201377 -0.00992366 -0.0196226 0.00298202 0.000635714 -0.00171788
internal_weight=1742 130 52 1612 699 357
internal_count=1742 130 52 1612 699 357
is_linear=0
shrinkage=0.05


Tree=2
num_leaves=7
num_cat=0
split_feature=1 2 2 2 3 2
split_gain=4.06839 1.41144 2.73372 1.45272 1.25863 1.5602
threshold=0.60659000000000007 11926.000000000002 8945.0000000000018 4459.5000000000009 1.0000000180025095e-35 9208.5000000000018
decision_type=2 2 2 2 2 2
left_child=1 2 3 -1 5 -4
right_child=-2 -3 4 -5 -6 -7
leaf_value=-0.0086538457813171241 0.0047933334122101474 0.00085319966507825529 -0.015555555028495966 0.0047933334122101474 -0.019259258649415439 1.8172147797375191e-10
leaf_weight=25 749 796 26 80 26 40
leaf_count=25 749 796 26 80 26 40
internal_value=0.00201377 -8.55129e-05 -0.00386364 0.00165094 -0.0101075 -0.00626866
internal_weight=1742 993 197 105 92 66
internal_count=1742 993 197 105 92 66
is_linear=0
shrinkage=0.05


Tree=3
num_leaves=7
num_cat=0
split_feature=2 2 0 2 2 2
split_gain=3.51615 3.8412 2.94909 1.38527 2.10824 5.68543
threshold=85316.500000000015 92799.500000000015 0.10290000000000001 155542.00000000003 200574.00000000003 197890.00000000003
decision_type=2 2 2 2 2 2
left_child=-1 -2 3 -3 5 -5
right_child=1 2 -4 4 -6 -7
leaf_value=0.0037870473022911079 -0.019259258649415439 0.0018238995153948947 0.0043873518661194646 -0.0013281247869599611 -0.0016390726253982413 -0.026969696186257133
leaf_weight=910 26 158 252 63 301 32
leaf_count=910 26 158 252 63 301 32
internal_value=0.00164085 -0.000708283 -8.67408e-05 -0.00212613 -0.00370277 -0.0101562
internal_weight=1742 832 806 554 396 95
internal_count=1742 832 806 554 396 95
is_linear=0
shrinkage=0.05


Tree=4
num_leaves=7
num_cat=0
split_feature=0 2 3 2 2 2
split_gain=0.92817 1.13797 1.2175 0.797471 1.15161 0.731369
threshold=0.15286000000000002 975148.50000000012 1.0000000180025095e-35 11576.500000000002 12751.500000000002 284077.50000000006
decision_type=2 2 2 2 2 2
left_child=1 2 3 -1 -5 -4
right_child=-2 -3 5 4 -6 -7
leaf_value=0.0040064103519305205 0.0049859155672536777 -0.0060975606575971696 0.0047949219537258619 -0.0079069763855185628 0.00063278025472188887 0.00090625016484409578
leaf_weight=155 354 40 511 42 481 159
leaf_count=155 354 40 511 42 481 159
internal_value=0.00270224 0.00211663 0.00236471 0.000868925 -6.67937e-05 0.00387481
internal_weight=1742 1388 1348 678 523 670
internal_count=1742 1388 1348 678 523 670
is_linear=0
shrinkage=0.05


Tree=5
num_leaves=7
num_cat=0
split_feature=2 2 1 2 2 2
split_gain=1.20421 5.03752 15.4748 1.03726 1.07067 1.31291
threshold=299770.50000000006 220356.50000000003 0.24913000000000005 4459.5000000000009 12378.000000000002 14170.500000000002
decision_type=2 2 2 2 2 2
left_child=1 3 -3 -1 -5 -6
right_child=-2 2 -4 4 5 -7
leaf_value=-0.008148147786657017 0.0042857143755366169 -0.043269229622987598 0.0011875001573935151 0.0044599303995171494 -0.0051898731178120728 0.0015160956869708416
leaf_weight=26 286 25 79 286 78 962
leaf_count=26 286 25 79 286 78 962
internal_value=0.0013253 0.000741249 -0.00980952 0.0015595 0.00175584 0.00100865
internal_weight=1742 1456 104 1352 1326 1040
internal_count=1742 1456 104 1352 1326 1040
is_linear=0
shrinkage=0.05


Tree=6
num_leaves=7
num_cat=0
split_feature=1 3 2 2 2 2
split_gain=1.04599 0.734355 1.02605 2.39329 1.62342 2.55358
threshold=0.76195000000000013 1.0000000180025095e-35 199147.00000000003 99649.000000000015 17951.000000000004 16489.500000000004
decision_type=2 2 2 2 2 2
left_child=1 2 3 4 5 -1
right_child=-2 -3 -4 -5 -6 -7
leaf_value=-0.00067391284296046145 0.0034013606540335009 0.0017496230729699674 0.0034013606540335009 -0.010916666239500047 0.0030339807000698397 -0.013586956035831703
leaf_weight=229 440 662 102 59 205 45
leaf_count=229 440 662 102 59 205 45
internal_value=0.00129662 0.00058327 -0.000624025 -0.00150278 -0.000322916 -0.00283636
internal_weight=1742 1302 640 538 479 274
internal_count=1742 1302 640 538 479 274
is_linear=0
shrinkage=0.05


Tree=7
num_leaves=7
num_cat=0
split_feature=2 2 2 2 0 2
split_gain=1.27048 3.47123 1.2348 2.0543 1.10794 0.756715
threshold=9568.5000000000018 8945.0000000000018 272834.00000000006 284077.50000000006 0.10290000000000001 109786.50000000001
decision_type=2 2 2 2 2 2
left_child=1 -1 5 -4 -5 -2
right_child=2 -3 3 4 -6 -7
leaf_value=0.0017834396356609977 0.0021128452768703612 -0.013018867450783839 -0.013703703218036229 -0.0013915092174736959 0.0049509804659322205 0.0048493151458567137
leaf_weight=156 832 52 26 211 101 364
leaf_count=156 832 52 26 211 101 364
internal_value=0.00169822 -0.00196172 0.00219544 -0.000471976 0.000670927 0.00294904
internal_weight=1742 208 1534 338 312 1196
internal_count=1742 208 1534 338 312 1196
is_linear=0
shrinkage=0.05


Tree=8
num_leaves=7
num_cat=0
split_feature=1 2 2 2 1 0
split_gain=9.90834 5.47315 5.84443 3.21012 2.36109 0.418805
threshold=0.073965000000000017 66734.500000000015 103148.50000000001 180370.00000000003 0.63103500000000012 0.027150000000000004
decision_type=2 2 2 2 2 2
left_child=1 -1 -3 -4 -2 -6
right_child=4 2 3 -5 5 -7
leaf_value=0.00057704130277961511 0.00057704130277961511 -0.039821427501738074 0.00057704130277961511 -0.020124999368563296 0.00057704130277961511 0.0038420246399801933
leaf_weight=28 915 27 20 39 62 651
leaf_count=28 915 27 20 39 62 651
internal_value=-0.000424555 -0.0146087 -0.0209195 -0.01175 0.000577041 0.00345238
internal_weight=1742 114 86 59 1628 713
internal_count=1742 114 86 59 1628 713
is_linear=0
shrinkage=0.05


Tree=9
num_leaves=7
num_cat=0
split_feature=3 1 2 2 2 2
split_gain=2.90238 2.17185 1.73335 1.37512 2.5915 1.45093
threshold=1.0000000180025095e-35 0.7946850000000002 103148.50000000001 6820.0000000000009 9568.5000000000018 55628.500000000007
decision_type=2 2 2 2 2 2
left_child=-1 2 3 -2 -5 -6
right_child=1 -3 -4 4 5 -7
leaf_value=0.0020528212686081611 0.0022747749093550824 0.0022747749093550824 -0.001230964253699114 -0.023478260166619136 -0.001951219283831798 -0.0096062988130830411
leaf_weight=832 26 221 393 22 122 126
leaf_count=832 26 221 393 22 122 126
internal_value=-8.03211e-05 -0.00203074 -0.00341304 -0.0062963 -0.00738007 -0.00586345
internal_weight=1742 910 689 296 270 248
internal_count=1742 910 689 296 270 248
is_linear=0
shrinkage=0.05


Tree=10
num_leaves=7
num_cat=0
split_feature=2 1 2 2 2 2
split_gain=2.07761 2.17356 1.64659 1.0952 5.13094 1.11249
threshold=11576.500000000002 0.84583500000000011 12378.000000000002 22520.500000000004 25864.000000000004 45444.500000000007
decision_type=2 2 2 2 2 2
left_child=-1 2 -2 -4 -5 -6
right_child=1 -3 3 4 5 -7
leaf_value=0.0044061303552654059 -0.011374999564141036 0.0033388159004971388 0.0023834198211450035 -0.026190475427678658 -0.0055038756611504296 -0.00049937558308076329
leaf_weight=260 39 303 192 20 128 800
leaf_count=260 39 303 192 20 128 800
internal_value=0.000292599 -0.000431557 -0.00140254 -0.00105171 -0.00174921 -0.00119483
internal_weight=1742 1482 1179 1140 948 928
internal_count=1742 1482 1179 1140 948 928
is_linear=0
shrinkage=0.05


Tree=11
num_leaves=7
num_cat=0
split_feature=2 2 2 2 0 2
split_gain=1.22028 4.50462 3.44839 1.8438 1.78257 1.77358
threshold=99649.000000000015 109786.50000000001 106179.50000000001 103148.50000000001 0.15002500000000002 17951.000000000004
decision_type=2 2 2 2 2 2
left_child=5 2 3 -2 -3 -1
right_child=1 4 -4 -5 -6 -7
leaf_value=-0.00026262607086788525 -0.013703703218036229 -0.00095724886331748798 -0.026666665891254389 0.0048148148865611471 0.0049698795921292657 0.0040298508420618358
leaf_weight=494 26 537 26 26 165 468
leaf_count=494 26 537 26 26 165 468
internal_value=0.000636833 -0.000832266 -0.0121519 -0.0045283 0.000440967 0.00182762
internal_weight=1742 780 78 52 702 962
internal_count=1742 780 78 52 702 962
is_linear=0
shrinkage=0.05


Tree=12
num_leaves=7
num_cat=0
split_feature=1 2 2 2 2 1
split_gain=2.92135 0.71504 1.89533 1.8844 1.53473 0.693242
threshold=0.81592500000000012 9208.5000000000018 10539.500000000002 9568.5000000000018 4459.5000000000009 0.42180000000000001
decision_type=2 2 2 2 2 2
left_child=1 4 3 -3 -1 -4
right_child=-2 2 5 -5 -6 -7
leaf_value=-0.008148147786657017 0.0045931759361285242 0.0004347827771435614 -0.0015944538512097696 -0.019259258649415439 0.0045931759361285242 0.00085344844272938281
leaf_weight=26 380 22 576 26 133 579
leaf_count=26 380 22 576 26 133 579
internal_value=0.000722892 -0.000359501 -0.000776578 -0.0104082 0.00278125 -0.000367647
internal_weight=1742 1362 1203 48 159 1155
internal_count=1742 1362 1203 48 159 1155
is_linear=0
shrinkage=0.05


Tree=13
num_leaves=7
num_cat=0
split_feature=1 2 2 2 2 2
split_gain=2.78004 1.26065 2.25497 0.917188 2.76177 3.45147
threshold=0.81592500000000012 8945.0000000000018 9208.5000000000018 12378.000000000002 19676.000000000004 17951.000000000004
decision_type=2 2 2 2 2 2
left_child=1 -1 -3 -4 5 -5
right_child=-2 2 3 4 -6 -7
leaf_value=0.0038432836810599509 0.0040682415646596222 -0.015555555028495966 0.0035238096295368104 -0.0045098036357195557 -0.00028556015238101625 -0.026190475427678658
leaf_weight=133 380 26 104 152 927 20
leaf_count=133 380 26 104 152 927 20
internal_value=0.000292599 -0.000763023 -0.00126423 -0.000942691 -0.00136818 -0.00716763
internal_weight=1742 1362 1229 1203 1099 172
internal_count=1742 1362 1229 1203 1099 172
is_linear=0
shrinkage=0.05


Tree=14
num_leaves=7
num_cat=0
split_feature=2 0 2 2 2 2
split_gain=2.7622 0.860958 0.745367 1.04363 0.897012 1.05889
threshold=27900.500000000004 0.16393500000000003 32714.500000000004 66734.500000000015 81611.500000000015 99649.000000000015
decision_type=2 2 2 2 2 2
left_child=-1 2 -2 -4 -5 -6
right_child=1 -3 3 4 5 -7
leaf_value=0.0039899834022796617 -0.0070652170511691474 0.0026511629168377367 0.0026511629168377367 -0.008536584993324629 0.0026511629168377367 -0.0016803951636324998
leaf_weight=598 45 214 161 40 78 606
leaf_count=598 45 214 161 40 78 606
internal_value=0.00123924 -0.000200873 -0.000859291 -0.000536117 -0.00135172 -0.000919708
internal_weight=1742 1144 930 885 724 684
internal_count=1742 1144 930 885 724 684
is_linear=0
shrinkage=0.05


Tree=15
num_leaves=7
num_cat=0
split_feature=2 2 2 2 2 2
split_gain=1.05603 0.743148 3.02397 0.785443 1.29953 0.580283
threshold=4459.5000000000009 109786.50000000001 106179.50000000001 9208.5000000000018 9568.5000000000018 81611.500000000015
decision_type=2 2 2 2 2 2
left_child=-1 2 3 -2 -5 -6
right_child=1 -3 -4 4 5 -7
leaf_value=-0.008148147786657017 0.0046496816098120569 0.0030725463477637659 -0.015555555028495966 -0.0099999995971167543 0.00056130002573286596 0.0041984733734422054
leaf_weight=26 156 702 26 26 676 130
leaf_count=26 156 702 26 26 676 130
internal_value=0.00166954 0.00182295 0.000955665 0.00140546 0.000792317 0.00115242
internal_weight=1742 1716 1014 988 832 806
internal_count=1742 1716 1014 988 832 806
is_linear=0
shrinkage=0.05


Tree=16
num_leaves=7
num_cat=0
split_feature=1 2 2 2 2 2
split_gain=2.29555 1.27402 0.352534 1.30315 0.8291 0.807863
threshold=0.93146000000000007 11576.500000000002 381882.50000000006 326041.50000000006 975148.50000000012 284077.50000000006
decision_type=2 2 2 2 2 2
left_child=1 -1 3 5 -4 -3
right_child=-2 2 4 -5 -6 -7
leaf_value=0.0024686193771691501 0.004733009788307172 -0.0018251678807075841 0.0028571429779800047 -0.010921052206111581 -0.0051111108147435724 0.0040983607473432044
leaf_weight=238 205 1040 118 37 44 60
leaf_count=238 205 1040 118 37 44 60
internal_value=-0.000223752 -0.000887516 -0.00150385 -0.00181459 0.000674847 -0.00149864
internal_weight=1742 1537 1299 1137 162 1100
internal_count=1742 1537 1299 1137 162 1100
is_linear=0
shrinkage=0.05


Tree=17
num_leaves=7
num_cat=0
split_feature=1 2 2 2 2 2
split_gain=1.14038 0.416231 5.09853 0.994229 4.3443 0.500399
threshold=0.93146000000000007 200574.00000000003 209711.50000000003 106179.50000000001 103148.50000000001 17951.000000000004
decision_type=2 2 2 2 2 2
left_child=1 3 -3 4 5 -1
right_child=-2 2 -4 -5 -6 -7
leaf_value=-9.0293265862335752e-05 0.004733009788307172 -0.023478260166619136 0.00078590802727191442 0.0041350211901000789 -0.019259258649415439 0.0022860361707841489
leaf_weight=442 205 22 368 236 26 443
leaf_count=442 205 22 368 236 26 443
internal_value=0.00123924 0.000770481 -0.000639386 0.00125 0.000498904 0.00110045
internal_weight=1742 1537 390 1147 911 885
internal_count=1742 1537 390 1147 911 885
is_linear=0
shrinkage=0.05


Tree=18
num_leaves=7
num_cat=0
split_feature=1 2 2 2 2 2
split_gain=1.31558 0.518953 4.15867 0.726095 0.324253 0.395807
threshold=0.94025000000000014 6820.0000000000009 8085.5000000000009 11576.500000000002 326041.50000000006 244286.50000000003
decision_type=2 2 2 2 2 2
left_child=1 -1 -3 -4 5 -5
right_child=-2 2 3 4 -6 -7
leaf_value=0.0034020619639723577 0.0042091837647009874 -0.02019230706187395 0.0037083334351579351 -0.00039564767846898439 0.0014925374654098532 -0.0037244895283056766
leaf_weight=96 195 25 119 1010 200 97
leaf_count=96 195 25 119 1010 200 97
internal_value=0.000349971 -0.000138889 -0.000375344 -1.40152e-05 -0.000355504 -0.000690433
internal_weight=1742 1547 1451 1426 1307 1107
internal_count=1742 1547 1451 1426 1307 1107
is_linear=0
shrinkage=0.05


Tree=19
num_leaves=7
num_cat=0
split_feature=2 1 2 2 2 2
split_gain=1.23875 3.62903 1.76829 1.04332 1.46907 1.06968
threshold=6820.0000000000009 0.24482500000000004 4459.5000000000009 28700.000000000004 197890.00000000003 180370.00000000003
decision_type=2 2 2 2 2 2
left_child=1 -1 -3 -2 5 -5
right_child=3 2 -4 4 -6 -7
leaf_value=-0.021199999347329142 0.0028790788163722365 -0.011904761461274964 0.0049180328601696457 -0.00085923197037341174 0.0021113245149148403 -0.0083018864241411108
leaf_weight=24 520 20 60 546 520 52
leaf_count=24 520 20 60 546 520 52
internal_value=0.000694206 -0.00457143 0.000617284 0.00103112 0.000169795 -0.0015192
internal_weight=1742 104 80 1638 1118 598
internal_count=1742 104 80 1638 1118 598
is_linear=0
shrinkage=0.05


Tree=20
num_leaves=7
num_cat=0
split_feature=2 2 0 2 2 2
split_gain=1.98613 2.69003 3.57501 1.35419 2.49556 1.04673
threshold=381882.50000000006 511381.00000000006 0.025910000000000006 8085.5000000000009 9568.5000000000018 8945.0000000000018
decision_type=2 2 2 2 2 2
left_child=3 2 -2 -1 5 -5
right_child=1 -3 -4 4 -6 -7
leaf_value=0.004961832135005762 -0.030952380083146547 -0.0015267173382844633 -0.0042424239669785358 -0.00074074054481806581 0.00015521082567313999 -0.013018867450783839
leaf_weight=130 20 130 32 26 1352 52
leaf_count=130 20 130 32 26 1352 52
internal_value=-0.000481928 -0.00540984 -0.0149057 9.60924e-05 -0.000349406 -0.00898734
internal_weight=1742 182 52 1560 1430 78
internal_count=1742 182 52 1560 1430 78
is_linear=0
shrinkage=0.05


Tree=21
num_leaves=7
num_cat=0
split_feature=2 2 2 2 2 0
split_gain=1.20667 0.85432 1.15512 1.20759 0.948422 0.773547
threshold=9568.5000000000018 130562.00000000001 209711.50000000003 218097.50000000003 123241.00000000001 0.10840000000000001
decision_type=2 2 2 2 2 2
left_child=-1 4 -3 -4 -2 -5
right_child=1 2 3 5 -6 -7
leaf_value=0.0042583732959328661 -0.00048587550930047439 0.0049726776697270863 -0.0099999995971167543 -0.00063405777125254918 -0.0099999995971167543 0.0039084508018174639
leaf_weight=208 884 182 26 275 26 141
leaf_count=208 884 182 26 275 26 141
internal_value=0.000694206 0.000208469 0.001632 0.000248307 -0.000768386 0.000911271
internal_weight=1742 1534 624 442 910 416
internal_count=1742 1534 624 442 910 416
is_linear=0
shrinkage=0.05


Tree=22
num_leaves=7
num_cat=0
split_feature=0 2 2 2 2 2
split_gain=0.543496 0.439232 1.23931 0.813538 0.623821 0.51198
threshold=0.39678500000000005 17951.000000000004 13475.500000000002 15055.000000000002 16489.500000000004 8085.5000000000009
decision_type=2 2 2 2 2 2
left_child=1 2 5 -4 -5 -1
right_child=-2 -3 3 4 -6 -7
leaf_value=0.0037698413703649764 0.0049450550187420065 0.0014877431790579808 -0.0096874996010834977 0.0048148148865611471 -0.0045283016028269283 -0.00022624415341275853
leaf_weight=125 90 1182 47 26 52 220
leaf_count=125 90 1182 47 26 52 220
internal_value=0.00118187 0.000973987 -0.000318471 -0.00456349 -0.0013924 0.00122832
internal_weight=1742 1652 470 125 78 345
internal_count=1742 1652 470 125 78 345
is_linear=0
shrinkage=0.05


Tree=23
num_leaves=7
num_cat=0
split_feature=2 2 2 2 2 2
split_gain=0.943808 1.19762 2.78023 1.15925 0.528268 0.51831
threshold=27900.500000000004 45444.500000000007 38806.000000000007 4459.5000000000009 37288.000000000007 76340.500000000015
decision_type=2 2 2 2 2 2
left_child=3 2 4 -1 -2 -3
right_child=1 5 -4 -5 -6 -7
leaf_value=-0.008148147786657017 -0.0032911389830368983 0.0030534352310968723 -0.019259258649415439 0.0024607331152309716 0.0048148148865611471 -0.00031638398766517642
leaf_weight=26 78 130 26 572 26 884
leaf_count=26 78 130 26 572 26 884
internal_value=0.000378658 -0.000462882 -0.00496183 0.00198664 -0.0012381 0.000118227
internal_weight=1742 1144 130 598 104 1014
internal_count=1742 1144 130 598 104 1014
is_linear=0
shrinkage=0.05


Tree=24
num_leaves=7
num_cat=0
split_feature=2 2 1 3 2 0
split_gain=1.165 3.8228 3.40354 2.78087 0.65118 0.597672
threshold=12378.000000000002 6820.0000000000009 0.68084000000000011 1.0000000180025095e-35 9568.5000000000018 0.39678500000000005
decision_type=2 2 2 2 2 2
left_child=1 -1 3 -3 -5 -2
right_child=5 2 -4 4 -6 -7
leaf_value=0.0049523810261771798 0.00028697589715234137 -0.004836956229384827 0.0040000000934709203 -0.026190475427678658 -0.014431817677210679 0.0049315069228002472
leaf_weight=104 1358 91 54 20 43 72
leaf_count=104 1358 91 54 20 43 72
internal_value=-8.03211e-05 -0.00284345 -0.00674641 -0.0105161 -0.0185156 0.000524109
internal_weight=1742 312 208 154 63 1430
internal_count=1742 312 208 154 63 1430
is_linear=0
shrinkage=0.05


Tree=25
num_leaves=7
num_cat=0
split_feature=2 0 3 1 2 2
split_gain=1.10853 0.659163 0.444441 0.554546 0.540604 0.673925
threshold=28700.000000000004 0.39678500000000005 1.0000000180025095e-35 0.77210000000000012 17951.000000000004 16489.500000000004
decision_type=2 2 2 2 2 2
left_child=2 -2 3 4 5 -1
right_child=1 -3 -4 -5 -6 -7
leaf_value=0.00064935082029470633 -0.00056026345487199941 0.004913793176669499 0.0044262295945094584 0.0049456522476090045 0.0042857143737666022 -0.0059782605537253876
leaf_weight=230 1061 57 182 91 76 45
leaf_count=230 1061 57 182 91 76 45
internal_value=0.000665519 -0.000277033 0.002352 0.00148984 0.000582387 -0.000452898
internal_weight=1742 1118 624 442 351 275
internal_count=1742 1118 624 442 351 275
is_linear=0
shrinkage=0.05


Tree=26
num_leaves=7
num_cat=0
split_feature=0 2 1 2 2 2
split_gain=0.841235 0.645101 2.64557 1.89856 0.941487 0.342033
threshold=0.35752000000000006 8945.0000000000018 0.21569500000000003 8085.5000000000009 11576.500000000002 4459.5000000000009
decision_type=2 2 2 2 2 2
left_child=1 2 -1 5 -3 -4
right_child=-2 4 3 -5 -6 -7
leaf_value=-0.016129031717296568 0.0045045045884074394 0.0045045045884074394 -0.0023809521503391721 -0.012608695192181546 -2.5288830645856144e-05 0.0045045045884074394
leaf_weight=30 110 102 20 22 1383 75
leaf_count=30 110 102 20 22 1383 75
internal_value=0.000292599 6.12388e-06 -0.00314189 0.00029661 0.00031965 0.00338542
internal_weight=1742 1632 147 117 1485 95
internal_count=1742 1632 147 117 1485 95
is_linear=0
shrinkage=0.05


Tree=27
num_leaves=7
num_cat=0
split_feature=2 0 2 2 2 2
split_gain=1.12166 0.76478 0.29755 0.270573 2.52349 0.370715
threshold=11576.500000000002 0.39678500000000005 975148.50000000012 99649.000000000015 92799.500000000015 244286.50000000003
decision_type=2 2 2 2 2 2
left_child=-1 2 3 4 -2 -5
right_child=1 -3 -4 5 -6 -7
leaf_value=0.0038314177244330736 4.6368036563097975e-05 0.0049397591097527244 -0.0039999997284677295 0.0017936119393283084 -0.015555555028495966 -0.00057347650409385722
leaf_weight=260 646 82 44 406 26 278
leaf_count=260 646 82 44 406 26 278
internal_value=0.00080895 0.000276467 1.86132e-10 0.000132646 -0.000579495 0.000832117
internal_weight=1742 1482 1400 1356 672 684
internal_count=1742 1482 1400 1356 672 684
is_linear=0
shrinkage=0.05


Tree=28
num_leaves=7
num_cat=0
split_feature=0 2 2 2 2 2
split_gain=0.807206 0.746709 1.16769 2.61012 0.342565 0.511864
threshold=0.35752000000000006 4459.5000000000009 8945.0000000000018 9208.5000000000018 790013.00000000012 155542.00000000003
decision_type=2 2 2 2 2 2
left_child=1 -1 -3 -4 5 -5
right_child=-2 2 3 4 -6 -7
leaf_value=-0.008148147786657017 0.0045045045884074394 0.0045045045884074394 -0.015555555028495966 0.00064673930204109007 0.0035211268655011355 -0.001380042246129609
leaf_weight=26 110 121 26 919 70 470
leaf_count=26 110 121 26 919 70 470
internal_value=0.000378658 9.79794e-05 0.000236466 -0.000151413 0.000133562 -3.95682e-05
internal_weight=1742 1632 1606 1485 1459 1389
internal_count=1742 1632 1606 1485 1459 1389
is_linear=0
shrinkage=0.05


Tree=29
num_leaves=7
num_cat=0
split_feature=2 2 0 2 2 1
split_gain=1.35983 5.15159 0.557838 0.458004 0.626531 0.842365
threshold=9208.5000000000018 10539.500000000002 0.39678500000000005 85316.500000000015 76340.500000000015 0.7946850000000002
decision_type=2 2 2 2 2 2
left_child=-1 -2 3 4 5 -3
right_child=1 2 -4 -5 -6 -7
leaf_value=0.0049726776697270863 -0.014905659861440929 -0.00063252992045328797 0.0049397591097527244 0.0015364918290195026 -0.0054716978081554742 0.0044387755953535744
leaf_weight=182 52 497 82 780 52 97
leaf_count=182 52 497 82 780 52 97
internal_value=0.000895009 0.0004164 0.000954275 0.000721794 -0.000262751 0.000201681
internal_weight=1742 1560 1508 1426 646 594
internal_count=1742 1560 1508 1426 646 594
is_linear=0
shrinkage=0.05


Tree=30
num_leaves=7
num_cat=0
split_feature=2 0 2 2 2 2
split_gain=2.09494 1.8269 1.20229 0.999952 1.36433 0.635717
threshold=155542.00000000003 0.28272000000000003 188874.50000000003 790013.00000000012 1148581.0000000002 60417.000000000007
decision_type=2 2 2 2 2 2
left_child=5 2 -2 -4 -5 -1
right_child=1 -3 3 4 -6 -7
leaf_value=0.00078066931356580137 -0.010729166244467099 0.0049375000735744842 -0.0014480195838109692 -0.013295454066246749 0.0011111112656416718 0.0033628319689569929
leaf_weight=806 47 79 403 43 26 338
leaf_count=806 47 79 403 43 26 338
internal_value=0.000292599 -0.00210351 -0.00318269 -0.00241015 -0.00792857 0.00154585
internal_weight=1742 598 519 472 69 1144
internal_count=1742 598 519 472 69 1144
is_linear=0
shrinkage=0.05


Tree=31
num_leaves=7
num_cat=0
split_feature=2 2 0 2 1 2
split_gain=1.5975 3.82607 4.92932 1.11872 0.532192 0.481967
threshold=130562.00000000001 106179.50000000001 0.0094950000000000017 25864.000000000004 0.7946850000000002 103148.50000000001
decision_type=2 2 2 2 2 2
left_child=1 3 -3 4 -1 -5
right_child=-2 2 -4 5 -6 -7
leaf_value=0.00096398321517064418 0.0024320001316070557 -0.029199999168515206 -0.0037037034369545221 -0.0020863307028008309 0.0049509804659322205 0.0048148148865611471
leaf_weight=471 624 24 80 416 101 26
leaf_count=471 624 24 80 416 101 26
internal_value=0.000407344 -0.00072386 -0.00980952 0.000216749 0.00167539 -0.00167043
internal_weight=1742 1118 104 1014 572 442
internal_count=1742 1118 104 1014 572 442
is_linear=0
shrinkage=0.05


Tree=32
num_leaves=7
num_cat=0
split_feature=0 2 2 1 2 2
split_gain=0.666033 0.579017 0.921801 1.33061 0.812668 0.536476
threshold=0.39678500000000005 188874.50000000003 200574.00000000003 0.70402500000000012 109786.50000000001 106179.50000000001
decision_type=2 2 2 2 2 2
left_child=1 4 3 -3 5 -1
right_child=-2 2 -4 -5 -6 -7
leaf_value=0.00084953957343113706 0.0049450550187420065 -0.0097413789095549749 5.8685630524942016e-05 0.0047727273438464514 0.0046283784599320315 -0.0062962959761972779
leaf_weight=976 90 57 425 21 147 26
leaf_count=976 90 57 425 21 147 26
internal_value=0.000780264 0.000550514 -0.000863095 -0.00582278 0.00116957 0.000658026
internal_weight=1742 1652 503 78 1149 1002
internal_count=1742 1652 503 78 1149 1002
is_linear=0
shrinkage=0.05


Tree=33
num_leaves=7
num_cat=0
split_feature=2 2 1 2 2 1
split_gain=1.70298 3.94614 3.84818 0.869865 1.95008 1.75458
threshold=8945.0000000000018 5501.0000000000009 0.66266500000000017 11576.500000000002 16489.500000000004 0.81592500000000012
decision_type=2 2 2 2 2 2
left_child=1 -1 -3 -2 5 -5
right_child=3 2 -4 4 -6 -7
leaf_value=0.0030379747995470142 0.0049523810261771798 -0.019649122184828709 0.004782608766918597 -0.0071034479321076954 0.00092236757518968429 0.0048717949443902731
leaf_weight=78 104 56 22 144 1300 38
leaf_count=78 104 56 22 144 1300 38
internal_value=6.31098e-05 -0.00490446 -0.0127848 0.000554506 0.000242751 -0.00459016
internal_weight=1742 156 78 1586 1482 182
internal_count=1742 156 78 1586 1482 182
is_linear=0
shrinkage=0.05


Tree=34
num_leaves=7
num_cat=0
split_feature=2 2 2 0 2 2
split_gain=1.21463 1.35646 0.703632 0.514915 0.362622 0.441321
threshold=25864.000000000004 4459.5000000000009 32714.500000000004 0.39678500000000005 790013.00000000012 209711.50000000003
decision_type=2 2 2 2 2 2
left_child=1 -1 -2 4 5 -4
right_child=2 -3 3 -5 -6 -7
leaf_value=-0.008148147786657017 -0.0045569617395536813 0.0033455211349117694 0.0005896228143019871 0.004913793176669499 0.0035211268655011355 -0.0016616311970974384
leaf_weight=26 78 546 635 57 70 330
leaf_count=26 78 546 635 57 70 330
internal_value=0.000923695 0.00280977 1.86105e-10 0.000329369 7.2394e-05 -0.000181159
internal_weight=1742 572 1170 1092 1035 965
internal_count=1742 572 1170 1092 1035 965
is_linear=0
shrinkage=0.05


Tree=35
num_leaves=7
num_cat=0
split_feature=2 2 0 2 2 0
split_gain=1.12399 2.5162 0.932019 0.433085 2.31463 1.39891
threshold=8945.0000000000018 9208.5000000000018 0.35752000000000006 103148.50000000001 55628.500000000007 0.11098000000000001
decision_type=2 2 2 2 2 2
left_child=-1 -2 3 4 -3 -6
right_child=1 2 -4 -5 5 -7
leaf_value=0.0040127389488895989 -0.015555555028495966 0.00037300195379536699 0.0044607843984575835 0.00042753640832244487 -0.007993826796703133 0.0017708334761361282
leaf_weight=156 26 562 101 689 161 47
leaf_count=156 26 562 101 689 161 47
internal_value=-2.29488e-05 -0.00042218 -0.000160154 -0.000482877 -0.00129702 -0.00578947
internal_weight=1742 1586 1560 1459 770 208
internal_count=1742 1586 1560 1459 770 208
is_linear=0
shrinkage=0.05


Tree=36
num_leaves=7
num_cat=0
split_feature=3 0 2 2 0 2
split_gain=0.556545 0.899137 0.677221 1.06006 0.921533 0.397796
threshold=1.0000000180025095e-35 0.26013500000000006 244286.50000000003 284077.50000000006 0.18219500000000002 349638.00000000006
decision_type=2 2 2 2 2 2
left_child=1 -1 -2 4 -4 -5
right_child=2 -3 3 5 -6 -7
leaf_value=-0.00042837999182612383 0.00290484152336252 0.0049425288092816017 -0.012413792646136778 0.0043037975560637964 0.00080000016093254099 5.4644992768438794e-05
leaf_weight=746 598 86 28 78 24 182
leaf_count=746 598 86 28 78 24 182
internal_value=0.00106713 0.000132053 0.00192097 3.19491e-05 -0.00641509 0.001341
internal_weight=1742 832 910 312 52 260
internal_count=1742 832 910 312 52 260
is_linear=0
shrinkage=0.05


Tree=37
num_leaves=7
num_cat=0
split_feature=2 2 0 2 2 2
split_gain=1.20954 10.7687 6.38351 1.97919 5.05311 0.824863
threshold=113856.50000000001 188874.50000000003 0.081025000000000014 155542.00000000003 130562.00000000001 312300.00000000006
decision_type=2 2 2 2 2 2
left_child=-1 2 3 4 -2 -3
right_child=1 5 -4 -5 -6 -7
leaf_value=0.0003092785296925006 -0.013333332854689975 0.0025435541357312886 0.0048387097495217477 -0.012558139072254646 -0.04333333218539203 -0.0013409959530579175
leaf_weight=1066 32 286 30 42 26 260
leaf_count=1066 32 286 30 42 26 260
internal_value=-0.000740103 -0.00239291 -0.0152672 -0.0212871 -0.0272881 0.000694699
internal_weight=1742 676 130 100 58 546
internal_count=1742 676 130 100 58 546
is_linear=0
shrinkage=0.05


Tree=38
num_leaves=7
num_cat=0
split_feature=2 1 2 3 2 2
split_gain=1.17897 1.76824 1.0877 0.775958 0.675362 0.619089
threshold=60417.000000000007 0.80744500000000008 9208.5000000000018 1.0000000180025095e-35 13475.500000000002 5501.0000000000009
decision_type=2 2 2 2 2 2
left_child=1 2 5 -4 -5 -1
right_child=-2 -3 3 4 -6 -7
leaf_value=-0.0013194442312750552 0.0022732125151914365 0.0046258504217376517 -0.0013165263954748293 -0.00054347806650659311 -0.0079207917177441089 0.0046258504217376517
leaf_weight=71 936 146 356 45 100 88
leaf_count=71 936 146 356 45 100 88
internal_value=0.00106713 -0.000334572 -0.00143722 -0.00257968 -0.00565068 0.00215625
internal_weight=1742 806 660 501 145 159
internal_count=1742 806 660 501 145 159
is_linear=0
shrinkage=0.05


Tree=39
num_leaves=7
num_cat=0
split_feature=2 2 2 2 0 2
split_gain=0.931339 3.99599 0.728741 1.10039 0.608295 0.476021
threshold=103148.50000000001 106179.50000000001 188874.50000000003 109786.50000000001 0.28272000000000003 312300.00000000006
decision_type=2 2 2 2 2 2
left_child=-1 -2 3 -3 5 -4
right_child=1 2 4 -5 -6 -7
leaf_value=0.0019615774930909625 -0.019259258649415439 -0.0062962959761972779 0.0002371543304251117 0.0046496816098120569 0.0036000001033147178 -0.0029411762194261294
leaf_weight=988 26 26 252 156 74 220
leaf_count=988 26 26 252 156 74 220
internal_value=0.000952381 -0.000370861 0.000329218 0.00306011 -0.000585009 -0.00124736
internal_weight=1742 754 728 182 546 472
internal_count=1742 754 728 182 546 472
is_linear=0
shrinkage=0.05


Tree=40
num_leaves=7
num_cat=0
split_feature=2 1 2 2 3 3
split_gain=1.09532 2.12143 0.972343 1.59265 1.37012 0.908555
threshold=37288.000000000007 0.77210000000000012 9208.5000000000018 11926.000000000002 1.0000000180025095e-35 1.0000000180025095e-35
decision_type=2 2 2 2 2 2
left_child=1 2 -1 4 -4 -5
right_child=-2 -3 3 5 -6 -7
leaf_value=0.00082802564427731154 0.0014339270518836066 0.0045801527542239841 -0.0054310341783124832 -0.0036344535147943419 -0.019259258649415439 0.0028169015291291226
leaf_weight=156 1066 130 57 237 26 70
leaf_count=156 1066 130 57 237 26 70
internal_value=0.00043603 -0.00113737 -0.00250457 -0.00383632 -0.00994048 -0.00215909
internal_weight=1742 676 546 390 83 307
internal_count=1742 676 546 390 83 307
is_linear=0
shrinkage=0.05


Tree=41
num_leaves=7
num_cat=0
split_feature=2 2 3 2 3 0
split_gain=1.62006 2.67226 1.81105 1.18646 1.0243 0.771021
threshold=66734.500000000015 92799.500000000015 1.0000000180025095e-35 4459.5000000000009 1.0000000180025095e-35 0.26855500000000004
decision_type=2 2 2 2 2 2
left_child=3 2 -2 -1 5 -3
right_child=1 4 -4 -5 -6 -7
leaf_value=-0.008148147786657017 0.0029629630761014089 -0.0037621356528794885 -0.012151898278654377 0.0025154895969704627 0.0012390926538805688 0.0048333334053556123
leaf_weight=26 26 205 78 806 572 29
leaf_count=26 26 205 78 806 572 29
internal_value=0.000579461 -0.000878156 -0.00838095 0.00217287 9.91328e-05 -0.00268085
internal_weight=1742 910 104 832 806 234
internal_count=1742 910 104 832 806 234
is_linear=0
shrinkage=0.05


Tree=42
num_leaves=7
num_cat=0
split_feature=0 2 2 1 3 2
split_gain=0.951221 0.682558 1.33891 1.37731 0.658422 1.9786
threshold=0.43805000000000005 4552.5000000000009 8945.0000000000018 0.77570000000000017 1.0000000180025095e-35 66734.500000000015
decision_type=2 2 2 2 2 2
left_child=1 -1 3 -3 -4 -6
right_child=-2 2 4 -5 5 -7
leaf_value=0.0049056604504585273 0.0049367089343221888 -0.0094374996051192293 0.00063571445750338696 0.0047727273438464514 -0.0057749996855854992 -4.8780300752903387e-05
leaf_weight=52 78 79 699 21 199 614
leaf_count=52 78 79 699 21 199 614
internal_value=-0.000424555 -0.000678678 -0.000861748 -0.00643564 -0.000489094 -0.00145577
internal_weight=1742 1664 1612 100 1512 813
internal_count=1742 1664 1612 100 1512 813
is_linear=0
shrinkage=0.05


Tree=43
num_leaves=7
num_cat=0
split_feature=2 3 2 0 2 2
split_gain=1.11451 0.971138 0.564988 0.659929 0.509118 0.401904
threshold=106179.50000000001 1.0000000180025095e-35 16489.500000000004 0.16393500000000003 22520.500000000004 81611.500000000015
decision_type=2 2 2 2 2 2
left_child=1 2 -1 4 -4 -6
right_child=-2 -3 3 -5 5 -7
leaf_value=0.0025435541357312886 -0.00042523985935582055 0.0040920717055764047 -0.0044999997152222531 0.0048979592566587493 0.0011949687118425311 -0.0042045451785353103
leaf_weight=286 728 390 89 48 158 43
leaf_count=286 728 390 89 48 158 43
internal_value=0.00106713 0.00213793 0.000912 -0.000471976 -0.00137457 2.47527e-05
internal_weight=1742 1014 624 338 290 201
internal_count=1742 1014 624 338 290 201
is_linear=0
shrinkage=0.05


Tree=44
num_leaves=7
num_cat=0
split_feature=2 2 1 2 2 2
split_gain=1.41609 1.67392 2.60894 1.40949 2.62237 0.956835
threshold=10539.500000000002 32714.500000000004 0.80744500000000008 22520.500000000004 25864.000000000004 17370.500000000004
decision_type=2 2 2 2 2 2
left_child=-1 2 3 5 -5 -2
right_child=1 -3 -4 4 -6 -7
leaf_value=0.0037021277622973667 -0.005026315491842597 0.0005580971544064848 0.0043888889749844869 -0.026190475427678658 -0.0055645158213953822 0.0023275863379240039
leaf_weight=234 189 1092 89 20 61 57
leaf_count=234 189 1092 89 20 61 57
internal_value=9.17959e-05 -0.00047051 -0.00316547 -0.00522866 -0.0109146 -0.00331984
internal_weight=1742 1508 416 327 81 246
internal_count=1742 1508 416 327 81 246
is_linear=0
shrinkage=0.05


Tree=45
num_leaves=7
num_cat=0
split_feature=2 2 2 2 2 2
split_gain=1.34052 2.50024 1.47722 3.86833 0.773255 0.454894
threshold=9568.5000000000018 8945.0000000000018 60417.000000000007 66734.500000000015 4459.5000000000009 99649.000000000015
decision_type=2 2 2 2 2 2
left_child=1 4 -2 -4 -1 -5
right_child=2 -3 3 5 -6 -7
leaf_value=-0.008148147786657017 0.0025709517144649374 -0.013018867450783839 -0.019259258649415439 0.002671755850315094 0.0011450383271879824 -0.00051216369497180747
leaf_weight=26 598 52 26 130 130 780
leaf_count=26 598 52 26 130 130 780
internal_value=0.000120482 -0.00363636 0.000631922 -0.000608324 -0.00044586 -5.48846e-05
internal_weight=1742 208 1534 936 156 910
internal_count=1742 208 1534 936 156 910
is_linear=0
shrinkage=0.05


Tree=46
num_leaves=7
num_cat=0
split_feature=2 2 1 2 2 1
split_gain=0.650924 0.719113 0.451549 0.630123 0.396284 1.02401
threshold=17370.500000000004 8945.0000000000018 0.77570000000000017 4552.5000000000009 22520.500000000004 0.75099500000000019
decision_type=2 2 2 2 2 2
left_child=1 2 3 -1 5 -2
right_child=4 -3 -4 -5 -6 -7
leaf_value=0.0020192309067799496 -0.0075892853617135969 0.0030670927688717462 0.0048148148865611471 -0.0050624997029080987 -0.00026733481209280098 0.004791666738068065
leaf_weight=51 55 312 26 79 1196 23
leaf_count=51 55 312 26 79 1196 23
internal_value=9.17959e-05 0.00168444 -0.0010828 -0.00229008 -0.000494117 -0.00392405
internal_weight=1742 468 156 130 1274 78
internal_count=1742 468 156 130 1274 78
is_linear=0
shrinkage=0.05


Tree=47
num_leaves=7
num_cat=0
split_feature=2 2 2 1 2 2
split_gain=1.0822 0.948788 0.833003 1.45321 0.752929 0.383647
threshold=10539.500000000002 4552.5000000000009 17370.500000000004 0.81592500000000012 28700.000000000004 790013.00000000012
decision_type=2 2 2 2 2 2
left_child=1 -1 3 -2 -4 -6
right_child=2 -3 4 -5 5 -7
leaf_value=-0.0026415091921698376 -0.005026315491842597 0.0049726776697270863 0.0033757962879671418 0.004891304420712202 -0.00057636867711225695 0.0030379747995470142
leaf_weight=52 189 182 156 45 1040 78
leaf_count=52 189 182 156 45 1040 78
internal_value=0.000120482 0.0032766 -0.000371106 -0.00310638 0.000133334 -0.000321716
internal_weight=1742 234 1508 234 1274 1118
internal_count=1742 234 1508 234 1274 1118
is_linear=0
shrinkage=0.05


Tree=48
num_leaves=7
num_cat=0
split_feature=2 0 2 2 2 2
split_gain=0.571413 0.503533 0.481343 0.577727 0.460386 0.536539
threshold=1148581.0000000002 0.43805000000000005 25864.000000000004 13475.500000000002 220356.50000000003 442826.00000000006
decision_type=2 2 2 2 2 2
left_child=1 2 3 -1 -4 -6
right_child=-2 -3 4 -5 5 -7
leaf_value=0.00083094572589698015 -0.0062962959761972779 0.0049367089343221888 -0.00043137235335664816 0.0042171718082343696 0.0033175356562527439 -0.00087499979572991545
leaf_weight=348 26 78 764 197 210 119
leaf_count=348 26 78 764 197 210 119
internal_value=0.000923695 0.00103669 0.000848078 0.00206044 0.000242231 0.00180303
internal_weight=1742 1716 1638 545 1093 329
internal_count=1742 1716 1638 545 1093 329
is_linear=0
shrinkage=0.05


Tree=49
num_leaves=7
num_cat=0
split_feature=2 2 2 2 2 2
split_gain=0.695459 1.12659 0.406089 0.412838 0.376562 1.0417
threshold=8945.0000000000018 6820.0000000000009 790013.00000000012 12378.000000000002 5501.0000000000009 4552.5000000000009
decision_type=2 2 2 2 2 2
left_child=1 4 3 -2 5 -1
right_child=2 -3 -4 -5 -6 -7
leaf_value=0.0020754718344728903 0.0024203822965834553 -0.0092452826294696557 0.0036708861778054058 -0.00028824814445912528 0.0048148148865611471 -0.0099999995971167543
leaf_weight=52 156 52 78 1352 26 26
leaf_count=52 156 52 78 1352 26 26
internal_value=-0.000137693 -0.0033121 0.000176434 -6.62672e-06 -0.000285714 -0.00202532
internal_weight=1742 156 1586 1508 104 78
internal_count=1742 156 1586 1508 104 78
is_linear=0
shrinkage=0.05


Tree=50
num_leaves=7
num_cat=0
split_feature=2 2 0 2 1 3
split_gain=1.95867 2.19238 2.13769 1.32795 2.73729 1.02502
threshold=11926.000000000002 790013.00000000012 0.15002500000000002 8945.0000000000018 0.21569500000000003 1.0000000180025095e-35
decision_type=2 2 2 2 2 2
left_child=2 -2 3 4 -1 -5
right_child=1 -3 -4 5 -6 -7
leaf_value=-0.016129031717296568 0.00021029749832523312 -0.0083544300091040295 0.0048958334062869351 -0.0078488368497684948 0.00090909107315419917 -0.019259258649415439
leaf_weight=30 1378 78 47 85 98 26
leaf_count=30 1378 78 47 85 98 26
internal_value=-0.000998279 -0.000253946 -0.00477352 -0.0066875 -0.00317829 -0.0106696
internal_weight=1742 1456 286 239 128 111
internal_count=1742 1456 286 239 128 111
is_linear=0
shrinkage=0.05


Tree=51
num_leaves=7
num_cat=0
split_feature=2 2 2 2 0 2
split_gain=0.748235 1.40528 0.451209 0.434857 0.381219 0.424097
threshold=4552.5000000000009 10539.500000000002 4459.5000000000009 790013.00000000012 0.48959000000000003 312300.00000000006
decision_type=2 2 2 2 2 2
left_child=2 -2 -1 4 5 -3
right_child=1 3 -4 -5 -6 -7
leaf_value=-0.00074074054481806581 0.0046994536321182728 2.8973695396488868e-05 -0.0099999995971167543 0.0036708861778054058 0.003981481575303608 -0.0026315787033727995
leaf_weight=26 182 1207 26 78 53 170
leaf_count=26 182 1207 26 78 53 170
internal_value=0.000378658 0.000561798 -0.0054717 5.96423e-05 -0.000139762 -0.000301161
internal_weight=1742 1690 52 1508 1430 1377
internal_count=1742 1690 52 1508 1430 1377
is_linear=0
shrinkage=0.05


Tree=52
num_leaves=7
num_cat=0
split_feature=2 2 2 0 2 0
split_gain=0.435272 0.557491 1.14463 1.90091 0.498903 0.43858
threshold=12378.000000000002 381882.50000000006 326041.50000000006 0.059385 28700.000000000004 0.28910500000000006
decision_type=2 2 2 2 2 2
left_child=-1 2 4 -4 5 -2
right_child=1 -3 3 -5 -6 -7
leaf_value=0.0022683707419961408 -0.0021107264108001979 0.0027868853688565762 -0.019047618444476808 0.00030303047687718366 0.00075706231602504432 0.0048000000715255741
leaf_weight=312 288 182 20 32 884 24
leaf_count=312 288 182 20 32 884 24
internal_value=0.000579461 0.000209644 -0.000168134 -0.00735849 0.000150376 -0.00156549
internal_weight=1742 1430 1248 52 1196 312
internal_count=1742 1430 1248 52 1196 312
is_linear=0
shrinkage=0.05


Tree=53
num_leaves=7
num_cat=0
split_feature=2 2 2 2 2 1
split_gain=0.330527 0.788234 0.435625 1.71775 0.512498 0.509853
threshold=284077.50000000006 272834.00000000006 92799.500000000015 103148.50000000001 220356.50000000003 0.93146000000000007
decision_type=2 2 2 2 2 2
left_child=1 2 5 -4 -5 -1
right_child=-2 -3 3 4 -6 -7
leaf_value=0.00069295118608497526 0.0021086263366210194 -0.008148147786657017 -0.0092452826294696557 -0.00035616418984654833 0.0049056604504585273 0.0044554456293877994
leaf_weight=836 312 26 52 364 52 100
leaf_count=836 312 26 52 364 52 100
internal_value=0.000636833 0.000314466 0.000476869 -0.00076759 0.000311751 0.00109925
internal_weight=1742 1430 1404 468 416 936
internal_count=1742 1430 1404 468 416 936
is_linear=0
shrinkage=0.05


Tree=54
num_leaves=7
num_cat=0
split_feature=2 2 0 2 2 2
split_gain=2.41072 0.720283 0.368491 0.348196 0.302036 0.262662
threshold=790013.00000000012 4459.5000000000009 0.48959000000000003 975148.50000000012 442826.00000000006 326041.50000000006
decision_type=2 2 2 2 2 2
left_child=1 -1 4 -2 5 -3
right_child=3 2 -4 -5 -6 -7
leaf_value=-0.008148147786657017 -0.013703703218036229 -5.5748941539056622e-05 0.0040350878121037234 -0.00641509401348402 -0.0031756754209463661 0.0029605264334302203
leaf_weight=26 26 1434 56 52 73 75
leaf_count=26 26 1434 56 52 73 75
internal_value=-0.000453241 -4.80479e-05 8.54181e-05 -0.00898734 -5.68539e-05 9.60267e-05
internal_weight=1742 1664 1638 78 1582 1509
internal_count=1742 1664 1638 78 1582 1509
is_linear=0
shrinkage=0.05


Tree=55
num_leaves=7
num_cat=0
split_feature=2 2 2 0 2 2
split_gain=0.441019 0.487551 0.439619 0.289251 0.251115 0.721466
threshold=381882.50000000006 4552.5000000000009 5501.0000000000009 0.60297000000000012 6820.0000000000009 8085.5000000000009
decision_type=2 2 2 2 2 2
left_child=1 -1 -3 4 -4 -6
right_child=-2 2 3 -5 5 -7
leaf_value=0.0049056604504585273 0.0027868853688565762 -0.0062962959761972779 0.0048148148865611471 0.0048437500721775001 -0.008148147786657017 0.00010357161238789559
leaf_weight=52 182 26 26 31 26 1399
leaf_count=52 182 26 26 31 26 1399
internal_value=0.000464716 0.000192185 2.65078e-05 0.000141605 3.7879e-05 -5.25945e-05
internal_weight=1742 1560 1508 1482 1451 1425
internal_count=1742 1560 1508 1482 1451 1425
is_linear=0
shrinkage=0.05


Tree=56
num_leaves=7
num_cat=0
split_feature=0 2 2 2 2 1
split_gain=0.369618 0.280006 0.306426 0.477078 0.616586 1.08565
threshold=0.48959000000000003 790013.00000000012 188874.50000000003 85316.500000000015 76340.500000000015 0.7946850000000002
decision_type=2 2 2 2 2 2
left_child=1 2 3 4 5 -1
right_child=-2 -3 -4 -5 -6 -7
leaf_value=-0.00069701260069695171 0.0040677967023546409 0.0029870131040935395 -0.0012189614121921983 0.0021250001381018335 -0.0054716978081554742 0.0040677967023546409
leaf_weight=702 58 76 442 279 52 133
leaf_count=702 58 76 442 279 52 133
internal_value=0.000177854 4.15432e-05 -9.94405e-05 0.000325621 -0.000242117 8.97131e-05
internal_weight=1742 1684 1608 1166 887 835
internal_count=1742 1684 1608 1166 887 835
is_linear=0
shrinkage=0.05


Tree=57
num_leaves=7
num_cat=0
split_feature=2 2 0 2 2 3
split_gain=1.14669 0.707385 0.314524 0.351123 0.401489 0.390978
threshold=17370.500000000004 17951.000000000004 0.60297000000000012 106179.50000000001 60417.000000000007 1.0000000180025095e-35
decision_type=2 2 2 2 2 2
left_child=-1 -2 3 4 5 -3
right_child=1 2 -4 -5 -6 -7
leaf_value=0.0027505331734286702 -0.008148147786657017 0.00079295170957033854 0.0048484849207329032 -0.00082269483107201601 0.0025837321850386533 -0.0032911389830368983
leaf_weight=468 26 226 32 704 208 78
leaf_count=468 26 226 32 704 208 78
internal_value=0.000636833 -0.000141176 3.20258e-05 -9.86029e-05 0.000896686 -0.000262295
internal_weight=1742 1274 1248 1216 512 304
internal_count=1742 1274 1248 1216 512 304
is_linear=0
shrinkage=0.05


Tree=58
num_leaves=7
num_cat=0
split_feature=2 2 2 2 2 2
split_gain=1.81359 2.9025 1.06054 0.451209 0.343581 0.404305
threshold=9568.5000000000018 8085.5000000000009 4552.5000000000009 4459.5000000000009 975148.50000000012 284077.50000000006
decision_type=2 2 2 2 2 2
left_child=1 2 3 -1 5 -2
right_child=4 -3 -4 -5 -6 -7
leaf_value=-0.00074074054481806581 0.00013082602129105359 -0.012151898278654377 0.0036708861778054058 -0.0099999995971167543 -0.0035849053974983829 0.002298850708880187
leaf_weight=26 1222 78 78 26 52 260
leaf_count=26 1222 78 78 26 52 260
internal_value=-0.000223752 -0.0045933 1.84843e-10 -0.0054717 0.000371336 0.000512475
internal_weight=1742 208 130 52 1534 1482
internal_count=1742 208 130 52 1534 1482
is_linear=0
shrinkage=0.05


Tree=59
num_leaves=7
num_cat=0
split_feature=2 1 2 2 0 3
split_gain=1.40929 3.22522 0.799591 0.419049 0.369955 0.348276
threshold=6820.0000000000009 0.24482500000000004 10539.500000000002 790013.00000000012 0.60297000000000012 1.0000000180025095e-35
decision_type=2 2 2 2 2 2
left_child=1 -1 -2 4 -4 -3
right_child=2 5 3 -5 -6 -7
leaf_value=-0.021199999347329142 0.0041984733734422054 -0.0025833330924312278 -0.00020071665526077314 0.0036708861778054058 0.004864864937357001 0.0047727273438464514
leaf_weight=24 130 59 1394 78 36 21
leaf_count=24 130 59 1394 78 36 21
internal_value=9.17959e-05 -0.00552381 0.000451495 0.000125911 -6.9881e-05 -0.000617284
internal_weight=1742 104 1638 1508 1430 80
internal_count=1742 104 1638 1508 1430 80
is_linear=0
shrinkage=0.05


Tree=60
num_leaves=7
num_cat=0
split_feature=0 2 2 2 2 2
split_gain=0.358792 0.400983 0.306518 1.58633 0.593632 0.436231
threshold=0.48959000000000003 442826.00000000006 6820.0000000000009 8085.5000000000009 10539.500000000002 17370.500000000004
decision_type=2 2 2 2 2 2
left_child=1 2 -1 -4 -5 -6
right_child=-2 -3 3 4 5 -7
leaf_value=0.0029901961960336742 0.0040677967023546409 -0.002366666428744793 -0.01185185140757649 0.0040000000950835999 -0.0019111108829577763 0.00050878833383183916
leaf_weight=101 58 149 26 104 224 1080
leaf_count=101 58 149 26 104 224 1080
internal_value=0.000235227 0.00010089 0.000341797 0.00015331 0.000383251 9.19542e-05
internal_weight=1742 1684 1535 1434 1408 1304
internal_count=1742 1684 1535 1434 1408 1304
is_linear=0
shrinkage=0.05


Tree=61
num_leaves=7
num_cat=0
split_feature=2 2 2 2 1 2
split_gain=0.393108 0.417203 1.39036 1.74588 0.607731 0.622646
threshold=381882.50000000006 76340.500000000015 92799.500000000015 85316.500000000015 0.80744500000000008 55628.500000000007
decision_type=2 2 2 2 2 2
left_child=1 4 3 -3 5 -1
right_child=-2 2 -4 -5 -6 -7
leaf_value=-0.00031201228755126694 0.0025136613312477622 -0.0016981129868412919 -4.7999812960624694e-05 -0.017407406838955704 0.0036601308221910519 0.0036601308221910519
leaf_weight=640 182 52 624 26 152 66
leaf_count=640 182 52 624 26 152 66
internal_value=0.000321285 6.40617e-05 -0.00083926 -0.00708861 0.00080326 0.000183876
internal_weight=1742 1560 702 78 858 706
internal_count=1742 1560 702 78 858 706
is_linear=0
shrinkage=0.05


Tree=62
num_leaves=7
num_cat=0
split_feature=2 0 0 2 2 2
split_gain=0.374837 0.470813 0.25214 0.211183 0.20611 0.338782
threshold=442826.00000000006 0.17806500000000003 0.60297000000000012 381882.50000000006 975148.50000000012 790013.00000000012
decision_type=2 2 2 2 2 2
left_child=2 4 3 -1 5 -2
right_child=1 -3 -4 -5 -6 -7
leaf_value=0.00035317218609695112 -0.0036428568778293473 0.0047727273438464514 0.0048484849207329032 0.0048148148865611471 -0.0060975606575971696 0.0029629630761014089
leaf_weight=1528 69 21 32 26 40 26
leaf_count=1528 69 21 32 26 40 26
internal_value=0.000292599 -0.00203822 0.000523 0.000430868 -0.003125 -0.00182292
internal_weight=1742 156 1586 1554 135 95
internal_count=1742 156 1586 1554 135 95
is_linear=0
shrinkage=0.05


Tree=63
num_leaves=7
num_cat=0
split_feature=2 2 0 2 2 1
split_gain=0.481757 0.53408 0.405519 0.239225 1.32505 0.958482
threshold=5501.0000000000009 9208.5000000000018 0.48959000000000003 584181.50000000012 975148.50000000012 0.32598000000000005
decision_type=2 2 2 2 2 2
left_child=-1 -2 3 -3 5 -5
right_child=1 2 -4 4 -6 -7
leaf_value=-0.0039240503612952898 0.0035238096295368104 -0.00014904168420560486 0.0040178572359894004 -0.016666666116742862 0.0029411765874600877 -0.0023214283399283888
leaf_weight=78 104 1408 55 20 50 27
leaf_count=78 104 1408 55 20 50 27
internal_value=-0.000109007 7.20723e-05 -0.000160154 -0.000315405 -0.00270408 -0.00864583
internal_weight=1742 1664 1560 1505 97 47
internal_count=1742 1664 1560 1505 97 47
is_linear=0
shrinkage=0.05


Tree=64
num_leaves=7
num_cat=0
split_feature=2 2 2 0 2 2
split_gain=0.546232 3.54392 0.387725 0.334087 0.242018 0.189376
threshold=8085.5000000000009 9208.5000000000018 326041.50000000006 0.60297000000000012 312300.00000000006 4459.5000000000009
decision_type=2 2 2 2 2 2
left_child=5 -2 3 4 -3 -1
right_child=1 2 -4 -5 -6 -7
leaf_value=-0.00074074054481806581 -0.013018867450783839 -0.00023191804769185357 0.0020000001407684165 0.0048437500721775001 -0.0051999997049570089 0.0040000000950835999
leaf_weight=26 52 1271 234 31 24 104
leaf_count=26 52 1271 234 31 24 104
internal_value=-5.16349e-05 -0.000303782 0.000128123 -0.000203466 -0.000327932 0.00305344
internal_weight=1742 1612 1560 1326 1295 130
internal_count=1742 1612 1560 1326 1295 130
is_linear=0
shrinkage=0.05


Tree=65
num_leaves=7
num_cat=0
split_feature=0 2 2 2 2 2
split_gain=0.282633 0.244568 0.800096 0.488056 0.319137 1.12845
threshold=0.48959000000000003 5501.0000000000009 4459.5000000000009 9208.5000000000018 81611.500000000015 66734.500000000015
decision_type=2 2 2 2 2 2
left_child=1 2 -1 -3 5 -5
right_child=-2 3 -4 4 -6 -7
leaf_value=0.0040677967023546409 0.0040677967023546409 0.0039903847106660794 -0.0058823526270833674 0.00023771808873832511 0.0011104370544221505 -0.0073584902188125649
leaf_weight=26 58 103 50 630 823 52
leaf_count=26 58 103 50 630 823 52
internal_value=0.000665519 0.000545994 -0.00220779 0.00067744 0.000448207 -0.000351391
internal_weight=1742 1684 76 1608 1505 682
internal_count=1742 1684 76 1608 1505 682
is_linear=0
shrinkage=0.05


Tree=66
num_leaves=7
num_cat=0
split_feature=2 2 1 3 2 2
split_gain=0.533521 1.11435 0.8528 0.940074 0.848588 1.0471
threshold=106179.50000000001 60417.000000000007 0.80744500000000008 1.0000000180025095e-35 6820.0000000000009 9568.5000000000018
decision_type=2 2 2 2 2 2
left_child=1 2 3 -1 -5 -6
right_child=-2 -3 -4 4 5 -7
leaf_value=0.00060897453122923516 -0.00076817537981132753 0.0042583732959328661 0.0036054422812802456 0.0036054422812802456 -0.014782608187069064 -0.0032534243998258079
leaf_weight=467 728 208 146 26 22 145
leaf_count=467 728 208 146 26 22 145
internal_value=0.000263913 0.00100493 0.000161091 -0.000605144 -0.00353093 -0.00485119
internal_weight=1742 1014 806 660 193 167
internal_count=1742 1014 806 660 193 167
is_linear=0
shrinkage=0.05


Tree=67
num_leaves=7
num_cat=0
split_feature=2 2 2 3 2 0
split_gain=1.3626 1.31939 1.61337 1.12107 0.549774 0.601427
threshold=76340.500000000015 103148.50000000001 92799.500000000015 1.0000000180025095e-35 19676.000000000004 0.17591000000000004
decision_type=2 2 2 2 2 2
left_child=3 2 -2 4 -1 -6
right_child=1 -3 -4 -5 5 -7
leaf_value=0.0019726028813891214 -0.00075949347000333332 9.2715415733539509e-05 -0.012075471245455292 0.0046341464234976827 -0.0024147724880921573 0.0048529412487850476
leaf_weight=364 78 754 52 286 175 33
leaf_count=364 78 754 52 286 175 33
internal_value=0.000665519 -0.000711864 -0.00534351 0.00208382 0.000802792 -0.00124402
internal_weight=1742 884 130 858 572 208
internal_count=1742 884 130 858 572 208
is_linear=0
shrinkage=0.05


Tree=68
num_leaves=7
num_cat=0
split_feature=2 2 2 2 2 2
split_gain=1.6572 1.33385 1.98719 1.8111 0.779505 3.27537
threshold=4552.5000000000009 9208.5000000000018 10539.500000000002 9568.5000000000018 19676.000000000004 17951.000000000004
decision_type=2 2 2 2 2 2
left_child=-1 -2 3 -3 5 -4
right_child=1 2 4 -5 -6 -7
leaf_value=-0.0092452826294696557 0.0045801527542239841 -0.00074074054481806581 -0.0009578541991696961 -0.019259258649415439 0.0002125921682778286 -0.019259258649415439
leaf_weight=52 130 26 260 26 1222 26
leaf_count=52 130 26 260 26 1222 26
internal_value=-0.0005393 -0.000266115 -0.000672646 -0.0101887 -0.000337972 -0.00268293
internal_weight=1742 1690 1560 52 1508 286
internal_count=1742 1690 1560 52 1508 286
is_linear=0
shrinkage=0.05


Tree=69
num_leaves=7
num_cat=0
split_feature=2 2 1 0 3 2
split_gain=0.943369 4.15028 2.26444 0.40451 0.475331 0.384459
threshold=6820.0000000000009 4552.5000000000009 0.65534500000000018 0.48959000000000003 1.0000000180025095e-35 11926.000000000002
decision_type=2 2 2 2 2 2
left_child=1 -1 -3 4 -2 -6
right_child=3 2 -4 -5 5 -7
leaf_value=0.0049056604504585273 0.0006275581528837977 -0.023281249299179765 -0.0020454543219371279 0.0040178572359894004 0.0030188680398014357 -0.0013812497830949725
leaf_weight=52 732 31 21 55 52 799
leaf_count=52 732 31 21 55 52 799
internal_value=-0.000453241 -0.00504762 -0.0149057 -0.000158633 -0.000306187 -0.00110915
internal_weight=1742 104 52 1638 1583 851
internal_count=1742 104 52 1638 1583 851
is_linear=0
shrinkage=0.05


Tree=70
num_leaves=7
num_cat=0
split_feature=2 2 2 2 2 0
split_gain=0.66028 2.33827 1.04673 0.315249 1.21271 0.697141
threshold=9568.5000000000018 8085.5000000000009 9208.5000000000018 85316.500000000015 66734.500000000015 0.020575000000000006
decision_type=2 2 2 2 2 2
left_child=1 -1 -3 4 -2 -6
right_child=3 2 -4 -5 5 -7
leaf_value=0.0019083970887515383 0.00075200016915798196 -0.013018867450783839 -0.00074074054481806581 0.0014525811859861571 -0.011833332888782026 -0.0020999997705221179
leaf_weight=130 624 52 26 832 29 49
leaf_count=130 624 52 26 832 29 49
internal_value=0.00043603 -0.00220096 -0.00898734 0.000794788 1.42249e-05 -0.00582278
internal_weight=1742 208 78 1534 702 78
internal_count=1742 208 78 1534 702 78
is_linear=0
shrinkage=0.05


Tree=71
num_leaves=7
num_cat=0
split_feature=2 2 1 2 2 2
split_gain=0.808527 1.18785 0.868287 0.762985 1.02744 0.609626
threshold=106179.50000000001 60417.000000000007 0.80744500000000008 188874.50000000003 155542.00000000003 130562.00000000001
decision_type=2 2 2 2 2 2
left_child=1 2 -1 4 5 -2
right_child=3 -3 -4 -5 -6 -7
leaf_value=-0.00098335833969256893 -0.0036190473536650346 0.0040191388515194073 0.0032653062344611093 -0.00058500894176785644 -0.010188678834798202 0.0048148148865611471
leaf_weight=660 104 208 146 546 52 26
leaf_count=660 104 208 146 546 52 26
internal_value=-0.000252438 0.000660099 -0.000210657 -0.00152263 -0.00431694 -0.0019084
internal_weight=1742 1014 806 728 182 130
internal_count=1742 1014 806 728 182 130
is_linear=0
shrinkage=0.05


Tree=72
num_leaves=7
num_cat=0
split_feature=0 2 2 2 2 1
split_gain=0.424318 0.174495 0.543162 0.32388 2.8649 3.15413
threshold=0.43805000000000005 272834.00000000006 209711.50000000003 109786.50000000001 103148.50000000001 0.53292000000000017
decision_type=2 2 2 2 2 2
left_child=1 2 3 4 -1 -6
right_child=-2 -3 -4 -5 5 -7
leaf_value=0.00081066962401674884 0.0043037975560637964 0.0016185898930789568 -0.0032989688140829818 0.0021912351963054612 -0.026190475427678658 -0.0012121210044080562
leaf_weight=955 78 311 96 250 20 32
leaf_count=955 78 311 96 250 20 32
internal_value=0.000722892 0.000552553 0.000306499 0.000584261 0.000183532 -0.0111321
internal_weight=1742 1664 1353 1257 1007 52
internal_count=1742 1664 1353 1257 1007 52
is_linear=0
shrinkage=0.05


Tree=73
num_leaves=7
num_cat=0
split_feature=0 2 2 2 2 2
split_gain=0.437891 0.36607 0.356908 3.54385 0.612224 0.50838
threshold=0.48959000000000003 10539.500000000002 66734.500000000015 60417.000000000007 299770.50000000006 326041.50000000006
decision_type=2 2 2 2 2 2
left_child=1 -1 3 -3 -4 -6
right_child=-2 2 4 -5 5 -7
leaf_value=0.0015301725650527355 0.0040677967023546409 -0.00070524392127451808 0.0009001638319605502 -0.019259258649415439 -0.0070238091849855015 -0.0010222220139371025
leaf_weight=231 58 552 610 26 41 224
leaf_count=231 58 552 610 26 41 224
internal_value=-0.00016638 -0.00031454 -0.000608666 -0.00157168 2.8539e-05 -0.00197368
internal_weight=1742 1684 1453 578 875 265
internal_count=1742 1684 1453 578 875 265
is_linear=0
shrinkage=0.05


Tree=74
num_leaves=7
num_cat=0
split_feature=2 2 2 2 2 0
split_gain=0.432672 1.14642 0.461703 1.13445 0.395099 0.470813
threshold=8085.5000000000009 6820.0000000000009 9208.5000000000018 9568.5000000000018 442826.00000000006 0.17806500000000003
decision_type=2 2 2 2 2 2
left_child=1 -1 -2 -4 -5 -6
right_child=2 -3 3 4 5 -7
leaf_value=-0.00028571409483750662 0.0049056604504585273 -0.01185185140757649 -0.0099999995971167543 0.0006091372283517321 -0.0031249997452558842 0.0047727273438464514
leaf_weight=104 52 26 26 1378 135 21
leaf_count=104 52 26 26 1378 135 21
internal_value=9.17959e-05 -0.00267176 0.000316181 0.000160154 0.000338762 -0.00203822
internal_weight=1742 130 1612 1560 1534 156
internal_count=1742 130 1612 1560 1534 156
is_linear=0
shrinkage=0.05


Tree=75
num_leaves=7
num_cat=0
split_feature=2 2 2 0 2 2
split_gain=0.588278 0.964444 2.30775 1.90816 0.481245 1.02539
threshold=284077.50000000006 188874.50000000003 199147.00000000003 0.026395000000000005 10539.500000000002 5501.0000000000009
decision_type=2 2 2 2 2 2
left_child=1 4 3 -3 5 -1
right_child=-2 2 -4 -5 -6 -7
leaf_value=-0.0020253162265201157 0.0024281151473712617 -0.023809523099944704 -0.00021857904484037495 -0.0042424239669785358 0.00011422655942655428 0.0049681529402732854
leaf_weight=78 312 20 182 32 962 156
leaf_count=78 312 20 182 32 962 156
internal_value=0.000464716 3.49408e-05 -0.00289362 -0.0120755 0.000609858 0.0026383
internal_weight=1742 1430 234 52 1196 234
internal_count=1742 1430 234 52 1196 234
is_linear=0
shrinkage=0.05


Tree=76
num_leaves=7
num_cat=0
split_feature=0 2 2 2 2 2
split_gain=0.278343 0.278594 0.34718 0.42321 0.618962 0.765278
threshold=0.60297000000000012 10539.500000000002 85316.500000000015 106179.50000000001 130562.00000000001 113856.50000000001
decision_type=2 2 2 2 2 2
left_child=1 -1 -3 -4 5 -5
right_child=-2 2 3 4 -6 -7
leaf_value=0.0022008548371302778 0.0048717949443902731 -0.00050451787502830286 0.0040000000950835999 0.0011320756291443447 0.001196369796179899 -0.0076041663143162925
leaf_weight=233 38 663 104 52 605 47
leaf_count=233 38 663 104 52 605 47
internal_value=0.000694206 0.000598241 0.000343071 0.00103832 0.000595745 -0.00305
internal_weight=1742 1704 1471 808 704 99
internal_count=1742 1704 1471 808 704 99
is_linear=0
shrinkage=0.05


Tree=77
num_leaves=7
num_cat=0
split_feature=2 2 3 2 0 2
split_gain=0.915628 2.55255 0.460989 0.921594 0.654972 0.55963
threshold=9208.5000000000018 8085.5000000000009 1.0000000180025095e-35 349638.00000000006 0.29842500000000005 312300.00000000006
decision_type=2 2 2 2 2 2
left_child=1 -1 5 -4 -5 -2
right_child=2 -3 3 4 -6 -7
leaf_value=1.848426483969652e-10 -0.001382488262383253 -0.013018867450783839 0.0015952734147340192 -0.0036305729821798911 0.0048148148865611471 0.0039622642451299815
leaf_weight=130 650 52 676 156 26 52
leaf_count=130 650 52 676 156 26 52
internal_value=-0.000424555 -0.00377049 -3.20306e-05 0.000745053 -0.00240437 -0.000981508
internal_weight=1742 182 1560 858 182 702
internal_count=1742 182 1560 858 182 702
is_linear=0
shrinkage=0.05


Tree=78
num_leaves=7
num_cat=0
split_feature=2 2 2 3 2 2
split_gain=0.760532 5.29456 1.98915 0.591054 0.518962 0.705049
threshold=52166.000000000007 103148.50000000001 85316.500000000015 1.0000000180025095e-35 60417.000000000007 66734.500000000015
decision_type=2 2 2 2 2 2
left_child=-1 2 4 -3 -2 -6
right_child=1 3 -4 -5 5 -7
leaf_value=0.0010860928769735312 -0.0083018864241411108 -0.0012440189255766892 -0.014050632413429551 0.0018829983156821409 0.0048148148865611471 -0.0045569617395536813
leaf_weight=754 52 208 78 546 26 78
leaf_count=754 52 208 78 546 26 78
internal_value=-0.000109007 -0.00102123 -0.00757447 0.00101987 -0.00426752 -0.00219048
internal_weight=1742 988 234 754 156 104
internal_count=1742 988 234 754 156 104
is_linear=0
shrinkage=0.05


Tree=79
num_leaves=7
num_cat=0
split_feature=2 2 2 0 0 2
split_gain=2.09792 0.411395 1.12267 1.1771 0.492799 0.502418
threshold=4552.5000000000009 244286.50000000003 284077.50000000006 0.18219500000000002 0.28423000000000004 381882.50000000006
decision_type=2 2 2 2 2 2
left_child=-1 -2 3 -3 5 -4
right_child=1 2 4 -5 -6 -7
leaf_value=-0.0092452826294696557 0.0012660137222575891 -0.014137930538633776 -0.0032142854580769738 0.00080000016093254099 0.0049056604504585273 0.0013109757655822649
leaf_weight=52 1326 28 97 24 52 163
leaf_count=52 1326 28 97 24 52 163
internal_value=0.000550775 0.000857481 -0.000630137 -0.00735849 0.000511182 -0.000383142
internal_weight=1742 1690 364 52 312 260
internal_count=1742 1690 364 52 312 260
is_linear=0
shrinkage=0.05


Tree=80
num_leaves=7
num_cat=0
split_feature=2 2 1 2 2 0
split_gain=0.569009 3.31685 2.40627 0.866683 0.821589 0.602106
threshold=106179.50000000001 113856.50000000001 0.53292000000000017 37288.000000000007 10539.500000000002 0.31832000000000005
decision_type=2 2 2 2 2 2
left_child=3 2 -2 4 -1 -6
right_child=1 -3 -4 -5 5 -7
leaf_value=0.0022127660934595354 -0.026190475427678658 -2.954191083922168e-05 -0.0042424239669785358 0.002920354102740949 -0.0019804398677241253 0.0048571429295199264
leaf_weight=234 20 676 32 338 408 34
leaf_count=234 20 676 32 338 408 34
internal_value=9.17959e-05 -0.000973937 -0.0130189 0.000857143 -0.000177252 -0.0014447
internal_weight=1742 728 52 1014 676 442
internal_count=1742 728 52 1014 676 442
is_linear=0
shrinkage=0.05


Tree=81
num_leaves=7
num_cat=0
split_feature=2 2 3 2 3 2
split_gain=0.806226 3.85124 0.960939 0.826746 0.825757 1.49495
threshold=11576.500000000002 9208.5000000000018 1.0000000180025095e-35 349638.00000000006 1.0000000180025095e-35 6820.0000000000009
decision_type=2 2 2 2 2 2
left_child=1 4 -3 -2 -1 -6
right_child=3 2 -4 -5 5 -7
leaf_value=0.003816793992660428 0.0011921570222167407 -0.0073584902188125649 -0.019259258649415439 -0.0022009567032305246 0.0048148148865611471 -0.01185185140757649
leaf_weight=130 1274 52 26 208 26 26
leaf_count=130 1274 52 26 208 26 26
internal_value=0.000263913 -0.00229885 -0.011519 0.000714768 0.00169399 -0.00358491
internal_weight=1742 260 78 1482 182 52
internal_count=1742 260 78 1482 182 52
is_linear=0
shrinkage=0.05


Tree=82
num_leaves=7
num_cat=0
split_feature=2 2 2 2 2 0
split_gain=0.859082 1.15945 0.972776 0.239797 0.214157 0.59885
threshold=220356.50000000003 11926.000000000002 5501.0000000000009 349638.00000000006 22520.500000000004 0.26435500000000006
decision_type=2 2 2 2 2 2
left_child=1 2 -1 -2 5 -3
right_child=3 4 -4 -5 -6 -7
leaf_value=-0.0020253162265201157 0.0038797815192918306 -0.0029273501764505339 0.0044976077403463249 0.0013875599629713589 -0.00045848803172324231 0.0048214286432734562
leaf_weight=78 182 233 208 208 806 27
leaf_count=78 182 233 208 208 806 27
internal_value=0.000493402 -0.000103474 0.00271777 0.00255754 -0.00086223 -0.00210728
internal_weight=1742 1352 286 390 1066 260
internal_count=1742 1352 286 390 1066 260
is_linear=0
shrinkage=0.05


Tree=83
num_leaves=7
num_cat=0
split_feature=2 3 2 1 0 2
split_gain=2.54101 2.73967 2.65425 1.75717 0.233206 0.239998
threshold=9208.5000000000018 1.0000000180025095e-35 5501.0000000000009 0.60659000000000007 0.66888500000000006 55628.500000000007
decision_type=2 2 2 2 2 2
left_child=1 2 -1 -4 5 -2
right_child=4 -3 3 -5 -6 -7
leaf_value=-0.00075471678151274634 0.0012500001580080613 0.0039622642451299815 -0.01966101632658708 -0.0023809521503391721 0.0048387097495217477 -3.7076084290520617e-05
leaf_weight=52 587 52 58 20 30 943
leaf_count=52 587 52 58 20 30 943
internal_value=-0.000109007 -0.00568306 -0.00954198 -0.0153165 0.000544523 0.000457218
internal_weight=1742 182 130 78 1560 1530
internal_count=1742 182 130 78 1560 1530
is_linear=0
shrinkage=0.05


Tree=84
num_leaves=7
num_cat=0
split_feature=2 2 0 2 2 2
split_gain=0.676743 0.451209 0.264096 0.262579 0.600581 0.202807
threshold=4552.5000000000009 4459.5000000000009 0.66888500000000006 10539.500000000002 12378.000000000002 25864.000000000004
decision_type=2 2 2 2 2 2
left_child=1 -1 3 -2 -5 -6
right_child=2 -3 -4 4 5 -7
leaf_value=-0.00074074054481806581 0.0019672132560301348 -0.0099999995971167543 0.0048387097495217477 -0.0043999997178713482 0.0014648439027951099 -9.1304159682729975e-05
leaf_weight=26 182 26 30 74 255 1149
leaf_count=26 182 26 30 74 255 1149
internal_value=9.17959e-05 -0.0054717 0.000266115 0.000180614 -4.05678e-05 0.000192171
internal_weight=1742 52 1690 1660 1478 1404
internal_count=1742 52 1690 1660 1478 1404
is_linear=0
shrinkage=0.05


Tree=85
num_leaves=7
num_cat=0
split_feature=2 2 0 2 2 2
split_gain=0.526412 0.706299 0.29525 0.235621 0.743667 1.0417
threshold=6820.0000000000009 8085.5000000000009 0.66888500000000006 12378.000000000002 9568.5000000000018 9208.5000000000018
decision_type=2 2 2 2 2 2
left_child=-1 -2 3 4 5 -3
right_child=1 2 -4 -5 -6 -7
leaf_value=0.0035238096295368104 -0.008148147786657017 0.0020754718344728903 0.0048387097495217477 -0.00030604962909136805 0.0044554456293877994 -0.0099999995971167543
leaf_weight=104 26 52 30 1404 100 26
leaf_count=104 26 52 30 1404 100 26
internal_value=9.17959e-05 -0.000128127 6.19981e-06 -8.84395e-05 0.00162011 -0.00202532
internal_weight=1742 1638 1612 1582 178 78
internal_count=1742 1638 1612 1582 178 78
is_linear=0
shrinkage=0.05


Tree=86
num_leaves=7
num_cat=0
split_feature=2 2 1 2 2 2
split_gain=0.810055 0.628551 0.954993 0.324287 0.727341 0.240397
threshold=10539.500000000002 17370.500000000004 0.81592500000000012 19676.000000000004 22520.500000000004 25864.000000000004
decision_type=2 2 2 2 2 2
left_child=-1 2 -2 -3 -5 -6
right_child=1 3 -4 4 5 -7
leaf_value=0.0028510639515328916 -0.0042368418252781825 0.0039622642451299815 0.0038043479232684426 -0.008148147786657017 0.0048148148865611471 4.2698733400423037e-05
leaf_weight=234 189 52 45 26 26 1170
leaf_count=234 189 52 45 26 26 1170
internal_value=0.000120482 -0.000304837 -0.00268085 0.000133334 -3.27063e-05 0.000150376
internal_weight=1742 1508 234 1274 1222 1196
internal_count=1742 1508 234 1274 1222 1196
is_linear=0
shrinkage=0.05


Tree=87
num_leaves=7
num_cat=0
split_feature=2 2 2 2 2 2
split_gain=0.862985 0.985925 0.299103 0.571269 0.461686 0.452363
threshold=4459.5000000000009 25864.000000000004 85316.500000000015 106179.50000000001 66734.500000000015 109786.50000000001
decision_type=2 2 2 2 2 2
left_child=-1 -2 4 -4 -3 -5
right_child=1 2 3 5 -6 -7
leaf_value=-0.008148147786657017 0.0026142597252969552 -0.00019157069139325302 0.0040000000950835999 -0.0062962959761972779 -0.0045569617395536813 0.000298719951726634
leaf_weight=26 546 260 104 26 78 702
leaf_count=26 546 260 104 26 78 702
internal_value=0.000722892 0.000861969 4.26987e-05 0.000552221 -0.00120944 5.48699e-05
internal_weight=1742 1716 1170 832 338 728
internal_count=1742 1716 1170 832 338 728
is_linear=0
shrinkage=0.05


Tree=88
num_leaves=7
num_cat=0
split_feature=2 2 0 2 2 2
split_gain=0.250993 0.87269 0.606245 0.35441 0.325384 0.198206
threshold=60417.000000000007 113856.50000000001 0.31832000000000005 197890.00000000003 4459.5000000000009 180370.00000000003
decision_type=2 2 2 2 2 2
left_child=2 -2 4 5 -1 -3
right_child=1 3 -4 -5 -6 -7
leaf_value=0.0048148148865611471 0.0034482759705448517 -0.00076190456038429625 0.0049074074805334766 0.00067178519968222295 -0.00077609869774308187 -0.0045283016028269283
leaf_weight=26 260 104 53 520 727 52
leaf_count=26 260 104 53 520 727 52
internal_value=0.00043603 0.00099253 -0.000210657 4.43133e-05 -0.000576923 -0.00203822
internal_weight=1742 936 806 676 753 156
internal_count=1742 936 806 676 753 156
is_linear=0
shrinkage=0.05


Tree=89
num_leaves=7
num_cat=0
split_feature=2 2 0 3 2 2
split_gain=1.41115 1.40239 4.0332 0.619773 0.503042 0.324358
threshold=299770.50000000006 349638.00000000006 0.11927500000000001 1.0000000180025095e-35 6820.0000000000009 209711.50000000003
decision_type=2 2 2 2 2 2
left_child=3 2 -2 5 -5 -1
right_child=1 -3 -4 4 -6 -7
leaf_value=0.00046639249382849751 -0.017934782025606735 -0.00052631559233631245 0.0048529412487850476 -0.0044444441657375405 0.0025345623413080814 -0.0035849053974983829
leaf_weight=728 45 208 33 26 650 52
leaf_count=728 45 208 33 26 650 52
internal_value=0.000522089 -0.00268293 -0.00835443 0.00115305 0.00225997 0.000192062
internal_weight=1742 286 78 1456 676 780
internal_count=1742 286 78 1456 676 780
is_linear=0
shrinkage=0.05


Tree=90
num_leaves=7
num_cat=0
split_feature=2 2 2 1 1 3
split_gain=4.21099 4.40221 3.36466 3.95349 0.970696 1.31667
threshold=130562.00000000001 66734.500000000015 106179.50000000001 0.44990500000000005 0.80744500000000008 1.0000000180025095e-35
decision_type=2 2 2 2 2 2
left_child=1 4 3 -3 5 -1
right_child=-2 2 -4 -5 -6 -7
leaf_value=-0.00056623911771636743 0.0020320001405477526 -0.019068626840324964 -0.0012380950259310861 -0.0042073167951368704 0.0023529413089253548 -0.0053037380138151007
leaf_weight=467 624 101 104 81 152 213
leaf_count=467 624 101 104 81 152 213
internal_value=-0.00125645 -0.00309205 -0.00843206 -0.0125137 -0.0012485 -0.0020558
internal_weight=1742 1118 286 182 832 680
internal_count=1742 1118 286 182 832 680
is_linear=0
shrinkage=0.05


Tree=91
num_leaves=7
num_cat=0
split_feature=2 3 2 2 2 0
split_gain=1.47686 0.704511 0.67692 0.565286 0.592604 0.387804
threshold=113856.50000000001 1.0000000180025095e-35 975148.50000000012 220356.50000000003 349638.00000000006 0.29842500000000005
decision_type=2 2 2 2 2 2
left_child=1 -1 3 -2 -5 -6
right_child=2 -3 -4 4 5 -7
leaf_value=0.00091200016558170324 -0.002160278511743097 0.0035214448023932242 -0.00641509401348402 0.0027868853688565762 -0.0023897056440439299 0.0047727273438464514
leaf_weight=624 286 442 52 182 135 21
leaf_count=624 286 442 52 182 135 21
internal_value=0.000837636 0.00199625 -0.00098966 -0.000528 0.000855457 -0.00140127
internal_weight=1742 1066 676 624 338 156
internal_count=1742 1066 676 624 338 156
is_linear=0
shrinkage=0.05


Tree=92
num_leaves=7
num_cat=0
split_feature=2 2 0 0 2 0
split_gain=0.441691 2.72247 2.50848 0.551988 0.350774 0.463601
threshold=284077.50000000006 220356.50000000003 0.020275000000000005 0.094675000000000023 85316.500000000015 0.35752000000000006
decision_type=2 2 2 2 2 2
left_child=1 4 -3 -4 5 -1
right_child=-2 2 3 -5 -6 -7
leaf_value=-0.00025981505063747424 0.0021086263366210194 -0.023809523099944704 -0.0091999996155500419 0.00057142873959881927 0.0017155757682654445 0.004891304420712202
leaf_weight=865 312 20 24 34 442 45
leaf_count=865 312 20 24 34 442 45
internal_value=0.000407344 3.49408e-05 -0.00898734 -0.00355932 0.000561715 1.8606e-10
internal_weight=1742 1430 78 58 1352 910
internal_count=1742 1430 78 58 1352 910
is_linear=0
shrinkage=0.05


Tree=93
num_leaves=7
num_cat=0
split_feature=2 0 2 2 2 2
split_gain=0.323911 0.328357 0.294873 0.315106 0.601982 0.436151
threshold=9208.5000000000018 0.66888500000000006 11926.000000000002 106179.50000000001 60417.000000000007 299770.50000000006
decision_type=2 2 2 2 2 2
left_child=-1 2 -2 4 -4 -5
right_child=1 -3 3 5 -6 -7
leaf_value=0.0019672132560301348 -0.0029702967788913463 0.0048387097495217477 -0.00035992198504130663 -0.0019080457485270226 0.0028229666294521125 0.00063405814243183624
leaf_weight=182 100 30 513 434 208 275
leaf_count=182 100 30 513 434 208 275
internal_value=-2.29488e-05 -0.000256246 -0.000359242 -0.000174703 0.000560942 -0.000922535
internal_weight=1742 1560 1530 1430 721 709
internal_count=1742 1560 1530 1430 721 709
is_linear=0
shrinkage=0.05


Tree=94
num_leaves=7
num_cat=0
split_feature=3 2 2 2 2 2
split_gain=0.387922 0.506849 0.463747 0.391324 0.906275 0.354347
threshold=1.0000000180025095e-35 349638.00000000006 790013.00000000012 9568.5000000000018 6820.0000000000009 5501.0000000000009
decision_type=2 2 2 2 2 2
left_child=5 3 -3 4 -2 -1
right_child=1 2 -4 -5 -6 -7
leaf_value=-0.0035849053974983829 0.0048148148865611471 -0.0026666664225714551 0.0024050634212886232 0.0027769572878781944 -0.008148147786657017 0.00064020503727330448
leaf_weight=52 26 104 78 676 26 780
leaf_count=52 26 104 78 676 26 780
internal_value=0.00115318 0.00186608 -0.000491803 0.00245542 -0.00169811 0.000372149
internal_weight=1742 910 182 728 52 832
internal_count=1742 910 182 728 52 832
is_linear=0
shrinkage=0.05


Tree=95
num_leaves=7
num_cat=0
split_feature=2 2 0 2 2 0
split_gain=0.710813 0.632609 0.446939 0.424539 1.21393 1.71672
threshold=11576.500000000002 5501.0000000000009 0.66888500000000006 85316.500000000015 55628.500000000007 4.500000000000001e-05
decision_type=2 2 2 2 2 2
left_child=1 -1 3 4 -2 -6
right_child=2 -3 -4 -5 5 -7
leaf_value=-0.0020253162265201157 -0.0010882350838944024 0.0033333334440742036 0.0048387097495217477 -0.00047297277636551452 -0.016363635817260452 -0.0031313128769397736
leaf_weight=78 509 182 30 813 32 98
leaf_count=78 509 182 30 813 32 98
internal_value=-0.000682731 0.00172414 -0.00110587 -0.00123193 -0.00219531 -0.00648855
internal_weight=1742 260 1482 1452 639 130
internal_count=1742 260 1482 1452 639 130
is_linear=0
shrinkage=0.05


Tree=96
num_leaves=7
num_cat=0
split_feature=2 2 0 2 2 2
split_gain=1.01784 2.25241 1.37095 1.12794 0.380794 0.71317
threshold=11576.500000000002 9568.5000000000018 1.0000000180025095e-35 10539.500000000002 76340.500000000015 81611.500000000015
decision_type=2 2 2 2 2 2
left_child=1 2 -1 -3 -2 -6
right_child=4 3 -4 -5 5 -7
leaf_value=-0.0081521735486129055 0.0014858098355477959 -0.019259258649415439 0.0016158538075481971 -0.0044444441657375405 -0.008148147786657017 0.00010477317555680681
leaf_weight=45 598 26 163 26 26 858
leaf_count=45 598 26 163 26 26 858
internal_value=5.73742e-06 -0.00287356 -0.000526316 -0.0120755 0.000512475 -0.000146892
internal_weight=1742 260 208 52 1482 884
internal_count=1742 260 208 52 1482 884
is_linear=0
shrinkage=0.05


Tree=97
num_leaves=7
num_cat=0
split_feature=0 2 2 2 2 2
split_gain=0.294876 0.208649 1.97056 0.41071 1.02448 0.37531
threshold=0.66888500000000006 299770.50000000006 284077.50000000006 200574.00000000003 199147.00000000003 188874.50000000003
decision_type=2 2 2 2 2 2
left_child=1 2 3 4 5 -1
right_child=-2 -3 -4 -5 -6 -7
leaf_value=-0.00033869582664451794 0.0048387097495217477 0.0011775363911537158 -0.013703703218036229 0.0023701300022083444 -0.0099999995971167543 0.0039622642451299815
leaf_weight=1180 30 275 26 153 26 52
leaf_count=1180 30 275 26 153 26 52
internal_value=5.73742e-06 -8.17278e-05 -0.000323366 -6.72803e-05 -0.000365369 -0.000154096
internal_weight=1742 1712 1437 1411 1258 1232
internal_count=1742 1712 1437 1411 1258 1232
is_linear=0
shrinkage=0.05


Tree=98
num_leaves=7
num_cat=0
split_feature=2 3 2 2 2 2
split_gain=1.83747 2.66527 0.583012 0.455942 0.474791 0.435228
threshold=349638.00000000006 1.0000000180025095e-35 284077.50000000006 272834.00000000006 220356.50000000003 11576.500000000002
decision_type=2 2 2 2 2 2
left_child=2 -2 3 4 5 -1
right_child=1 -3 -4 -5 -6 -7
leaf_value=0.0019157089549919654 -0.019259258649415439 -0.0024043713457108846 0.0040000000950835999 -0.0062962959761972779 0.0049056604504585273 -0.00035681590840070488
leaf_weight=260 26 182 104 26 52 1092
leaf_count=260 26 182 104 26 52 1092
internal_value=-0.000195066 -0.0045933 0.000403909 0.000139763 0.000263345 8.1301e-05
internal_weight=1742 208 1534 1430 1404 1352
internal_count=1742 208 1534 1430 1404 1352
is_linear=0
shrinkage=0.05


Tree=99
num_leaves=7
num_cat=0
split_feature=2 2 2 0 2 2
split_gain=0.712048 0.451209 0.353983 0.284033 0.435088 0.233247
threshold=4552.5000000000009 4459.5000000000009 312300.00000000006 0.60297000000000012 299770.50000000006 17951.000000000004
decision_type=2 2 2 2 2 2
left_child=1 -1 3 4 5 -2
right_child=2 -3 -4 -5 -6 -7
leaf_value=-0.00074074054481806581 -0.00084668171743370029 -0.0099999995971167543 0.0021072798319360765 0.0048387097495217477 -0.007142856805807069 0.00055026472403258873
leaf_weight=26 436 26 260 30 20 944
leaf_count=26 436 26 260 30 20 944
internal_value=0.000235227 -0.0054717 0.000413956 0.000104822 1.86132e-10 0.000108617
internal_weight=1742 52 1690 1430 1400 1380
internal_count=1742 52 1690 1430 1400 1380
is_linear=0
shrinkage=0.05


Tree=100
num_leaves=7
num_cat=0
split_feature=2 2 2 2 0 2
split_gain=0.661177 1.98288 0.452362 0.288246 0.284565 0.317327
threshold=17370.500000000004 17951.000000000004 975148.50000000012 1148581.0000000002 0.60297000000000012 99649.000000000015
decision_type=2 2 2 2 2 2
left_child=-1 -2 4 -4 5 -3
right_child=1 2 3 -5 -6 -7
leaf_value=0.0018976547276732256 -0.013703703218036229 0.0010845988600993622 -0.008148147786657017 -0.00074074054481806581 0.0048437500721775001 -0.00060198280337680837
leaf_weight=468 26 460 26 26 31 705
leaf_count=468 26 460 26 26 31 705
internal_value=0.000292599 -0.000298039 -8.00622e-06 -0.0045283 0.000192147 6.43227e-05
internal_weight=1742 1274 1248 52 1196 1165
internal_count=1742 1274 1248 52 1196 1165
is_linear=0
shrinkage=0.05


Tree=101
num_leaves=7
num_cat=0
split_feature=2 2 1 2 1 2
split_gain=2.25057 2.73059 2.75905 0.454195 0.777345 0.83912
threshold=9568.5000000000018 6820.0000000000009 0.66266500000000017 16489.500000000004 0.81592500000000012 10539.500000000002
decision_type=2 2 2 2 2 2
left_child=1 -1 -3 4 5 -2
right_child=3 2 -4 -5 -6 -7
leaf_value=0.00019047637070928301 0.0038043479232684426 -0.015297618521643536 0.0047727273438464514 0.00034588795702197205 0.0038043479232684426 -0.0047865850737363828
leaf_weight=104 26 83 21 1300 45 163
leaf_count=104 26 83 21 1300 45 163
internal_value=-0.000682731 -0.00555024 -0.0112381 -1.95438e-05 -0.00204255 -0.00344737
internal_weight=1742 208 104 1534 234 189
internal_count=1742 208 104 1534 234 189
is_linear=0
shrinkage=0.05


Tree=102
num_leaves=7
num_cat=0
split_feature=2 2 2 3 3 2
split_gain=1.53341 1.136 0.532541 0.504595 0.271683 0.364983
threshold=25864.000000000004 37288.000000000007 5501.0000000000009 1.0000000180025095e-35 1.0000000180025095e-35 38806.000000000007
decision_type=2 2 2 2 2 2
left_child=2 -2 3 -1 5 -3
right_child=1 4 -4 -5 -6 -7
leaf_value=-0.0035849053974983829 -0.0050476187503054031 0.0048148148865611471 0.0036767677804737382 0.0048148148865611471 0.00094650222246620724 -0.0012460061762565242
leaf_weight=52 104 26 494 26 728 312
leaf_count=52 104 26 494 26 728 312
internal_value=0.000952381 -8.53969e-05 0.00307155 -0.000759493 0.000402999 -0.000766961
internal_weight=1742 1170 572 78 1066 338
internal_count=1742 1170 572 78 1066 338
is_linear=0
shrinkage=0.05


Tree=103
num_leaves=7
num_cat=0
split_feature=2 2 1 2 2 2
split_gain=0.848407 0.451342 0.777219 0.393362 0.299224 0.285962
threshold=11926.000000000002 17370.500000000004 0.81592500000000012 99649.000000000015 85316.500000000015 790013.00000000012
decision_type=2 2 2 2 2 2
left_child=-1 2 -2 4 -3 -5
right_child=1 3 -4 5 -6 -7
leaf_value=0.0028919861836923539 -0.0038562088790867061 0.00092550806583454053 0.0048387097495217477 -0.00076813635444149351 0.0049056604504585273 0.0024050634212886232
leaf_weight=286 152 442 30 702 52 78
leaf_count=286 152 442 30 702 52 78
internal_value=0.000407344 -8.23608e-05 -0.00240437 0.000250981 0.00135354 -0.000448143
internal_weight=1742 1456 182 1274 494 780
internal_count=1742 1456 182 1274 494 780
is_linear=0
shrinkage=0.05


Tree=104
num_leaves=7
num_cat=0
split_feature=2 1 2 2 2 2
split_gain=1.84462 2.84399 0.685382 1.40012 0.922243 3.49881
threshold=6820.0000000000009 0.24482500000000004 19676.000000000004 197890.00000000003 81611.500000000015 99649.000000000015
decision_type=2 2 2 2 2 2
left_child=1 -1 -2 4 -4 -6
right_child=2 -3 3 -5 5 -7
leaf_value=-0.021199999347329142 0.0021103118892482147 -0.0018518516264947845 5.4794705077393413e-05 0.0017274473641861424 -0.012784809656912768 -0.00076628332222558528
leaf_weight=24 416 80 364 520 78 260
leaf_count=24 416 80 364 520 78 260
internal_value=-5.16349e-05 -0.00647619 0.000359976 -0.000237122 -0.00169275 -0.00356932
internal_weight=1742 104 1638 1222 702 338
internal_count=1742 104 1638 1222 702 338
is_linear=0
shrinkage=0.05


Tree=105
num_leaves=7
num_cat=0
split_feature=2 2 0 2 2 2
split_gain=1.23763 1.14552 4.4579 0.350496 0.806218 0.43119
threshold=312300.00000000006 349638.00000000006 0.024985000000000004 60417.000000000007 55628.500000000007 106179.50000000001
decision_type=2 2 2 2 2 2
left_child=3 2 -2 4 -1 -5
right_child=1 -3 -4 5 -6 -7
leaf_value=0.00064020503727330448 -0.024038460822059557 -0.0010047844811632305 0.0048214286432734562 0.0037799044071059476 -0.008148147786657017 0.0010447762819177815
leaf_weight=780 25 208 27 208 26 468
leaf_count=780 25 208 27 208 26 468
internal_value=0.000493402 -0.00268199 -0.00924528 0.00105192 0.000346964 0.00189069
internal_weight=1742 260 52 1482 806 676
internal_count=1742 260 52 1482 806 676
is_linear=0
shrinkage=0.05


Tree=106
num_leaves=7
num_cat=0
split_feature=2 0 2 2 2 2
split_gain=0.42386 0.400932 0.344882 0.411484 0.922796 0.542719
threshold=1148581.0000000002 0.48959000000000003 790013.00000000012 99649.000000000015 55628.500000000007 103148.50000000001
decision_type=2 2 2 2 2 2
left_child=1 2 3 4 -1 -5
right_child=-2 -3 -4 5 -6 -7
leaf_value=-0.00034960402780283723 -0.0062962959761972779 0.0040677967023546409 0.0039215687224093609 -0.008148147786657017 0.0036065574816830171 -0.00090838488688842851
leaf_weight=757 26 58 50 26 182 643
leaf_count=757 26 58 50 26 182 643
internal_value=-8.03211e-05 1.74725e-05 -0.000126582 -0.000254816 0.000420213 -0.00120149
internal_weight=1742 1716 1658 1608 939 669
internal_count=1742 1716 1658 1608 939 669
is_linear=0
shrinkage=0.05


Tree=107
num_leaves=7
num_cat=0
split_feature=2 2 2 2 0 2
split_gain=0.378978 0.457918 0.321358 2.19871 0.263548 0.189319
threshold=975148.50000000012 1148581.0000000002 10539.500000000002 11576.500000000002 0.60297000000000012 11926.000000000002
decision_type=2 2 2 2 2 2
left_child=2 -2 -1 -4 5 -5
right_child=1 -3 3 4 -6 -7
leaf_value=0.0024255320461506538 -0.008148147786657017 0.0011111112656416718 -0.013703703218036229 -0.0039130432126314747 0.004864864937357001 0.00066278240001080074
leaf_weight=234 26 26 26 22 36 1372
leaf_count=234 26 26 26 22 36 1372
internal_value=0.000579461 -0.00358491 0.000709639 0.000432396 0.000698812 0.000587814
internal_weight=1742 52 1690 1456 1430 1394
internal_count=1742 52 1690 1456 1430 1394
is_linear=0
shrinkage=0.05


Tree=108
num_leaves=7
num_cat=0
split_feature=2 0 2 2 2 2
split_gain=0.788668 0.530962 0.521037 1.80996 1.8111 0.395666
threshold=5501.0000000000009 0.48959000000000003 9208.5000000000018 10539.500000000002 9568.5000000000018 4459.5000000000009
decision_type=2 2 2 2 2 2
left_child=5 2 -2 4 -4 -1
right_child=1 -3 3 -5 -6 -7
leaf_value=-0.00074074054481806581 0.0025480770505964759 0.0040350878121037234 -0.00074074054481806581 -0.00078060502337581363 -0.019259258649415439 -0.0083018864241411108
leaf_weight=26 103 56 26 1453 26 52
leaf_count=26 103 56 26 1453 26 52
internal_value=-0.000940906 -0.000708709 -0.00087632 -0.00111222 -0.0101887 -0.00582278
internal_weight=1742 1664 1608 1505 52 78
internal_count=1742 1664 1608 1505 52 78
is_linear=0
shrinkage=0.05


Tree=109
num_leaves=7
num_cat=0
split_feature=0 2 2 2 2 2
split_gain=0.203372 0.118887 1.17568 0.299199 0.293692 0.635874
threshold=0.60297000000000012 81611.500000000015 66734.500000000015 55628.500000000007 106179.50000000001 109786.50000000001
decision_type=2 2 2 2 2 2
left_child=1 2 3 -1 -3 -6
right_child=-2 4 -4 -5 5 -7
leaf_value=0.0010169493158334549 0.0048717949443902731 0.003816793992660428 -0.00641509401348402 0.0048717949443902731 -0.0062962959761972779 0.0015316643638314134
leaf_weight=766 38 130 52 52 26 678
leaf_count=766 38 130 52 52 26 678
internal_value=0.00129662 0.00121408 0.000803674 0.00126984 0.00164072 0.00123404
internal_weight=1742 1704 870 818 834 704
internal_count=1742 1704 870 818 834 704
is_linear=0
shrinkage=0.05


Tree=110
num_leaves=7
num_cat=0
split_feature=2 2 0 2 2 2
split_gain=0.835943 3.52354 0.643585 0.571885 0.972113 1.15813
threshold=790013.00000000012 975148.50000000012 0.48959000000000003 8085.5000000000009 9208.5000000000018 8945.0000000000018
decision_type=2 2 2 2 2 2
left_child=2 -2 3 -1 5 -5
right_child=1 -3 -4 4 -6 -7
leaf_value=0.0018359376437729225 -0.021111110459875179 0.0011320756291443447 0.0040350878121037234 -0.00074074054481806581 -0.0014020976846243118 -0.015555555028495966
leaf_weight=127 26 52 56 26 1429 26
leaf_count=127 26 52 56 26 1429 26
internal_value=-0.00142857 -0.0064557 -0.00118919 -0.00137352 -0.0016498 -0.00830189
internal_weight=1742 78 1664 1608 1481 52
internal_count=1742 78 1664 1608 1481 52
is_linear=0
shrinkage=0.05


Tree=111
num_leaves=7
num_cat=0
split_feature=2 2 2 2 2 2
split_gain=0.824469 0.322095 0.26469 0.433851 3.69745 0.569995
threshold=4459.5000000000009 284077.50000000006 16489.500000000004 66734.500000000015 60417.000000000007 106179.50000000001
decision_type=2 2 2 2 2 2
left_child=-1 2 -2 4 -4 -5
right_child=1 -3 3 5 -6 -7
leaf_value=-0.008148147786657017 0.0013908874448969495 0.0021086263366210194 -8.2191593230587171e-05 0.0030601094064653897 -0.019259258649415439 -0.00028776959192266854
leaf_weight=26 416 312 364 182 26 416
leaf_count=26 416 312 364 182 26 416
internal_value=0.000522089 0.000658125 0.00033452 -0.000111223 -0.00140665 0.000734558
internal_weight=1742 1716 1404 988 390 598
internal_count=1742 1716 1404 988 390 598
is_linear=0
shrinkage=0.05


Tree=112
num_leaves=7
num_cat=0
split_feature=2 2 2 2 2 2
split_gain=0.838401 5.6491 0.641229 0.58938 2.58496 0.529473
threshold=99649.000000000015 85316.500000000015 1148581.0000000002 6820.0000000000009 8945.0000000000018 76340.500000000015
decision_type=2 2 2 2 2 2
left_child=1 3 -2 -1 -5 -6
right_child=2 -3 -4 4 5 -7
leaf_value=0.0035238096295368104 0.0015496690255521941 -0.016792452272098021 -0.0062962959761972779 -0.011132075040126747 0.00065433872044934327 -0.0045283016028269283
leaf_weight=104 754 52 26 52 702 52
leaf_count=104 754 52 26 52 702 52
internal_value=6.31098e-05 -0.000924195 0.00128041 1.8606e-10 -0.000458488 0.000291391
internal_weight=1742 962 780 910 806 754
internal_count=1742 962 780 910 806 754
is_linear=0
shrinkage=0.05


Tree=113
num_leaves=7
num_cat=0
split_feature=2 2 0 2 2 2
split_gain=0.818497 4.45263 2.23004 0.853287 0.730536 0.733162
threshold=99649.000000000015 106179.50000000001 0.021395000000000004 60417.000000000007 284077.50000000006 200574.00000000003
decision_type=2 2 2 2 2 2
left_child=3 2 -2 -1 5 -3
right_child=1 4 -4 -5 -6 -7
leaf_value=-0.00033457229719433793 -0.028571427755412604 -0.00057471244528147457 -0.0072727269295490143 0.0036942676184283704 0.0009904154989951717 -0.0049044583040248058
leaf_weight=806 20 260 32 156 312 156
leaf_count=806 20 260 32 156 312 156
internal_value=-0.000654045 -0.00185659 -0.0158491 0.000321911 -0.000836762 -0.00220623
internal_weight=1742 780 52 962 728 416
internal_count=1742 780 52 962 728 416
is_linear=0
shrinkage=0.05


Tree=114
num_leaves=7
num_cat=0
split_feature=2 2 0 2 3 2
split_gain=0.328565 0.67018 0.807743 0.510405 0.321046 0.320799
threshold=22520.500000000004 11576.500000000002 0.26435500000000006 5501.0000000000009 1.0000000180025095e-35 60417.000000000007
decision_type=2 2 2 2 2 2
left_child=1 3 -3 -1 -2 -6
right_child=4 2 -4 -5 5 -7
leaf_value=-0.0020253162265201157 0.0020541762121644032 -0.0031547616487221115 0.0048611111835473115 0.0027868853688565762 -0.0026582276047785072 0.00070901050987588787
leaf_weight=78 442 251 35 182 78 676
leaf_count=78 442 251 35 182 78 676
internal_value=0.000522089 -0.000493601 -0.00216028 0.001341 0.000985798 0.000357616
internal_weight=1742 546 286 260 1196 754
internal_count=1742 546 286 260 1196 754
is_linear=0
shrinkage=0.05


Tree=115
num_leaves=7
num_cat=0
split_feature=2 2 0 2 1 2
split_gain=1.94447 2.08048 4.06492 1.61054 0.952959 0.411674
threshold=19676.000000000004 45444.500000000007 0.0076500000000000014 27900.500000000004 0.55296500000000004 9568.5000000000018
decision_type=2 2 2 2 2 2
left_child=5 2 3 -2 -4 -1
right_child=1 -3 4 -5 -6 -7
leaf_value=0.0011483255185578999 -0.027045453763143587 0.00016748786706642565 -0.0059999996830116626 -0.0097560971611883596 0.0022872341757125044 0.0040255592011224734
leaf_weight=208 21 1014 54 40 93 312
leaf_count=208 21 1014 54 40 93 312
internal_value=0.000321285 -0.000768602 -0.005311 -0.0160484 -0.000777027 0.00287908
internal_weight=1742 1222 208 61 147 520
internal_count=1742 1222 208 61 147 520
is_linear=0
shrinkage=0.05


Tree=116
num_leaves=7
num_cat=0
split_feature=3 2 0 2 2 2
split_gain=0.361238 0.57444 0.404794 0.379497 0.360613 0.360286
threshold=1.0000000180025095e-35 17951.000000000004 0.43805000000000005 27900.500000000004 28700.000000000004 9208.5000000000018
decision_type=2 2 2 2 2 2
left_child=1 5 -2 -3 -5 -1
right_child=2 3 -4 4 -6 -7
leaf_value=0.0011450383271879824 -0.0010103924010663055 0.0049367089343221888 0.0038043479232684426 -0.0044444441657375405 0.0015345270057087359 -0.0022009567032305246
leaf_weight=130 865 78 45 26 390 208
leaf_count=130 865 78 45 26 390 208
internal_value=-8.03211e-05 0.000672269 -0.000768386 0.00175758 0.00115108 -0.000914454
internal_weight=1742 832 910 494 416 338
internal_count=1742 832 910 494 416 338
is_linear=0
shrinkage=0.05


Tree=117
num_leaves=7
num_cat=0
split_feature=2 2 2 2 0 2
split_gain=0.308518 1.08349 3.31012 0.48569 0.362426 0.565719
threshold=11576.500000000002 19676.000000000004 17951.000000000004 113856.50000000001 0.26435500000000006 12378.000000000002
decision_type=2 2 2 2 2 2
left_child=-1 2 4 -3 5 -2
right_child=1 3 -4 -5 -6 -7
leaf_value=0.0021072798319360765 -0.0069736838732895106 0.0019744059918839927 -0.019259258649415439 -2.954191083922168e-05 0.0048076923793325061 -0.00023121368247649575
leaf_weight=260 37 546 26 676 25 172
leaf_count=260 37 546 26 676 25 172
internal_value=0.000522089 0.000242751 -0.00268199 0.000866721 -0.000765957 -0.00145238
internal_weight=1742 1482 260 1222 234 209
internal_count=1742 1482 260 1222 234 209
is_linear=0
shrinkage=0.05


Tree=118
num_leaves=7
num_cat=0
split_feature=2 1 2 2 2 2
split_gain=3.80269 1.83573 0.319834 0.724129 0.987657 0.717504
threshold=6820.0000000000009 0.24482500000000004 38806.000000000007 85316.500000000015 66734.500000000015 106179.50000000001
decision_type=2 2 2 2 2 2
left_child=1 -1 -2 4 -4 -5
right_child=2 -3 3 5 -6 -7
leaf_value=-0.021199999347329142 0.0014023373833234004 -0.0055555552474142594 1.848426483969652e-10 0.0044761905606303899 -0.0070886072525872465 5.4869869281889153e-05
leaf_weight=24 598 80 130 104 78 728
leaf_count=24 598 80 130 104 78 728
internal_value=-0.000109007 -0.00933333 0.000482001 -4.80306e-05 -0.00267943 0.000612245
internal_weight=1742 104 1638 1040 208 832
internal_count=1742 104 1638 1040 208 832
is_linear=0
shrinkage=0.05


Tree=119
num_leaves=7
num_cat=0
split_feature=2 0 2 2 2 2
split_gain=0.403724 0.240679 0.214075 0.464465 0.260313 0.242772
threshold=4552.5000000000009 0.66888500000000006 349638.00000000006 284077.50000000006 790013.00000000012 113856.50000000001
decision_type=2 2 2 2 2 2
left_child=-1 2 3 5 -4 -2
right_child=1 -3 4 -5 -6 -7
leaf_value=0.0049056604504585273 0.00076195236028309371 0.0048387097495217477 -0.0025196847982528643 0.0039285715251248712 0.0011392406647718406 -0.00075630231836095916
leaf_weight=52 1003 30 126 97 78 356
leaf_count=52 1003 30 126 97 78 356
internal_value=0.000608147 0.000473093 0.000391331 0.000603981 -0.00112195 0.000363971
internal_weight=1742 1690 1660 1456 204 1359
internal_count=1742 1690 1660 1456 204 1359
is_linear=0
shrinkage=0.05


Tree=120
num_leaves=7
num_cat=0
split_feature=2 2 0 2 2 0
split_gain=0.612199 1.04105 3.42513 0.892385 0.659699 0.777942
threshold=244286.50000000003 312300.00000000006 0.10840000000000001 284077.50000000006 60417.000000000007 0.31832000000000005
decision_type=2 2 2 2 2 2
left_child=4 2 3 -2 5 -1
right_child=1 -3 -4 -5 -6 -7
leaf_value=-0.0013063658325283218 -0.006590908765792847 -0.00057471244528147457 0.0029411765874600877 -0.020147058192421408 0.001326352686834169 0.0049074074805334766
leaf_weight=753 21 260 50 33 572 53
leaf_count=753 21 260 50 33 572 53
internal_value=-0.000453241 -0.00227397 -0.00647619 -0.0150909 2.90067e-05 -0.000892193
internal_weight=1742 364 104 54 1378 806
internal_count=1742 364 104 54 1378 806
is_linear=0
shrinkage=0.05


Tree=121
num_leaves=7
num_cat=0
split_feature=2 2 2 2 2 2
split_gain=0.492068 1.4781 1.21513 1.94828 0.756729 0.49752
threshold=99649.000000000015 220356.50000000003 200574.00000000003 209711.50000000003 349638.00000000006 197890.00000000003
decision_type=2 2 2 2 2 2
left_child=-1 2 5 -4 -3 -2
right_child=1 4 3 -5 -6 -7
leaf_value=0.0010488059777894125 -0.0022988503377784713 0.0038797815192918306 -0.019259258649415439 -0.0026415091921698376 -0.00052631559233631245 0.0030188680398014357
leaf_weight=962 260 182 26 52 208 52
leaf_count=962 260 182 26 52 208 52
internal_value=0.000292599 -0.000640205 -0.0028133 -0.00835443 0.00153453 -0.00140575
internal_weight=1742 780 390 78 390 312
internal_count=1742 780 390 78 390 312
is_linear=0
shrinkage=0.05


Tree=122
num_leaves=7
num_cat=0
split_feature=2 2 2 0 3 2
split_gain=0.369078 0.663401 0.647133 2.06602 0.25149 0.766502
threshold=200574.00000000003 349638.00000000006 197890.00000000003 0.060900000000000003 1.0000000180025095e-35 60417.000000000007
decision_type=2 2 2 2 2 2
left_child=2 -2 4 -4 -1 -6
right_child=1 -3 3 -5 5 -7
leaf_value=-0.00047267336326828736 0.0032567050936007412 -0.00052631559233631245 -0.014821428060531617 0.0048076923793325061 -0.0011914891495983654 0.002587859552746383
leaf_weight=676 260 208 27 25 234 312
leaf_count=676 260 208 27 25 234 312
internal_value=0.000378658 0.00157783 -6.27449e-05 -0.0054717 0.000171709 0.000968922
internal_weight=1742 468 1274 52 1222 546
internal_count=1742 468 1274 52 1222 546
is_linear=0
shrinkage=0.05


Tree=123
num_leaves=7
num_cat=0
split_feature=2 0 2 2 2 2
split_gain=0.366546 0.301457 0.266611 1.34778 0.220695 0.577935
threshold=12378.000000000002 0.66888500000000006 9568.5000000000018 9208.5000000000018 284077.50000000006 244286.50000000003
decision_type=2 2 2 2 2 2
left_child=2 4 3 -1 5 -2
right_child=1 -3 -4 -5 -6 -7
leaf_value=0.0019672132560301348 -0.00059715619866881897 0.0048148148865611471 0.0035238096295368104 -0.0099999995971167543 0.00067880811749507263 -0.0060999996811151513
leaf_weight=182 1054 26 104 26 301 49
leaf_count=182 1054 26 104 26 301 49
internal_value=-8.03211e-05 -0.000419287 0.00146965 0.000430622 -0.000519573 -0.00084692
internal_weight=1742 1430 312 208 1404 1103
internal_count=1742 1430 312 208 1404 1103
is_linear=0
shrinkage=0.05


Tree=124
num_leaves=7
num_cat=0
split_feature=0 2 2 2 2 2
split_gain=0.247865 0.192697 0.272176 2.12532 0.237666 0.207898
threshold=0.66888500000000006 4552.5000000000009 10539.500000000002 11576.500000000002 12378.000000000002 197890.00000000003
decision_type=2 2 2 2 2 2
left_child=1 -1 -3 -4 -5 -6
right_child=-2 2 3 4 5 -7
leaf_value=-0.0026415091921698376 0.0048387097495217477 0.0022404372936389487 -0.013703703218036229 0.0038775511162013423 -0.00012235798695859178 0.0011439843812343874
leaf_weight=52 30 182 26 48 898 506
leaf_count=52 30 182 26 48 898 506
internal_value=0.000407344 0.000326912 0.000421433 0.000196079 0.000454233 0.00033452
internal_weight=1742 1712 1660 1478 1452 1404
internal_count=1742 1712 1660 1478 1452 1404
is_linear=0
shrinkage=0.05


Tree=125
num_leaves=7
num_cat=0
split_feature=2 2 2 2 2 2
split_gain=0.506672 1.38132 0.511733 0.658616 0.299731 0.328701
threshold=8945.0000000000018 6820.0000000000009 975148.50000000012 1148581.0000000002 11576.500000000002 12378.000000000002
decision_type=2 2 2 2 2 2
left_child=1 -1 4 -4 -2 -6
right_child=2 -3 3 -5 5 -7
leaf_value=0.00066666683625607264 0.0030476191639900209 -0.0092452826294696557 -0.0099999995971167543 0.0011111112656416718 -0.0035849053974983829 0.00042784644197605071
leaf_weight=104 104 52 26 26 52 1378
leaf_count=104 104 52 26 26 52 1378
internal_value=3.44236e-05 -0.00267516 0.000302458 -0.0045283 0.000469056 0.000279525
internal_weight=1742 156 1586 52 1534 1430
internal_count=1742 156 1586 52 1534 1430
is_linear=0
shrinkage=0.05


Tree=126
num_leaves=7
num_cat=0
split_feature=2 2 2 0 2 2
split_gain=0.318813 0.51076 0.41962 0.457113 0.512103 0.322189
threshold=220356.50000000003 349638.00000000006 76340.500000000015 0.31832000000000005 60417.000000000007 10539.500000000002
decision_type=2 2 2 2 2 2
left_child=2 -2 3 4 5 -1
right_child=1 -3 -4 -5 -6 -7
leaf_value=-0.0017792790540838027 0.0033333334440742036 -0.00028708114792285356 -0.0013737371571437278 0.0049074074805334766 0.0049056604504585273 0.00048780505306054235
leaf_weight=221 182 208 494 53 52 532
leaf_count=221 182 208 494 53 52 532
internal_value=0.000149168 0.00140665 -0.000214338 0.000454016 0.000155087 -0.000179045
internal_weight=1742 390 1352 858 805 753
internal_count=1742 390 1352 858 805 753
is_linear=0
shrinkage=0.05


Tree=127
num_leaves=7
num_cat=0
split_feature=2 2 0 2 2 2
split_gain=0.374423 1.3976 0.540008 0.463156 1.49435 0.97755
threshold=81611.500000000015 66734.500000000015 0.31832000000000005 8085.5000000000009 9208.5000000000018 8945.0000000000018
decision_type=2 2 2 2 2 2
left_child=1 2 3 -1 5 -5
right_child=-2 -3 -4 4 -6 -7
leaf_value=0.0025403227086269087 0.0010360886378601906 -0.0083018864241411108 0.0049074074805334766 -0.0014583331222335497 -0.00010690770638910564 -0.015555555028495966
leaf_weight=123 858 52 53 23 607 26
leaf_count=123 858 52 53 23 607 26
internal_value=0.000292599 -0.000429378 7.2029e-05 -0.00026282 -0.000791476 -0.0091
internal_weight=1742 884 832 779 656 49
internal_count=1742 884 832 779 656 49
is_linear=0
shrinkage=0.05


Tree=128
num_leaves=7
num_cat=0
split_feature=2 2 0 2 2 2
split_gain=0.51116 0.902506 0.285618 0.20431 0.296809 0.348588
threshold=5501.0000000000009 12378.000000000002 0.66888500000000006 17370.500000000004 99649.000000000015 60417.000000000007
decision_type=2 2 2 2 2 2
left_child=-1 -2 3 -3 5 -5
right_child=1 2 -4 4 -6 -7
leaf_value=-0.0039240503612952898 0.0030638299042240105 -0.0020833331016966933 0.0048148148865611471 -0.0001201199317300642 -0.0007808396915399184 0.0027388536270446838
leaf_weight=78 234 155 26 332 761 156
leaf_count=78 234 155 26 332 761 156
internal_value=5.73742e-06 0.000192192 -0.000279525 -0.000377224 -0.000164 0.000797546
internal_weight=1742 1664 1430 1404 1249 488
internal_count=1742 1664 1430 1404 1249 488
is_linear=0
shrinkage=0.05


Tree=129
num_leaves=7
num_cat=0
split_feature=3 2 2 1 2 2
split_gain=1.33354 1.86086 3.59995 1.76265 2.81121 0.831654
threshold=1.0000000180025095e-35 103148.50000000001 85316.500000000015 0.25000500000000009 66734.500000000015 38806.000000000007
decision_type=2 2 2 2 2 2
left_child=5 2 3 4 -2 -1
right_child=1 -3 -4 -5 -6 -7
leaf_value=0.0020153552272326662 -0.018292682336234465 -0.00012797056075859766 -0.016792452272098021 -0.0007968125456714061 -0.0007968125456714061 -0.0012460061762565242
leaf_weight=520 40 546 52 250 22 312
leaf_count=520 40 546 52 250 22 312
internal_value=-0.000654045 -0.00197585 -0.00473973 -0.00268371 -0.0101587 0.000792317
internal_weight=1742 910 364 312 62 832
internal_count=1742 910 364 312 62 832
is_linear=0
shrinkage=0.05


Tree=130
num_leaves=7
num_cat=0
split_feature=2 0 2 2 2 2
split_gain=0.413653 0.714995 0.667735 1.31833 0.346414 0.339001
threshold=37288.000000000007 0.31832000000000005 9208.5000000000018 10539.500000000002 25864.000000000004 22520.500000000004
decision_type=2 2 2 2 2 2
left_child=1 2 -1 -4 5 -5
right_child=-2 -3 3 4 -6 -7
leaf_value=0.0012138729904256117 0.00059044066024027707 0.0048958334062869351 -0.010099999591708184 -0.0011578945253501859 -0.0040499997250735761 0.0048076923793325061
leaf_weight=172 1066 47 49 284 99 25
leaf_count=172 1066 47 49 284 99 25
internal_value=-2.29488e-05 -0.00098966 -0.00143651 -0.0024345 -0.00149144 -0.00066129
internal_weight=1742 676 629 457 408 309
internal_count=1742 676 629 457 408 309
is_linear=0
shrinkage=0.05


Tree=131
num_leaves=7
num_cat=0
split_feature=2 2 0 2 3 2
split_gain=0.566117 0.416836 0.291557 0.289192 0.738558 0.383381
threshold=99649.000000000015 103148.50000000001 0.21888000000000005 60417.000000000007 1.0000000180025095e-35 52166.000000000007
decision_type=2 2 2 2 2 2
left_child=2 -2 3 5 -5 -1
right_child=1 -3 -4 4 -6 -7
leaf_value=0.0011930092778566399 -0.0062962959761972779 2.6490251650873397e-05 0.0040454546396027913 -0.0044444441657375405 0.0040454546396027913 -0.0034374997407818834
leaf_weight=657 26 754 109 26 123 47
leaf_count=657 26 754 109 26 123 47
internal_value=0.00080895 -0.000192061 0.00161994 0.00130562 0.0033 0.000879433
internal_weight=1742 780 962 853 149 704
internal_count=1742 780 962 853 149 704
is_linear=0
shrinkage=0.05


Tree=132
num_leaves=7
num_cat=0
split_feature=0 2 2 2 3 2
split_gain=0.25434 0.196791 0.379763 0.278606 0.255295 0.235242
threshold=0.66888500000000006 11576.500000000002 12378.000000000002 8945.0000000000018 1.0000000180025095e-35 5501.0000000000009
decision_type=2 2 2 2 2 2
left_child=1 3 -3 4 5 -1
right_child=-2 2 -4 -5 -6 -7
leaf_value=-0.0035849053974983829 0.0048387097495217477 -0.0042857140074579079 0.00019217100034192789 0.0035238096295368104 0.0030188680398014357 0.0011320756291443447
leaf_weight=52 30 48 1404 104 52 52
leaf_count=52 30 48 1404 104 52 52
internal_value=0.000349971 0.000268535 4.12941e-05 0.00153257 0.000191083 -0.0012381
internal_weight=1742 1712 1452 260 156 104
internal_count=1742 1712 1452 260 156 104
is_linear=0
shrinkage=0.05


Tree=133
num_leaves=7
num_cat=0
split_feature=2 2 2 3 2 0
split_gain=0.392153 1.7287 0.541644 0.613085 0.282487 0.229908
threshold=11576.500000000002 10539.500000000002 8945.0000000000018 1.0000000180025095e-35 12378.000000000002 0.66888500000000006
decision_type=2 2 2 2 2 2
left_child=1 2 3 -1 -2 -6
right_child=4 -3 -4 -5 5 -7
leaf_value=0.00019047637070928301 0.0039622642451299815 -0.013703703218036229 0.0030379747995470142 -0.00641509401348402 0.00015658381252526391 0.0048148148865611471
leaf_weight=104 52 26 78 52 1404 26
leaf_count=104 52 26 78 52 1404 26
internal_value=6.31098e-05 -0.00172414 -0.000340425 -0.00203822 0.000377613 0.000244584
internal_weight=1742 260 234 156 1482 1430
internal_count=1742 260 234 156 1482 1430
is_linear=0
shrinkage=0.05


Tree=134
num_leaves=7
num_cat=0
split_feature=2 2 0 2 2 2
split_gain=0.354821 0.332269 0.480359 0.386628 0.250684 1.56332
threshold=11576.500000000002 17951.000000000004 0.26435500000000006 12378.000000000002 66734.500000000015 76340.500000000015
decision_type=2 2 2 2 2 2
left_child=-1 2 3 -2 -3 -6
right_child=1 4 -4 -5 5 -7
leaf_value=0.0021072798319360765 -0.0069736838732895106 0.0015929205040928188 0.0048076923793325061 -0.0013872830207981815 -0.01185185140757649 0.00036158209887601566
leaf_weight=260 37 338 25 172 26 884
leaf_count=260 37 338 25 172 26 884
internal_value=0.000407344 0.00010789 -0.00161702 -0.00240476 0.000432346 1.8606e-10
internal_weight=1742 1482 234 209 1248 910
internal_count=1742 1482 234 209 1248 910
is_linear=0
shrinkage=0.05


Tree=135
num_leaves=7
num_cat=0
split_feature=2 2 2 2 2 2
split_gain=1.59516 2.41443 0.697398 0.676016 0.535711 0.500602
threshold=10539.500000000002 8085.5000000000009 9568.5000000000018 106179.50000000001 55628.500000000007 16489.500000000004
decision_type=2 2 2 2 2 2
left_child=1 -1 -3 4 5 -2
right_child=3 2 -4 -5 -6 -7
leaf_value=0.00038167956562442637 0.0023444977406251945 -0.012151898278654377 -0.0025925923552778032 -0.00083676248390242888 0.0032765958569151293 -0.00076696144905941328
leaf_weight=130 208 78 26 728 234 338
leaf_count=130 208 78 26 728 234 338
internal_value=-0.000338497 -0.00417021 -0.00980952 0.000258449 0.00128041 0.000420475
internal_weight=1742 234 104 1508 780 546
internal_count=1742 234 104 1508 780 546
is_linear=0
shrinkage=0.05


Tree=136
num_leaves=7
num_cat=0
split_feature=2 2 3 2 0 2
split_gain=0.435272 0.536165 0.255295 0.235242 0.233441 0.161621
threshold=12378.000000000002 8945.0000000000018 1.0000000180025095e-35 5501.0000000000009 0.66888500000000006 4552.5000000000009
decision_type=2 2 2 2 2 2
left_child=1 2 3 5 -2 -1
right_child=4 -3 -4 -5 -6 -7
leaf_value=-0.00074074054481806581 0.00012099662470859989 0.0043312102793508275 0.0030188680398014357 0.0011320756291443447 0.0048148148865611471 -0.0062962959761972779
leaf_weight=26 1404 156 52 52 26 26
leaf_count=26 1404 156 52 52 26 26
internal_value=0.000579461 0.00226837 0.000191083 -0.0012381 0.000209644 -0.00358491
internal_weight=1742 312 156 104 1430 52
internal_count=1742 312 156 104 1430 52
is_linear=0
shrinkage=0.05


Tree=137
num_leaves=7
num_cat=0
split_feature=0 2 0 3 2 2
split_gain=0.305463 0.158539 0.526993 0.332972 0.274378 0.253413
threshold=0.66888500000000006 37288.000000000007 0.31832000000000005 1.0000000180025095e-35 11576.500000000002 13475.500000000002
decision_type=2 2 2 2 2 2
left_child=1 2 3 4 -1 -5
right_child=-2 -3 -4 5 -6 -7
leaf_value=0.0011695908023077147 0.0048387097495217477 0.00021510534380236729 0.0048387097495217477 -0.0046464643582250133 -0.0013527395101646856 -0.00070422515273094177
leaf_weight=170 30 1045 38 98 291 70
leaf_count=170 30 1045 38 98 291 70
internal_value=-8.03211e-05 -0.000169293 -0.000770958 -0.00111905 -0.000422078 -0.00301775
internal_weight=1742 1712 667 629 461 168
internal_count=1742 1712 667 629 461 168
is_linear=0
shrinkage=0.05


Tree=138
num_leaves=7
num_cat=0
split_feature=2 0 3 2 2 2
split_gain=0.339125 0.255845 0.181352 0.161795 0.184537 0.413392
threshold=11576.500000000002 0.66888500000000006 1.0000000180025095e-35 11926.000000000002 103148.50000000001 85316.500000000015
decision_type=2 2 2 2 2 2
left_child=2 3 -1 -2 5 -5
right_child=1 -3 -4 4 -6 -7
leaf_value=0.0014207651808125074 -0.0039130432126314747 0.0048387097495217477 0.0043037975560637964 0.00046116522419896325 -0.00023777154780438414 0.0043037975560637964
leaf_weight=182 22 30 78 617 735 78
leaf_count=182 22 30 78 617 735 78
internal_value=0.000636833 0.000343898 0.00229885 0.000247763 0.000314466 0.000897989
internal_weight=1742 1482 260 1452 1430 695
internal_count=1742 1482 260 1452 1430 695
is_linear=0
shrinkage=0.05


Tree=139
num_leaves=7
num_cat=0
split_feature=2 2 0 2 2 2
split_gain=0.266362 0.40005 0.366355 0.410657 0.216093 0.543737
threshold=76340.500000000015 85316.500000000015 0.31832000000000005 60417.000000000007 284077.50000000006 244286.50000000003
decision_type=2 2 2 2 2 2
left_child=2 -2 3 -1 5 -3
right_child=1 4 -4 -5 -6 -7
leaf_value=0.00035145906410340611 -0.0045283016028269283 -0.00012793158099595419 0.0049074074805334766 0.0049056604504585273 0.0009904154989951717 -0.0054716978081554742
leaf_weight=753 52 468 53 52 312 52
leaf_count=753 52 468 53 52 312 52
internal_value=0.000292599 -0.000316384 0.000919674 0.000651365 -4.8019e-05 -0.000671785
internal_weight=1742 884 858 805 832 520
internal_count=1742 884 858 805 832 520
is_linear=0
shrinkage=0.05


Tree=140
num_leaves=7
num_cat=0
split_feature=2 1 3 0 2 2
split_gain=1.81184 2.84399 0.271328 0.260464 0.238063 0.163253
threshold=6820.0000000000009 0.24482500000000004 1.0000000180025095e-35 0.66888500000000006 1148581.0000000002 790013.00000000012
decision_type=2 2 2 2 2 2
left_child=1 -1 -3 4 5 -2
right_child=3 2 -4 -5 -6 -7
leaf_value=-0.021199999347329142 0.00019595054100534639 -8.3333148310581857e-05 -0.006590908765792847 0.0048387097495217477 -0.0044444441657375405 0.0030188680398014357
leaf_weight=24 1530 59 21 30 26 52
leaf_count=24 1530 59 21 30 26 52
internal_value=-0.000109007 -0.00647619 -0.00185185 0.000298963 0.000211312 0.000290588
internal_weight=1742 104 80 1638 1608 1582
internal_count=1742 104 80 1638 1608 1582
is_linear=0
shrinkage=0.05


Tree=141
num_leaves=7
num_cat=0
split_feature=0 2 2 2 2 2
split_gain=0.260895 0.253016 0.450295 0.288246 0.242669 0.191382
threshold=0.66888500000000006 9208.5000000000018 10539.500000000002 9568.5000000000018 12378.000000000002 790013.00000000012
decision_type=2 2 2 2 2 2
left_child=1 -1 3 -3 -4 -6
right_child=-2 2 4 -5 5 -7
leaf_value=0.0019672132560301348 0.0048387097495217477 -0.00074074054481806581 0.0029333334515492123 -0.008148147786657017 -0.00012810832646078154 0.0024050634212886232
leaf_weight=182 30 26 74 26 1326 78
leaf_count=182 30 26 74 26 1326 78
internal_value=0.000292599 0.000210158 1.86143e-10 -0.0045283 0.000162272 1.42351e-05
internal_weight=1742 1712 1530 52 1478 1404
internal_count=1742 1712 1530 52 1478 1404
is_linear=0
shrinkage=0.05


Tree=142
num_leaves=7
num_cat=0
split_feature=2 2 2 2 2 2
split_gain=0.71403 0.385971 1.15098 0.639609 0.482294 0.722626
threshold=4459.5000000000009 11926.000000000002 10539.500000000002 11576.500000000002 8945.0000000000018 6820.0000000000009
decision_type=2 2 2 2 2 2
left_child=-1 2 4 -4 5 -2
right_child=1 -3 3 -5 -6 -7
leaf_value=-0.008148147786657017 0.0011392406647718406 0.00036376133106019943 -0.013703703218036229 -0.0025925923552778032 0.0030379747995470142 -0.00641509401348402
leaf_weight=26 78 1456 26 26 78 52
leaf_count=26 78 1456 26 26 78 52
internal_value=-8.03211e-05 4.65931e-05 -0.00172414 -0.00830189 -4.78467e-05 -0.0019084
internal_weight=1742 1716 260 52 208 130
internal_count=1742 1716 260 52 208 130
is_linear=0
shrinkage=0.05


Tree=143
num_leaves=7
num_cat=0
split_feature=2 2 2 2 2 0
split_gain=0.543538 0.450702 2.12631 0.609409 0.418208 0.278862
threshold=4552.5000000000009 9208.5000000000018 8945.0000000000018 5501.0000000000009 11926.000000000002 0.66888500000000006
decision_type=2 2 2 2 2 2
left_child=-1 2 3 -2 -3 -6
right_child=1 4 -4 -5 5 -7
leaf_value=0.0049056604504585273 -0.0062962959761972779 0.0030476191639900209 -0.015555555028495966 0.0024050634212886232 -0.00031446521564183083 0.0048148148865611471
leaf_weight=52 26 104 26 78 1430 26
leaf_count=52 26 104 26 78 1430 26
internal_value=-8.03211e-05 -0.000236546 -0.00305343 0.000190476 1.86145e-10 -0.000219629
internal_weight=1742 1690 130 104 1560 1456
internal_count=1742 1690 130 104 1560 1456
is_linear=0
shrinkage=0.05


Tree=144
num_leaves=7
num_cat=0
split_feature=0 2 2 2 2 2
split_gain=0.298385 0.17446 0.481743 0.604729 0.380886 0.135229
threshold=0.66888500000000006 12751.500000000002 9208.5000000000018 9568.5000000000018 5501.0000000000009 312300.00000000006
decision_type=2 2 2 2 2 2
left_child=1 2 4 -4 -1 -3
right_child=-2 5 3 -5 -6 -7
leaf_value=-0.0020253162265201157 0.0048387097495217477 0.00037333351108762957 -0.0099999995971167543 -0.0017322832410495113 0.0025714286984432314 -0.00090196057861926518
leaf_weight=78 30 1124 26 126 104 254
leaf_count=78 30 1124 26 126 104 254
internal_value=-2.29488e-05 -0.000110916 -0.00113433 -0.00320261 0.000601093 0.000137781
internal_weight=1742 1712 334 152 182 1378
internal_count=1742 1712 334 152 182 1378
is_linear=0
shrinkage=0.05


Tree=145
num_leaves=7
num_cat=0
split_feature=2 2 2 2 0 3
split_gain=0.517113 0.440267 0.306477 0.304731 0.41659 0.329904
threshold=197890.00000000003 13475.500000000002 349638.00000000006 790013.00000000012 0.29842500000000005 1.0000000180025095e-35
decision_type=2 2 2 2 2 2
left_child=1 -1 -2 4 5 -4
right_child=2 -3 3 -5 -6 -7
leaf_value=0.0010136987932332575 0.0024281151473712617 -0.0010593711523224228 0.0026086957720310791 0.0024050634212886232 0.0047727273438464514 -0.0041477269958704712
leaf_weight=364 312 858 22 78 21 87
leaf_count=364 312 858 22 78 21 87
internal_value=0.000120482 -0.000441537 0.00143954 -4.78467e-05 -0.00152672 -0.00277273
internal_weight=1742 1222 520 208 130 109
internal_count=1742 1222 520 208 130 109
is_linear=0
shrinkage=0.05


Tree=146
num_leaves=7
num_cat=0
split_feature=2 2 0 2 3 2
split_gain=0.695518 1.76825 4.0332 0.414077 0.705387 0.160229
threshold=299770.50000000006 349638.00000000006 0.11927500000000001 8945.0000000000018 1.0000000180025095e-35 9208.5000000000018
decision_type=2 2 2 2 2 2
left_child=3 2 -2 4 -1 -5
right_child=1 -3 -4 5 -6 -7
leaf_value=0.00066666683625607264 -0.017934782025606735 0.00043062218531752318 0.0048529412487850476 0.0048148148865611471 -0.00641509401348402 0.00091764722443094448
leaf_weight=104 45 208 33 26 52 1274
leaf_count=104 45 208 33 26 52 1274
internal_value=0.000263913 -0.00198606 -0.00835443 0.000706932 -0.00171974 0.000999232
internal_weight=1742 286 78 1456 156 1300
internal_count=1742 286 78 1456 156 1300
is_linear=0
shrinkage=0.05


Tree=147
num_leaves=7
num_cat=0
split_feature=2 0 2 2 2 2
split_gain=0.407329 0.327352 0.245683 1.88027 0.602782 0.230152
threshold=9568.5000000000018 0.66888500000000006 299770.50000000006 284077.50000000006 349638.00000000006 220356.50000000003
decision_type=2 2 2 2 2 2
left_child=-1 2 3 5 -4 -2
right_child=1 -3 4 -5 -6 -7
leaf_value=0.0021052632962117357 -0.00054030095328526546 0.0048387097495217477 0.0048387097495217477 -0.013703703218036229 -0.00039024370836048591 0.0023026317112932082
leaf_weight=208 1128 30 71 26 204 75
leaf_count=208 1128 30 71 26 204 75
internal_value=3.44236e-05 -0.000247557 -0.000352159 -0.000654471 0.000996377 -0.000361295
internal_weight=1742 1534 1504 1229 275 1203
internal_count=1742 1534 1504 1229 275 1203
is_linear=0
shrinkage=0.05


Tree=148
num_leaves=7
num_cat=0
split_feature=2 2 2 2 2 2
split_gain=0.346495 1.0147 1.69152 0.831999 0.486716 0.370486
threshold=99649.000000000015 284077.50000000006 209711.50000000003 188874.50000000003 180370.00000000003 85316.500000000015
decision_type=2 2 2 2 2 2
left_child=5 2 3 4 -2 -1
right_child=1 -3 -4 -5 -6 -7
leaf_value=0.00060373233502442449 -0.0010047844811632305 0.001629393120495656 -0.006870228669229355 0.0035238096295368104 -0.008148147786657017 0.0049056604504585273
leaf_weight=910 208 312 130 104 26 52
leaf_count=910 208 312 130 104 26 52
internal_value=0.000206541 -0.000576184 -0.00204691 -0.000176991 -0.00182979 0.000841122
internal_weight=1742 780 468 338 234 962
internal_count=1742 780 468 338 234 962
is_linear=0
shrinkage=0.05


Tree=149
num_leaves=7
num_cat=0
split_feature=2 2 2 2 2 2
split_gain=1.0775 1.59104 1.72437 3.74334 0.690001 0.668958
threshold=975148.50000000012 130562.00000000001 85316.500000000015 99649.000000000015 4459.5000000000009 349638.00000000006
decision_type=2 2 2 2 2 2
left_child=1 2 4 -4 -1 -3
right_child=-2 5 3 -5 -6 -7
leaf_value=-0.008148147786657017 -0.0073584902188125649 0.0030695444817165681 -0.016792452272098021 -0.0014012736689512897 -3.3898118273013053e-05 -0.0007643310080288323
leaf_weight=26 52 416 52 156 884 156
leaf_count=26 52 416 52 156 884 156
internal_value=-0.000338497 -0.000118273 -0.00121537 -0.005311 -0.000274424 0.00202443
internal_weight=1742 1690 1118 208 910 572
internal_count=1742 1690 1118 208 910 572
is_linear=0
shrinkage=0.05


Tree=150
num_leaves=7
num_cat=0
split_feature=2 2 0 2 2 2
split_gain=0.454605 0.476254 0.379073 0.318068 0.215477 0.528003
threshold=109786.50000000001 4552.5000000000009 0.39678500000000005 155542.00000000003 99649.000000000015 85316.500000000015
decision_type=2 2 2 2 2 2
left_child=1 -1 4 -2 5 -3
right_child=3 2 -4 -5 -6 -7
leaf_value=0.0049056604504585273 0.0044761905606303899 -0.00024360516783526113 0.0048717949443902731 0.0014858098355477959 -0.0026582276047785072 0.0048717949443902731
leaf_weight=52 104 820 38 598 78 52
leaf_count=52 104 820 38 598 78 52
internal_value=0.000952381 0.000288185 4.04451e-05 0.00193457 -0.000157729 6.87287e-05
internal_weight=1742 1040 988 702 950 872
internal_count=1742 1040 988 702 950 872
is_linear=0
shrinkage=0.05


Tree=151
num_leaves=7
num_cat=0
split_feature=2 2 0 2 2 2
split_gain=0.785304 0.451209 0.215198 0.127629 0.741223 1.28744
threshold=4552.5000000000009 4459.5000000000009 0.66888500000000006 81611.500000000015 113856.50000000001 130562.00000000001
decision_type=2 2 2 2 2 2
left_child=1 -1 3 -2 -5 -6
right_child=2 -3 -4 4 5 -7
leaf_value=-0.00074074054481806581 0.00018856465870881604 -0.0099999995971167543 0.0048387097495217477 0.0038797815192918306 -0.0076041663143162925 0.0009001638319605502
leaf_weight=26 821 26 30 182 47 610
leaf_count=26 821 26 30 182 47 610
internal_value=0.000522089 -0.0054717 0.000709639 0.000632149 0.00106548 0.000281155
internal_weight=1742 52 1690 1660 839 657
internal_count=1742 52 1690 1660 839 657
is_linear=0
shrinkage=0.05


Tree=152
num_leaves=7
num_cat=0
split_feature=0 2 2 2 2 2
split_gain=0.284471 0.264838 0.906052 1.24838 0.727093 0.271722
threshold=0.66888500000000006 188874.50000000003 244286.50000000003 220356.50000000003 109786.50000000001 9208.5000000000018
decision_type=2 2 2 2 2 2
left_child=1 4 3 -3 5 -1
right_child=-2 2 -4 -5 -6 -7
leaf_value=0.0016939892184213213 0.0048387097495217477 -0.0020382163298737471 0.00056980074279838137 -0.013703703218036229 0.0036513158928995074 -0.00043042433263628554
leaf_weight=182 30 156 350 26 151 847
leaf_count=182 30 156 350 26 151 847
internal_value=9.17959e-05 5.8379e-06 -0.000919324 -0.00377049 0.00042337 -5.33979e-05
internal_weight=1742 1712 532 182 1180 1029
internal_count=1742 1712 532 182 1180 1029
is_linear=0
shrinkage=0.05


Tree=153
num_leaves=7
num_cat=0
split_feature=0 2 2 2 3 2
split_gain=0.247865 0.23037 1.04335 0.602701 0.593569 0.316491
threshold=0.66888500000000006 155542.00000000003 197890.00000000003 109786.50000000001 1.0000000180025095e-35 99649.000000000015
decision_type=2 2 2 2 2 2
left_child=1 3 4 5 -3 -1
right_child=-2 2 -4 -5 -6 -7
leaf_value=0.00063550437354490535 0.0048387097495217477 -0.0026415091921698376 0.00035502976376041622 0.0044500000849366185 -0.01185185140757649 -0.0026582276047785072
leaf_weight=951 30 52 506 99 26 78
leaf_count=951 30 52 506 99 26 78
internal_value=0.000407344 0.000326912 -0.000478632 0.000744021 -0.00582278 0.000383495
internal_weight=1742 1712 584 1128 78 1029
internal_count=1742 1712 584 1128 78 1029
is_linear=0
shrinkage=0.05


Tree=154
num_leaves=7
num_cat=0
split_feature=2 2 1 0 2 0
split_gain=0.998464 10.9802 10.5277 0.890228 0.83072 0.632324
threshold=180370.00000000003 109786.50000000001 0.15346500000000005 0.044525000000000002 85316.500000000015 0.35752000000000006
decision_type=2 2 2 2 2 2
left_child=1 4 -3 -4 5 -1
right_child=-2 2 3 -5 -6 -7
leaf_value=-0.0011258658395938181 0.00054101239025176721 -0.037435896417651424 -0.010784313301829732 -0.00093023235541443499 0.0034351146118786501 0.004891304420712202
leaf_weight=865 572 38 50 42 130 45
leaf_count=865 572 38 50 42 130 45
internal_value=-0.0011704 -0.00200683 -0.0156489 -0.00634409 -0.000288184 -0.000823271
internal_weight=1742 1170 130 92 1040 910
internal_count=1742 1170 130 92 1040 910
is_linear=0
shrinkage=0.05


Tree=155
num_leaves=7
num_cat=0
split_feature=0 2 2 2 2 2
split_gain=0.219724 0.211784 0.31803 0.48946 0.434628 0.397789
threshold=0.66888500000000006 209711.50000000003 284077.50000000006 349638.00000000006 244286.50000000003 220356.50000000003
decision_type=2 2 2 2 2 2
left_child=1 -1 4 -4 5 -3
right_child=-2 2 3 -5 -6 -7
leaf_value=0.00091050600234404613 0.0048387097495217477 -0.0026415091921698376 0.0034183674548961679 -0.00087804857550597781 -0.0060999996811151513 0.0048148148865611471
leaf_weight=1284 30 52 97 204 49 26
leaf_count=1284 30 52 97 204 49 26
internal_value=0.000665519 0.000589609 -0.00037296 0.000513245 -0.00246094 -0.000126582
internal_weight=1742 1712 428 301 127 78
internal_count=1742 1712 428 301 127 78
is_linear=0
shrinkage=0.05


Tree=156
num_leaves=7
num_cat=0
split_feature=2 2 2 0 2 2
split_gain=0.498201 0.636259 0.421163 0.407713 0.308491 0.24892
threshold=109786.50000000001 312300.00000000006 326041.50000000006 0.39678500000000005 9208.5000000000018 349638.00000000006
decision_type=2 2 2 2 2 2
left_child=3 -2 -3 4 -1 -4
right_child=1 2 5 -5 -6 -7
leaf_value=0.0015625001502815974 0.0027313770999623206 -0.0062962959761972779 0.0048148148865611471 0.0048717949443902731 -0.00074275342054701092 -0.00028708114792285356
leaf_weight=175 442 26 26 38 827 208
leaf_count=175 442 26 26 38 827 208
internal_value=0.000550775 0.00157895 -0.000383142 -0.000144092 -0.000338983 0.000297873
internal_weight=1742 702 260 1040 1002 234
internal_count=1742 702 260 1040 1002 234
is_linear=0
shrinkage=0.05


Tree=157
num_leaves=7
num_cat=0
split_feature=2 2 2 1 2 2
split_gain=1.96412 1.7194 1.14187 1.00953 1.06989 2.15119
threshold=9208.5000000000018 6820.0000000000009 188874.50000000003 0.90307000000000015 381882.50000000006 284077.50000000006
decision_type=2 2 2 2 2 2
left_child=1 -1 -2 4 5 -4
right_child=2 -3 3 -5 -6 -7
leaf_value=-0.0017142854914778756 0.00051231544556582507 -0.011518986900395985 -0.0022051279705304367 0.0020952382328964419 -6.2892895262196388e-05 -0.011538461096339174
leaf_weight=104 1014 78 194 104 158 90
leaf_count=104 1014 78 194 104 158 90
internal_value=-0.00105565 -0.00595628 -0.000480461 -0.00232175 -0.00336343 -0.00519298
internal_weight=1742 182 1560 546 442 284
internal_count=1742 182 1560 546 442 284
is_linear=0
shrinkage=0.05


Tree=158
num_leaves=7
num_cat=0
split_feature=0 2 2 2 2 3
split_gain=0.213691 0.207747 0.216209 0.360039 0.324813 0.325348
threshold=0.66888500000000006 9208.5000000000018 109786.50000000001 99649.000000000015 442826.00000000006 1.0000000180025095e-35
decision_type=2 2 2 2 2 2
left_child=1 -1 3 -3 5 -4
right_child=-2 2 4 -5 -6 -7
leaf_value=0.0022404372936389487 0.0048387097495217477 0.00025324693360886019 0.00014492771835718755 -0.0032911389830368983 -0.00091503247423888815 0.0026840492054545808
leaf_weight=182 30 769 206 78 152 325
leaf_count=182 30 769 206 78 152 325
internal_value=0.000722892 0.000647986 0.000457218 -7.66508e-05 0.00111842 0.00170113
internal_weight=1742 1712 1530 847 683 531
internal_count=1742 1712 1530 847 683 531
is_linear=0
shrinkage=0.05


Tree=159
num_leaves=7
num_cat=0
split_feature=2 0 2 2 2 2
split_gain=0.744802 0.269225 0.240236 0.443575 0.372914 0.164899
threshold=4459.5000000000009 0.66888500000000006 4552.5000000000009 5501.0000000000009 9208.5000000000018 220356.50000000003
decision_type=2 2 2 2 2 2
left_child=-1 2 -2 -4 -5 -6
right_child=1 -3 3 4 5 -7
leaf_value=-0.008148147786657017 0.0048148148865611471 0.0048387097495217477 -0.0062962959761972779 0.0030476191639900209 -0.00032900413554726225 0.00087533173119199695
leaf_weight=26 26 30 26 104 1154 376
leaf_count=26 26 30 26 104 1154 376
internal_value=9.17959e-05 0.000221316 0.000136337 6.02049e-05 0.000165138 -3.26582e-05
internal_weight=1742 1716 1686 1660 1634 1530
internal_count=1742 1716 1686 1660 1634 1530
is_linear=0
shrinkage=0.05


Tree=160
num_leaves=7
num_cat=0
split_feature=0 2 2 2 2 2
split_gain=0.23203 0.206804 0.257819 0.131339 0.271904 0.269206
threshold=0.66888500000000006 4459.5000000000009 4552.5000000000009 442826.00000000006 790013.00000000012 284077.50000000006
decision_type=2 2 2 2 2 2
left_child=1 -1 -3 5 -5 -4
right_child=-2 2 3 4 -6 -7
leaf_value=0.0048148148865611471 0.0048387097495217477 -0.0044444441657375405 0.00040073547128807101 -0.0030666664143403372 0.0011392406647718406 0.002633333459496498
leaf_weight=26 30 26 1359 74 78 149
leaf_count=26 30 26 1359 74 78 149
internal_value=0.000550775 0.000472855 0.000403083 0.000481638 -0.000915032 0.000622929
internal_weight=1742 1712 1686 1660 152 1508
internal_count=1742 1712 1686 1660 152 1508
is_linear=0
shrinkage=0.05


Tree=161
num_leaves=7
num_cat=0
split_feature=0 2 2 2 2 2
split_gain=0.270878 0.278859 0.306804 0.343175 0.701926 0.400251
threshold=0.66888500000000006 9208.5000000000018 220356.50000000003 188874.50000000003 199147.00000000003 85316.500000000015
decision_type=2 2 2 2 2 2
left_child=1 -1 3 5 -5 -3
right_child=-2 2 -4 4 -6 -7
leaf_value=0.0019672132560301348 0.0048387097495217477 -0.0007869078744005692 0.0011405837146530734 -0.0073584902188125649 -0.00028571409483750662 0.0014361703662690542
leaf_weight=182 30 717 376 52 104 281
leaf_count=182 30 717 376 52 104 281
internal_value=0.000206541 0.000122592 -9.7975e-05 -0.000502164 -0.00267516 -0.00016016
internal_weight=1742 1712 1530 1154 156 998
internal_count=1742 1712 1530 1154 156 998
is_linear=0
shrinkage=0.05


Tree=162
num_leaves=7
num_cat=0
split_feature=2 2 0 2 2 2
split_gain=1.23917 3.22624 0.524279 0.538831 3.49706 0.715248
threshold=790013.00000000012 975148.50000000012 0.48959000000000003 6820.0000000000009 5501.0000000000009 66734.500000000015
decision_type=2 2 2 2 2 2
left_child=2 -2 3 4 -1 -5
right_child=1 -3 -4 5 -6 -7
leaf_value=0.0010389611995839452 -0.021111110459875179 0.00018867942381579921 0.0040350878121037234 0.00055007069556854335 -0.02019230706187395 -0.0016312497775070368
leaf_weight=76 26 52 56 708 25 799
leaf_count=76 26 52 56 708 25 799
internal_value=-0.000969592 -0.00708861 -0.000678678 -0.000845245 -0.00436274 -0.000606764
internal_weight=1742 78 1664 1608 101 1507
internal_count=1742 78 1664 1608 101 1507
is_linear=0
shrinkage=0.05


Tree=163
num_leaves=7
num_cat=0
split_feature=2 2 0 2 2 2
split_gain=0.908046 0.401964 0.50202 0.401239 0.216689 0.244651
threshold=4459.5000000000009 60417.000000000007 0.31832000000000005 9208.5000000000018 76340.500000000015 85316.500000000015
decision_type=2 2 2 2 2 2
left_child=-1 2 3 -2 -3 -6
right_child=1 4 -4 -5 5 -7
leaf_value=-0.008148147786657017 0.0022448980940037036 0.0049056604504585273 0.0049074074805334766 -0.00067869395696113204 -0.0016981129868412919 0.0018127252355593594
leaf_weight=26 146 52 53 581 52 832
leaf_count=26 146 52 53 581 52 832
internal_value=0.000952381 0.00109493 0.000256082 -8.92855e-05 0.00179296 0.00160452
internal_weight=1742 1716 780 727 936 884
internal_count=1742 1716 780 727 936 884
is_linear=0
shrinkage=0.05


Tree=164
num_leaves=7
num_cat=0
split_feature=3 2 2 1 2 1
split_gain=1.77275 2.16613 3.61546 5.65109 1.077 0.619705
threshold=1.0000000180025095e-35 103148.50000000001 60417.000000000007 0.50494500000000009 975148.50000000012 0.80744500000000008
decision_type=2 2 2 2 2 2
left_child=-1 2 5 -4 -3 -2
right_child=1 4 3 -5 -6 -7
leaf_value=0.00061224507031535193 -0.0030154636648205141 0.00014141432414151202 -0.018489582735734682 0.0048611111835473115 -0.0073584902188125649 0.0036904762898172651
leaf_weight=832 193 494 95 35 52 41
leaf_count=832 193 494 95 35 52 41
internal_value=-0.00105565 -0.00257958 -0.00556164 -0.0122137 -0.000585009 -0.00182979
internal_weight=1742 910 364 130 546 234
internal_count=1742 910 364 130 546 234
is_linear=0
shrinkage=0.05


Tree=165
num_leaves=7
num_cat=0
split_feature=2 2 2 2 2 2
split_gain=0.387676 0.90708 0.843318 0.620849 0.309538 0.470876
threshold=4552.5000000000009 9208.5000000000018 8085.5000000000009 5501.0000000000009 99649.000000000015 103148.50000000001
decision_type=2 2 2 2 2 2
left_child=-1 2 3 -2 -3 -6
right_child=1 4 -4 -5 5 -7
leaf_value=0.0049056604504585273 -0.0062962959761972779 0.0016005123141442309 -0.0083018864241411108 0.0030188680398014357 -0.0062962959761972779 0.00042384123614687001
leaf_weight=52 26 780 52 52 26 754
leaf_count=52 26 780 52 52 26 754
internal_value=0.000694206 0.000561798 -0.00343511 -0.000126582 0.000896861 0.000192062
internal_weight=1742 1690 130 78 1560 780
internal_count=1742 1690 130 78 1560 780
is_linear=0
shrinkage=0.05


Tree=166
num_leaves=7
num_cat=0
split_feature=2 2 2 2 0 2
split_gain=0.538095 0.451209 0.381467 1.14974 1.08394 1.37462
threshold=4552.5000000000009 4459.5000000000009 790013.00000000012 326041.50000000006 0.21888000000000005 381882.50000000006
decision_type=2 2 2 2 2 2
left_child=1 -1 3 -2 5 -5
right_child=2 -3 -4 4 -6 -7
leaf_value=-0.00074074054481806581 -8.2360827808275396e-05 -0.0099999995971167543 0.0030379747995470142 -0.01514285662344524 0.0033823530463611379 -0.0033888886289464106
leaf_weight=26 1456 26 78 34 33 89
leaf_count=26 1456 26 78 34 33 89
internal_value=-0.000510614 -0.0054717 -0.000354819 -0.000520769 -0.00458599 -0.00673387
internal_weight=1742 52 1690 1612 156 123
internal_count=1742 52 1690 1612 156 123
is_linear=0
shrinkage=0.05


Tree=167
num_leaves=7
num_cat=0
split_feature=2 2 3 2 2 2
split_gain=0.613128 0.617711 0.533855 0.484359 0.481209 0.412979
threshold=284077.50000000006 244286.50000000003 1.0000000180025095e-35 11576.500000000002 17370.500000000004 130562.00000000001
decision_type=2 2 2 2 2 2
left_child=1 2 3 -1 -5 -4
right_child=-2 -3 5 4 -6 -7
leaf_value=0.0014207651808125074 0.0022683707419961408 -0.0054716978081554742 0.0005454547191509093 -0.0041984730037569092 -0.00076759041531253725 0.0040000000950835999
leaf_weight=182 312 52 494 130 468 104
leaf_count=182 312 52 494 130 468 104
internal_value=0.000263913 -0.000174703 2.90067e-05 -0.000832266 -0.0015192 0.00115192
internal_weight=1742 1430 1378 780 598 598
internal_count=1742 1430 1378 780 598 598
is_linear=0
shrinkage=0.05


Tree=168
num_leaves=7
num_cat=0
split_feature=2 3 2 1 2 0
split_gain=1.77944 0.971508 1.47814 3.64774 4.56026 0.728506
threshold=113856.50000000001 1.0000000180025095e-35 326041.50000000006 0.26463500000000001 220356.50000000003 0.07702500000000001
decision_type=2 2 2 2 2 2
left_child=-1 -2 3 4 -3 -5
right_child=1 2 -4 5 -6 -7
leaf_value=0.0011059045662445339 0.00066985662973098213 -0.0063709674162730091 -0.00028708114792285356 -0.0049418601705584417 -0.030892856272735764 0.001534091058949178
leaf_weight=1066 208 61 208 85 27 87
leaf_count=1066 208 61 208 85 27 87
internal_value=-0.00016638 -0.00217134 -0.00343284 -0.0059387 -0.0141573 -0.0016763
internal_weight=1742 676 468 260 88 172
internal_count=1742 676 468 260 88 172
is_linear=0
shrinkage=0.05


Tree=169
num_leaves=7
num_cat=0
split_feature=2 2 2 2 3 2
split_gain=0.42723 0.922683 0.794897 0.76225 0.290163 0.369281
threshold=10539.500000000002 6820.0000000000009 8085.5000000000009 9208.5000000000018 1.0000000180025095e-35 19676.000000000004
decision_type=2 2 2 2 2 2
left_child=1 -1 -3 -4 5 -2
right_child=4 2 3 -5 -6 -7
leaf_value=0.0020952382328964419 0.0018660288517982765 -0.01185185140757649 0.0020754718344728903 -0.00641509401348402 0.0015126051942483576 -0.00066098060959310671
leaf_weight=104 208 26 52 52 832 468
leaf_count=104 208 26 52 52 832 468
internal_value=0.000579461 -0.00140426 -0.00419847 -0.00219048 0.000888005 0.000118169
internal_weight=1742 234 130 104 1508 676
internal_count=1742 234 130 104 1508 676
is_linear=0
shrinkage=0.05


Tree=170
num_leaves=7
num_cat=0
split_feature=2 2 2 2 0 2
split_gain=0.781494 0.640909 0.840608 0.670971 0.560843 0.337502
threshold=4459.5000000000009 11576.500000000002 85316.500000000015 381882.50000000006 0.35752000000000006 76340.500000000015
decision_type=2 2 2 2 2 2
left_child=-1 -2 4 -4 5 -3
right_child=1 2 3 -5 -6 -7
leaf_value=-0.008148147786657017 0.0028510639515328916 -0.0012920351834160037 0.0018433181171272574 -0.0015846992328844437 0.0048571429295199264 -0.0054716978081554742
leaf_weight=26 234 564 650 182 34 52
leaf_count=26 234 564 650 182 34 52
internal_value=0.000292599 0.00042516 4.04587e-05 0.00109244 -0.00130568 -0.00165316
internal_weight=1742 1716 1482 832 650 616
internal_count=1742 1716 1482 832 650 616
is_linear=0
shrinkage=0.05


Tree=171
num_leaves=7
num_cat=0
split_feature=0 2 2 2 2 2
split_gain=0.235157 0.209604 0.747679 0.239692 0.907582 0.238397
threshold=0.66888500000000006 4459.5000000000009 5501.0000000000009 10539.500000000002 11926.000000000002 103148.50000000001
decision_type=2 2 2 2 2 2
left_child=1 -1 -3 -4 -5 -6
right_child=-2 2 3 4 5 -7
leaf_value=0.0048148148865611471 0.0048387097495217477 -0.0054716978081554742 0.0024203822965834553 -0.0063265302883727219 0.0012571840659426205 -3.3967204533679329e-05
leaf_weight=26 30 52 156 48 695 735
leaf_count=26 30 52 156 48 695 735
internal_value=0.000522089 0.000443666 0.000373444 0.000562691 0.000365112 0.00059399
internal_weight=1742 1712 1686 1634 1478 1430
internal_count=1742 1712 1686 1634 1478 1430
is_linear=0
shrinkage=0.05


Tree=172
num_leaves=7
num_cat=0
split_feature=2 0 2 2 2 2
split_gain=0.531383 0.828426 0.621013 3.10682 0.707269 0.518626
threshold=60417.000000000007 0.31832000000000005 8085.5000000000009 9208.5000000000018 11926.000000000002 103148.50000000001
decision_type=2 2 2 2 2 2
left_child=1 2 -1 -4 -5 -2
right_child=5 -3 3 4 -6 -7
leaf_value=0.0017338711137492814 0.0030601094064653897 0.0049074074805334766 -0.014099999502301216 0.002842105383935728 -0.0018749997722076587 9.2715415733539509e-05
leaf_weight=123 182 53 49 94 487 754
leaf_count=123 182 53 49 94 487 754
internal_value=-0.000137693 -0.00107807 -0.0015053 -0.00213946 -0.00110825 0.000672359
internal_weight=1742 806 753 630 581 936
internal_count=1742 806 753 630 581 936
is_linear=0
shrinkage=0.05


Tree=173
num_leaves=7
num_cat=0
split_feature=2 2 2 2 2 2
split_gain=0.802842 0.256523 0.916087 0.373113 2.04053 0.244198
threshold=4459.5000000000009 99649.000000000015 155542.00000000003 10539.500000000002 9208.5000000000018 85316.500000000015
decision_type=2 2 2 2 2 2
left_child=-1 3 -3 4 -2 -5
right_child=1 2 -4 5 -6 -7
leaf_value=-0.008148147786657017 0.0021019109661222263 -0.0032240434585373255 0.00081803021775263187 0.0013737076885194863 -0.0092452826294696557 0.0049056604504585273
leaf_weight=26 156 182 598 676 52 52
leaf_count=26 156 182 598 676 52 52
internal_value=0.000407344 0.000541643 -0.000128041 0.00109925 -0.00076555 0.00163237
internal_weight=1742 1716 780 936 208 728
internal_count=1742 1716 780 936 208 728
is_linear=0
shrinkage=0.05


Tree=174
num_leaves=7
num_cat=0
split_feature=2 2 0 2 0 2
split_gain=0.621145 3.39902 2.07006 0.700082 0.310007 0.195589
threshold=6820.0000000000009 4552.5000000000009 0.044525000000000002 11926.000000000002 0.66888500000000006 8945.0000000000018
decision_type=2 2 2 2 2 2
left_child=1 -1 -3 5 -5 -2
right_child=3 2 -4 4 -6 -7
leaf_value=0.0049056604504585273 0.00018867942381579921 -0.024772726541215723 -0.0045312497182749215 -0.00059399001722065911 0.0048148148865611471 0.003816793992660428
leaf_weight=52 52 21 31 1430 26 130
leaf_count=52 52 21 31 1430 26 130
internal_value=-0.000367183 -0.00409524 -0.0130189 -0.000128127 -0.000494166 0.00278689
internal_weight=1742 104 52 1638 1456 182
internal_count=1742 104 52 1638 1456 182
is_linear=0
shrinkage=0.05


Tree=175
num_leaves=7
num_cat=0
split_feature=2 2 3 0 2 2
split_gain=0.676743 0.451209 0.270833 0.360285 0.335311 0.231334
threshold=4552.5000000000009 4459.5000000000009 1.0000000180025095e-35 0.26013500000000006 349638.00000000006 9208.5000000000018
decision_type=2 2 2 2 2 2
left_child=1 -1 3 5 -4 -2
right_child=2 -3 4 -5 -6 -7
leaf_value=-0.00074074054481806581 0.0016111112592948808 -0.0099999995971167543 0.0013655762578947616 0.0026436782859522723 -0.0010382511576668163 -0.0010996833337541623
leaf_weight=26 89 26 702 86 182 631
leaf_count=26 89 26 702 86 182 631
internal_value=9.17959e-05 -0.0054717 0.000266115 -0.00039653 0.000870057 -0.000762829
internal_weight=1742 52 1690 806 884 720
internal_count=1742 52 1690 806 884 720
is_linear=0
shrinkage=0.05


Tree=176
num_leaves=7
num_cat=0
split_feature=2 2 2 2 2 2
split_gain=0.354326 0.558791 0.87291 0.582097 0.657962 0.941895
threshold=312300.00000000006 272834.00000000006 284077.50000000006 220356.50000000003 180370.00000000003 188874.50000000003
decision_type=2 2 2 2 2 2
left_child=1 3 -3 4 -1 -6
right_child=-2 2 -4 -5 5 -7
leaf_value=1.8610545043554398e-10 0.001532567201103744 -0.01185185140757649 -0.00075471678151274634 0.0049056604504585273 -0.01185185140757649 -0.0017197449994125185
leaf_weight=1170 260 26 52 52 26 156
leaf_count=1170 260 26 52 52 26 156
internal_value=-0.00016638 -0.000465273 -0.00455696 -0.000234875 -0.000436068 -0.00322404
internal_weight=1742 1482 78 1404 1352 182
internal_count=1742 1482 78 1404 1352 182
is_linear=0
shrinkage=0.05


Tree=177
num_leaves=7
num_cat=0
split_feature=2 2 2 0 2 2
split_gain=0.441699 0.911144 1.24838 0.579569 0.383329 0.275556
threshold=15055.000000000002 10539.500000000002 11576.500000000002 0.26435500000000006 17370.500000000004 12378.000000000002
decision_type=2 2 2 2 2 2
left_child=1 -1 -3 5 -2 -4
right_child=4 2 3 -5 -6 -7
leaf_value=0.00093617037731282254 0.0049056604504585273 -0.013703703218036229 -0.0069736838732895106 0.0048076923793325061 0.00056470605584920622 -0.0018947366154507589
leaf_weight=234 52 26 37 25 1274 94
leaf_count=234 52 26 37 25 1274 94
internal_value=0.000292599 -0.0011271 -0.00377049 -0.00203822 0.000738508 -0.00337121
internal_weight=1742 416 182 156 1326 131
internal_count=1742 416 182 156 1326 131
is_linear=0
shrinkage=0.05


Tree=178
num_leaves=7
num_cat=0
split_feature=2 2 2 2 2 2
split_gain=0.362536 0.377371 0.351913 0.618079 0.309246 0.288246
threshold=15055.000000000002 17951.000000000004 8945.0000000000018 6820.0000000000009 349638.00000000006 8085.5000000000009
decision_type=2 2 2 2 2 2
left_child=2 -2 3 -1 -3 -5
right_child=1 4 -4 5 -6 -7
leaf_value=0.0020952382328964419 -0.0032911389830368983 0.00062439978788325016 0.0028735633397125194 -0.008148147786657017 -0.0014832533699901482 -0.00074074054481806581
leaf_weight=104 78 1040 260 26 208 26
leaf_count=104 78 1040 260 26 208 26
internal_value=0.000464716 6.02865e-05 0.0017506 -0.000127388 0.000272218 -0.0045283
internal_weight=1742 1326 416 156 1248 52
internal_count=1742 1326 416 156 1248 52
is_linear=0
shrinkage=0.05


Tree=179
num_leaves=7
num_cat=0
split_feature=0 3 2 2 2 2
split_gain=0.309032 0.296246 0.516796 0.879654 0.375565 0.324067
threshold=0.66888500000000006 1.0000000180025095e-35 9568.5000000000018 109786.50000000001 5501.0000000000009 92799.500000000015
decision_type=2 2 2 2 2 2
left_child=1 4 -3 5 -1 -4
right_child=-2 2 3 -5 -6 -7
leaf_value=-0.0035849053974983829 0.0048387097495217477 0.0039622642451299815 -0.0021853144508558555 0.00028242695780478759 0.00076723033792408307 -0.0058227844960704635
leaf_weight=52 30 52 285 477 768 78
leaf_count=52 30 52 285 477 768 78
internal_value=-0.000109007 -0.000198482 -0.000828667 -0.00112961 0.000487211 -0.00298077
internal_weight=1742 1712 892 840 820 363
internal_count=1742 1712 892 840 820 363
is_linear=0
shrinkage=0.05


Tree=180
num_leaves=7
num_cat=0
split_feature=0 2 2 2 2 2
split_gain=0.323508 0.166186 0.621805 0.200287 0.134017 0.509385
threshold=0.66888500000000006 312300.00000000006 299770.50000000006 511381.00000000006 272834.00000000006 244286.50000000003
decision_type=2 2 2 2 2 2
left_child=1 2 4 -3 5 -1
right_child=-2 3 -4 -5 -6 -7
leaf_value=-0.0003595009063502401 0.0048387097495217477 0.0022480621500763783 -0.0088636359877207072 -0.00055118090524448188 0.0020754718344728903 -0.0077083329825351644
leaf_weight=1362 30 128 21 126 52 23
leaf_count=1362 30 128 21 126 52 23
internal_value=-0.000223752 -0.000315236 -0.000520905 0.000862745 -0.000392907 -0.000487013
internal_weight=1742 1712 1458 254 1437 1385
internal_count=1742 1712 1458 254 1437 1385
is_linear=0
shrinkage=0.05


Tree=181
num_leaves=7
num_cat=0
split_feature=2 3 2 2 2 2
split_gain=0.458755 0.257711 0.356464 0.329566 0.282038 0.190996
threshold=12378.000000000002 1.0000000180025095e-35 349638.00000000006 60417.000000000007 584181.50000000012 76340.500000000015
decision_type=2 2 2 2 2 2
left_child=-1 -2 3 -3 -4 -5
right_child=1 2 4 5 -6 -7
leaf_value=0.0024281151473712617 -0.00044799980401992798 -0.00076335857672090758 -0.0032911389830368983 0.0049056604504585273 0.00066666683625607264 0.0017155757682654445
leaf_weight=312 624 130 78 52 104 442
leaf_count=312 624 130 78 52 104 442
internal_value=0.000694206 0.000314466 0.000904585 0.001472 -0.00103825 0.00206061
internal_weight=1742 1430 806 624 182 494
internal_count=1742 1430 806 624 182 494
is_linear=0
shrinkage=0.05


Tree=182
num_leaves=7
num_cat=0
split_feature=2 2 2 2 2 2
split_gain=1.91642 2.28118 0.615944 0.451209 0.343732 0.34369
threshold=10539.500000000002 8945.0000000000018 4552.5000000000009 4459.5000000000009 220356.50000000003 76340.500000000015
decision_type=2 2 2 2 2 2
left_child=1 2 3 -1 5 -2
right_child=4 -3 -4 -5 -6 -7
leaf_value=-0.00074074054481806581 0.00059200017273426057 -0.011518986900395985 0.0011428573018028624 -0.0099999995971167543 0.0015345270057087359 -0.0011717169596390292
leaf_weight=26 624 78 104 26 390 494
leaf_count=26 624 78 104 26 390 494
internal_value=-0.000395869 -0.00459574 -0.0010828 -0.0054717 0.000258449 -0.000187667
internal_weight=1742 234 156 52 1508 1118
internal_count=1742 234 156 52 1508 1118
is_linear=0
shrinkage=0.05


Tree=183
num_leaves=7
num_cat=0
split_feature=2 3 2 2 0 2
split_gain=2.65225 2.46957 1.90555 0.255895 0.394258 0.273291
threshold=326041.50000000006 1.0000000180025095e-35 349638.00000000006 130562.00000000001 0.39678500000000005 113856.50000000001
decision_type=2 2 2 2 2 2
left_child=3 -2 -3 4 5 -1
right_child=1 2 -4 -5 -6 -7
leaf_value=0.00028182719630506922 -0.019259258649415439 -0.015555555028495966 -0.00131147519527563 0.0017902814756955026 0.0048888889617390106 -0.0036170210134475788
leaf_weight=1028 26 26 182 390 44 46
leaf_count=1028 26 26 182 390 44 46
internal_value=-8.03211e-05 -0.00502128 -0.00315789 0.000689198 0.000303843 0.000111628
internal_weight=1742 234 208 1508 1118 1074
internal_count=1742 234 208 1508 1118 1074
is_linear=0
shrinkage=0.05


Tree=184
num_leaves=7
num_cat=0
split_feature=0 2 2 2 2 2
split_gain=0.284471 0.243278 0.494238 0.310662 0.216567 0.38194
threshold=0.66888500000000006 326041.50000000006 312300.00000000006 511381.00000000006 15055.000000000002 8945.0000000000018
decision_type=2 2 2 2 2 2
left_child=1 2 4 -3 5 -1
right_child=-2 3 -4 -5 -6 -7
leaf_value=-0.001082802338490061 0.0048387097495217477 0.0035238096295368104 -0.0071999996602535258 -0.00015748012664280539 -0.00049141201666975758 0.0020507813896983862
leaf_weight=156 30 104 24 126 1047 255
leaf_count=156 30 104 24 126 1047 255
internal_value=9.17959e-05 5.8379e-06 -0.000229265 0.00151515 -0.000109664 0.000861651
internal_weight=1742 1712 1482 230 1458 411
internal_count=1742 1712 1482 230 1458 411
is_linear=0
shrinkage=0.05


Tree=185
num_leaves=7
num_cat=0
split_feature=2 2 0 2 2 2
split_gain=0.537518 0.649512 0.722565 0.34202 0.50701 0.265152
threshold=11576.500000000002 16489.500000000004 0.26435500000000006 12751.500000000002 13475.500000000002 19676.000000000004
decision_type=2 2 2 2 2 2
left_child=-1 2 3 -2 -5 -3
right_child=1 5 -4 4 -6 -7
leaf_value=0.002298850708880187 -0.0013281247869599611 0.0030379747995470142 0.0048076923793325061 -0.012608695192181546 -0.0039726024672184909 4.9059874304278605e-05
leaf_weight=260 63 78 25 22 72 1222
leaf_count=260 63 78 25 22 72 1222
internal_value=0.000206541 -0.000161834 -0.00295082 -0.00420886 -0.00610526 0.000230592
internal_weight=1742 1482 182 157 94 1300
internal_count=1742 1482 182 157 94 1300
is_linear=0
shrinkage=0.05


Tree=186
num_leaves=7
num_cat=0
split_feature=0 2 2 2 2 2
split_gain=0.267531 0.242112 0.705387 0.65051 0.448783 0.249932
threshold=0.66888500000000006 8945.0000000000018 6820.0000000000009 8085.5000000000009 16489.500000000004 5501.0000000000009
decision_type=2 2 2 2 2 2
left_child=1 2 5 -4 -3 -1
right_child=-2 4 3 -5 -6 -7
leaf_value=-0.00075949347000333332 0.0048387097495217477 0.0021453902085727837 -0.01185185140757649 -0.00074074054481806581 -5.8777242034767116e-05 0.0048148148865611471
leaf_weight=78 30 281 26 26 1275 26
leaf_count=78 30 281 26 26 1275 26
internal_value=0.000235227 0.000151781 -0.00171974 -0.00641509 0.000340398 0.000666667
internal_weight=1742 1712 156 52 1556 104
internal_count=1742 1712 156 52 1556 104
is_linear=0
shrinkage=0.05


Tree=187
num_leaves=7
num_cat=0
split_feature=0 2 2 3 2 2
split_gain=0.270878 0.229647 0.999964 0.537821 0.381529 0.247211
threshold=0.66888500000000006 10539.500000000002 12378.000000000002 1.0000000180025095e-35 5501.0000000000009 16489.500000000004
decision_type=2 2 2 2 2 2
left_child=1 3 -3 4 -1 -4
right_child=-2 2 5 -5 -6 -7
leaf_value=-0.0035849053974983829 0.0048387097495217477 -0.0057333330214023592 0.0022692309033412201 0.0048387097495217477 0.0016190477673496519 -1.9592289932562643e-05
leaf_weight=52 30 74 129 78 104 1275
leaf_count=52 30 74 129 78 104 1275
internal_value=0.000206541 0.000122592 -0.000108181 0.00157447 -0.000127388 0.000192171
internal_weight=1742 1712 1478 234 156 1404
internal_count=1742 1712 1478 234 156 1404
is_linear=0
shrinkage=0.05


Tree=188
num_leaves=7
num_cat=0
split_feature=2 2 2 2 2 2
split_gain=0.569026 0.418728 0.450953 0.630667 0.489029 0.288246
threshold=9208.5000000000018 10539.500000000002 12378.000000000002 17951.000000000004 13475.500000000002 9568.5000000000018
decision_type=2 2 2 2 2 2
left_child=-1 5 -3 4 -4 -2
right_child=1 2 3 -5 -6 -7
leaf_value=0.0027868853688565762 -0.00074074054481806581 0.0036708861778054058 0.0011320756291443447 0.00019215390479879633 -0.004580152384538687 -0.008148147786657017
leaf_weight=182 26 78 52 1248 130 26
leaf_count=182 26 78 52 1248 130 26
internal_value=0.000149168 -0.000160154 -6.62672e-06 -0.000209643 -0.00295082 -0.0045283
internal_weight=1742 1560 1508 1430 182 52
internal_count=1742 1560 1508 1430 182 52
is_linear=0
shrinkage=0.05


Tree=189
num_leaves=7
num_cat=0
split_feature=2 2 2 2 2 0
split_gain=1.78235 1.98398 0.580428 0.455766 0.319473 0.261708
threshold=9208.5000000000018 8085.5000000000009 19676.000000000004 5501.0000000000009 15055.000000000002 0.66888500000000006
decision_type=2 2 2 2 2 2
left_child=1 3 4 -1 -2 -4
right_child=2 -3 5 -5 -6 -7
leaf_value=-0.0039240503612952898 0.0011489363300039412 -0.013018867450783839 -0.00026293803839781053 0.0020754718344728903 0.0044761905606303899 0.0048076923793325061
leaf_weight=78 234 52 1197 52 104 25
leaf_count=78 234 52 1197 52 104 25
internal_value=-0.000195066 -0.00486339 0.000352338 -0.00152672 0.00218289 -0.000155355
internal_weight=1742 182 1560 130 338 1222
internal_count=1742 182 1560 130 338 1222
is_linear=0
shrinkage=0.05


Tree=190
num_leaves=7
num_cat=0
split_feature=2 0 2 2 2 2
split_gain=0.431176 0.257298 0.183704 0.150065 0.220133 0.123755
threshold=4552.5000000000009 0.66888500000000006 11576.500000000002 37288.000000000007 38806.000000000007 15055.000000000002
decision_type=2 2 2 2 2 2
left_child=-1 2 -2 5 -5 -4
right_child=1 -3 3 4 -6 -7
leaf_value=0.0049056604504585273 0.0016267944073848177 0.0048387097495217477 0.00036184228221444709 0.0048148148865611471 0.00024019625914447449 -0.0014396884982340067
leaf_weight=52 208 30 151 26 1019 256
leaf_count=52 208 30 151 26 1019 256
internal_value=0.000464716 0.000325252 0.000240819 4.12941e-05 0.000358509 -0.000772059
internal_weight=1742 1690 1660 1452 1045 407
internal_count=1742 1690 1660 1452 1045 407
is_linear=0
shrinkage=0.05


Tree=191
num_leaves=7
num_cat=0
split_feature=2 0 2 2 3 2
split_gain=1.20675 0.877977 0.828167 0.697486 1.05114 1.33834
threshold=12378.000000000002 0.21888000000000005 10539.500000000002 9568.5000000000018 1.0000000180025095e-35 9208.5000000000018
decision_type=2 2 2 2 2 2
left_child=1 2 3 4 5 -1
right_child=-2 -3 -4 -5 -6 -7
leaf_value=0.00060869582321332848 0.00010482198672641164 0.0036250001005828387 -0.0093650789724455934 0.0036250001005828387 -0.010099999591708184 -0.012608695192181546
leaf_weight=114 1430 39 62 26 49 22
leaf_count=114 1430 39 62 26 49 22
internal_value=-0.000510614 -0.00332268 -0.00432482 -0.0028066 -0.00389785 -0.00160584
internal_weight=1742 312 273 211 185 136
internal_count=1742 312 273 211 185 136
is_linear=0
shrinkage=0.05


Tree=192
num_leaves=7
num_cat=0
split_feature=2 0 2 2 3 2
split_gain=0.588278 0.251494 0.115906 0.5698 0.48493 0.227378
threshold=12378.000000000002 0.66888500000000006 188874.50000000003 200574.00000000003 1.0000000180025095e-35 180370.00000000003
decision_type=2 2 2 2 2 2
left_child=-1 2 5 4 -4 -2
right_child=1 -3 3 -5 -6 -7
leaf_value=0.0024281151473712617 0.00015348306336960237 0.0048148148865611471 -0.0016981129868412919 4.3956228828692178e-05 -0.0099999995971167543 0.0048148148865611471
leaf_weight=312 846 26 52 454 26 26
leaf_count=312 846 26 52 454 26 26
internal_value=0.000464716 3.49408e-05 -5.69393e-05 -0.000637898 -0.00455696 0.000297824
internal_weight=1742 1430 1404 532 78 872
internal_count=1742 1430 1404 532 78 872
is_linear=0
shrinkage=0.05


Tree=193
num_leaves=7
num_cat=0
split_feature=2 3 0 2 2 2
split_gain=2.56617 2.12557 1.58197 0.359623 0.261217 0.81617
threshold=6820.0000000000009 1.0000000180025095e-35 0.014040000000000002 4552.5000000000009 9568.5000000000018 10539.500000000002
decision_type=2 2 2 2 2 2
left_child=1 2 -1 -4 -2 -6
right_child=4 -3 3 -5 5 -7
leaf_value=-0.022291665989905597 0.0030476191639900209 0.0048148148865611471 -0.011904761461274964 -0.0034722219635215075 -0.008148147786657017 0.0006229292643315118
leaf_weight=23 104 26 20 35 26 1508
leaf_count=23 104 26 20 35 26 1508
internal_value=0.000149168 -0.00742857 -0.011519 -0.00669643 0.000634533 0.000469056
internal_weight=1742 104 78 55 1638 1534
internal_count=1742 104 78 55 1638 1534
is_linear=0
shrinkage=0.05


Tree=194
num_leaves=7
num_cat=0
split_feature=2 0 2 2 2 2
split_gain=0.966266 0.255182 0.208551 0.115543 0.477374 0.488225
threshold=12378.000000000002 0.66888500000000006 1148581.0000000002 209711.50000000003 284077.50000000006 244286.50000000003
decision_type=2 2 2 2 2 2
left_child=-1 2 3 -2 5 -5
right_child=1 -3 -4 4 -6 -7
leaf_value=0.0030670927688717462 0.00028659178662812575 0.0048148148865611471 -0.0044444441657375405 -0.00075949347000333332 0.00045289872619120973 -0.0070999996587634093
leaf_weight=312 976 26 26 78 275 49
leaf_count=312 976 26 26 78 275 49
internal_value=0.000550775 1.86134e-10 -9.25265e-05 -7.25145e-06 -0.000719603 -0.00324219
internal_weight=1742 1430 1404 1378 402 127
internal_count=1742 1430 1404 1378 402 127
is_linear=0
shrinkage=0.05


Tree=195
num_leaves=7
num_cat=0
split_feature=2 3 2 2 1 0
split_gain=0.628514 0.774617 0.993219 0.85617 0.579226 0.419015
threshold=85316.500000000015 1.0000000180025095e-35 9568.5000000000018 13475.500000000002 0.94025000000000014 0.2545650000000001
decision_type=2 2 2 2 2 2
left_child=1 5 -3 -4 -5 -1
right_child=-2 2 3 4 -6 -7
leaf_value=-0.00036968557291462771 0.00091236511162635372 -0.0092452826294696557 0.0039622642451299815 -0.0040211637460050133 0.004761904832862672 0.0040677967023546409
leaf_weight=540 832 52 52 188 20 58
leaf_count=540 832 52 52 188 20 58
internal_value=-8.03211e-05 -0.000987925 -0.00300319 -0.00172414 -0.00315789 6.67781e-05
internal_weight=1742 910 312 260 208 598
internal_count=1742 910 312 260 208 598
is_linear=0
shrinkage=0.05


Tree=196
num_leaves=7
num_cat=0
split_feature=2 2 2 2 2 2
split_gain=0.532916 0.56335 0.452509 0.464273 0.467037 0.463926
threshold=349638.00000000006 220356.50000000003 4552.5000000000009 5501.0000000000009 9208.5000000000018 10539.500000000002
decision_type=2 2 2 2 2 2
left_child=1 2 -1 -4 -5 -6
right_child=-2 -3 3 4 5 -7
leaf_value=0.0049056604504585273 -0.0019617222588170658 0.0033333334440742036 -0.0062962959761972779 0.0035238096295368104 -0.0045283016028269283 0.00025916014455918014
leaf_weight=52 208 182 26 104 52 1118
leaf_count=52 208 182 26 104 52 1118
internal_value=0.000407344 0.000729642 0.00037694 0.00019216 0.000329412 4.26987e-05
internal_weight=1742 1534 1352 1300 1274 1170
internal_count=1742 1534 1352 1300 1274 1170
is_linear=0
shrinkage=0.05


Tree=197
num_leaves=7
num_cat=0
split_feature=3 2 2 2 2 2
split_gain=0.455224 0.766729 2.53498 0.565448 0.343054 0.440772
threshold=1.0000000180025095e-35 9208.5000000000018 8085.5000000000009 272834.00000000006 180370.00000000003 11926.000000000002
decision_type=2 2 2 2 2 2
left_child=1 2 -1 4 5 -2
right_child=3 -3 -4 -5 -6 -7
leaf_value=0.0011392406647718406 0.0043037975560637964 -0.00041251758571878434 -0.013018867450783839 -0.001289198391840433 0.0040000000950835999 0.00024830717803662306
leaf_weight=78 78 702 52 286 104 442
leaf_count=78 78 702 52 286 104 442
internal_value=-0.000223752 -0.00106843 -0.00458015 0.000548848 0.001392 0.000863724
internal_weight=1742 832 130 910 624 520
internal_count=1742 832 130 910 624 520
is_linear=0
shrinkage=0.05


Tree=198
num_leaves=7
num_cat=0
split_feature=2 2 2 2 2 0
split_gain=0.544345 0.594863 1.19469 1.74588 0.451209 0.418208
threshold=4552.5000000000009 76340.500000000015 92799.500000000015 85316.500000000015 4459.5000000000009 0.31832000000000005
decision_type=2 2 2 2 2 2
left_child=4 5 3 -3 -1 -2
right_child=1 2 -4 -5 -6 -7
leaf_value=-0.00074074054481806581 0.00035145906410340611 -0.0016981129868412919 -0.00064436163351659886 -0.017407406838955704 -0.0099999995971167543 0.0049074074805334766
leaf_weight=26 753 52 806 26 26 53
leaf_count=26 753 52 806 26 26 53
internal_value=-0.000481928 -0.000325251 -0.00122034 -0.00708861 -0.0054717 0.000656754
internal_weight=1742 1690 884 78 52 806
internal_count=1742 1690 884 78 52 806
is_linear=0
shrinkage=0.05


Tree=199
num_leaves=7
num_cat=0
split_feature=0 2 2 2 2 2
split_gain=0.274246 0.299182 0.703004 0.141086 0.361 0.307846
threshold=0.66888500000000006 9568.5000000000018 10539.500000000002 17951.000000000004 99649.000000000015 85316.500000000015
decision_type=2 2 2 2 2 2
left_child=1 -1 -3 -4 5 -5
right_child=-2 2 3 4 -6 -7
leaf_value=0.0018660288517982765 0.0048387097495217477 -0.008148147786657017 -0.0010742185404524207 0.00085158167529280184 -0.00045275570937185466 0.0048387097495217477
leaf_weight=208 30 26 255 410 761 52
leaf_count=208 30 26 255 410 761 52
internal_value=0.000177854 9.34036e-05 -0.000152824 -6.76114e-06 0.000216503 0.00131749
internal_weight=1742 1712 1504 1478 1223 462
internal_count=1742 1712 1504 1478 1223 462
is_linear=0
shrinkage=0.05


end of trees

feature_importances:
customers=927
p64=150
coastal=63
p34=60

parameters:
[boosting: gbdt]
[objective: custom]
[metric: custom]
[tree_learner: serial]
[device_type: cpu]
[data_sample_strategy: bagging]
[data: ]
[valid: ]
[num_iterations: 200]
[learning_rate: 0.05]
[num_leaves: 7]
[num_threads: 1]
[seed: 0]
[deterministic: 1]
[force_col_wise: 0]
[force_row_wise: 1]
[histogram_pool_size: -1]
[max_depth: -1]
[min_data_in_leaf: 20]
[min_sum_hessian_in_leaf: 0.001]
[bagging_fraction: 1]
[pos_bagging_fraction: 1]
[neg_bagging_fraction: 1]
[bagging_freq: 0]
[bagging_seed: 7719]
[bagging_by_query: 0]
[feature_fraction: 1]
[feature_fraction_bynode: 1]
[feature_fraction_seed: 2437]
[extra_trees: 0]
[extra_seed: 11797]
[early_stopping_round: 0]
[early_stopping_min_delta: 0]
[first_metric_only: 0]
[max_delta_step: 0]
[lambda_l1: 0]
[lambda_l2: 1]
[linear_lambda: 0]
[min_gain_to_split: 0]
[drop_rate: 0.1]
[max_drop: 50]
[skip_drop: 0.5]
[xgboost_dart_mode: 0]
[uniform_drop: 0]
[drop_seed: 21238]
[top_rate: 0.2]
[other_rate: 0.1]
[min_data_per_group: 100]
[max_cat_threshold: 32]
[cat_l2: 10]
[cat_smooth: 10]
[max_cat_to_onehot: 4]
[top_k: 20]
[monotone_constraints: 1,1,0,0]
[monotone_constraints_method: advanced]
[monotone_penalty: 0]
[feature_contri: ]
[forcedsplits_filename: ]
[refit_decay_rate: 0.9]
[cegb_tradeoff: 1]
[cegb_penalty_split: 0]
[cegb_penalty_feature_lazy: ]
[cegb_penalty_feature_coupled: ]
[path_smooth: 0]
[interaction_constraints: ]
[verbosity: -1]
[saved_feature_importance_type: 0]
[use_quantized_grad: 0]
[num_grad_quant_bins: 4]
[quant_train_renew_leaf: 0]
[stochastic_rounding: 1]
[linear_tree: 0]
[max_bin: 255]
[max_bin_by_feature: ]
[min_data_in_bin: 3]
[bin_construct_sample_cnt: 200000]
[data_random_seed: 38]
[is_enable_sparse: 1]
[enable_bundle: 1]
[use_missing: 1]
[zero_as_missing: 0]
[feature_pre_filter: 1]
[pre_partition: 0]
[two_round: 0]
[header: 0]
[label_column: ]
[weight_column: ]
[group_column: ]
[ignore_column: ]
[categorical_feature: ]
[forcedbins_filename: ]
[precise_float_parser: 0]
[parser_config_file: ]
[objective_seed: 8855]
[num_class: 1]
[is_unbalance: 0]
[scale_pos_weight: 1]
[sigmoid: 1]
[boost_from_average: 1]
[reg_sqrt: 0]
[alpha: 0.9]
[fair_c: 1]
[poisson_max_delta_step: 0.7]
[tweedie_variance_power: 1.5]
[lambdarank_truncation_level: 30]
[lambdarank_norm: 1]
[label_gain: ]
[lambdarank_position_bias_regularization: 0]
[eval_at: ]
[multi_error_top_k: 1]
[auc_mu_weights: ]
[num_machines: 1]
[local_listen_port: 12400]
[time_out: 120]
[machine_list_filename: ]
[machines: ]
[gpu_platform_id: -1]
[gpu_device_id: -1]
[gpu_device_id_list: ]
[gpu_use_dp: 0]
[num_gpu: 1]

end of parameters

pandas_categorical:[]
