tree
version=v4
num_class=1
num_tree_per_iteration=1
label_index=0
max_feature_idx=3
feature_names=p64 p34 customers coastal
monotone_constraints=1 1 0 0
feature_infos=[0:0.94938999999999996] [0:0.94999999999999996] [4459:1298256] [0:1]
tree_sizes=743 749 759 754 753 750 757 751 746 741 749 753 750 747 748 748 746 749 758 730 757 756 742 753 759 758 765 750 757 747 752 757 756 759 760 763 757 753 756 758 756 757 757 760 752 742 747 761 761 758 754 756 756 759 768 751 745 756 757 751 760 761 759 757 754 771 767 770 768 752 758 755 730 762 754 762 765 759 761 714 744 731 707 720 732 736 766 767 737 742 755 750 752 770 764 757 754 716 766 736 755 719 753 767 767 736 740 713 723 737 714 719 734 736 721 733 767 757 752 750 733 732 755 763 741 755 755 734 735 753 719 731 742 727 763 737 763 755 746 762 768 751 739 762 756 759 775 718 717 737 713 761 737 739 760 728 736 764 733 763 764 755 748 749 761 752 760 739 762 762 752 753 740 746 740 737 718 743 738 761 748 755 763 762 735 759 751 760 756 770 759 730 761 763 743 743 761 757 740 720

Tree=0
num_leaves=7
num_cat=0
split_feature=0 1 1 2 2 2
split_gain=129.956 19.7412 16.8971 10.4671 7.49599 5.77624
threshold=0.028840000000000005 0.28534000000000004 0.77210000000000012 113856.50000000001 442826.00000000006 13475.500000000002
decision_type=2 2 2 2 2 2
left_child=1 5 4 -3 -2 -1
right_child=2 3 -4 -5 -6 -7
leaf_value=-0.0092499999999999995 0.0087882096069868999 0.003324468085106383 0.021052631578947368 -0.013939393939393941 -0.013939393939393941 -0.022850122850122851
leaf_weight=99 457 187 398 164 31 406
leaf_count=99 457 187 398 164 31 406
internal_value=0 -0.0138856 0.013416 -0.00475852 0.00715746 -0.0202075
internal_weight=1742 856 886 351 488 505
internal_count=1742 856 886 351 488 505
is_linear=0
shrinkage=0.05


Tree=1
num_leaves=7
num_cat=0
split_feature=0 1 2 2 2 2
split_gain=76.7954 19.7741 12.0088 6.31594 5.15062 4.558
threshold=0.0085550000000000018 0.84990500000000002 92799.500000000015 27900.500000000004 975148.50000000012 8945.0000000000018
decision_type=2 2 2 2 2 2
left_child=2 4 3 -1 5 -2
right_child=1 -3 -4 -5 -6 -7
leaf_value=-0.011617647058823531 0.016494845360824743 0.020257234726688104 -0.020817843866171006 0.004336734693877551 -0.016346153846153847 0.0049807197943444736
leaf_weight=169 96 310 268 97 25 777
leaf_count=169 96 310 268 97 25 777
internal_value=0.00240964 0.00938792 -0.0133645 -0.00580524 0.00561735 0.0062643
internal_weight=1742 1208 534 266 898 873
internal_count=1742 1208 534 266 898 873
is_linear=0
shrinkage=0.05


Tree=2
num_leaves=7
num_cat=0
split_feature=0 2 1 2 2 2
split_gain=17.7081 10.0274 5.83814 7.23898 4.73388 3.45278
threshold=0.21888000000000005 109786.50000000001 0.68084000000000011 76340.500000000015 8085.5000000000009 19676.000000000004
decision_type=2 2 2 2 2 2
left_child=1 2 4 -4 -1 -6
right_child=-2 -3 3 -5 5 -7
leaf_value=0.0097087378640776708 0.019635627530364373 0.010337370242214533 0.01579861111111111 -0.00020979020979020979 -0.0063176895306859202 -0.00020979020979020979
leaf_weight=102 246 577 143 62 276 336
leaf_count=102 246 577 143 62 276 336
internal_value=0.00722892 0.00517702 0.00192935 0.00934466 -0.00020979 -0.00187602
internal_weight=1742 1496 919 205 714 612
internal_count=1742 1496 919 205 714 612
is_linear=0
shrinkage=0.05


Tree=3
num_leaves=7
num_cat=0
split_feature=1 2 0 2 2 0
split_gain=32.8483 12.3073 5.71008 5.39979 8.35568 5.11779
threshold=0.83880500000000013 106179.50000000001 0.044525000000000002 76340.500000000015 109786.50000000001 0.19782500000000003
decision_type=2 2 2 2 2 2
left_child=1 -1 -3 -2 -5 -6
right_child=3 2 -4 4 5 -7
leaf_value=0.0031360946745562137 0.024113475177304965 -0.0098307291666666682 0.0011695906432748538 0.0031360946745562137 0.0031360946745562137 0.022764227642276424
leaf_weight=844 140 383 170 44 39 122
leaf_count=844 140 383 170 44 39 122
internal_value=0.00275387 -0.00066166 -0.00645307 0.0165462 0.0112864 0.0177469
internal_weight=1742 1397 553 345 205 161
internal_count=1742 1397 553 345 205 161
is_linear=0
shrinkage=0.05


Tree=4
num_leaves=7
num_cat=0
split_feature=0 2 2 2 2 1
split_gain=20.2378 6.53308 7.82092 6.9574 12.0393 8.21836
threshold=0.19338000000000002 4459.5000000000009 5501.0000000000009 103148.50000000001 85316.500000000015 0.74992500000000006
decision_type=2 2 2 2 2 2
left_child=1 -1 -3 4 5 -4
right_child=-2 2 3 -5 -6 -7
leaf_value=-0.022222222222222223 0.016845878136200719 0.016845878136200719 -0.0013776337115072935 0.0059113300492610842 -0.020547945205479451 0.014141414141414142
leaf_weight=26 278 44 616 608 72 98
leaf_count=26 278 44 616 608 72 98
internal_value=0.00450373 0.00215017 0.00260598 0.00189964 -0.00120712 0.000769231
internal_weight=1742 1464 1438 1394 786 714
internal_count=1742 1464 1438 1394 786 714
is_linear=0
shrinkage=0.05


Tree=5
num_leaves=7
num_cat=0
split_feature=0 2 2 2 2 1
split_gain=24.6625 7.1105 8.01615 6.52665 5.90706 3.54482
threshold=0.20589000000000005 130562.00000000001 188874.50000000003 109786.50000000001 5501.0000000000009 0.25106500000000004
decision_type=2 2 2 2 2 2
left_child=1 3 -3 4 -1 -6
right_child=-2 2 -4 -5 5 -7
leaf_value=0.015492957746478873 0.016920152091254755 -0.019863013698630139 -0.0019275700934579438 0.016920152091254755 -0.0042124542124542131 0.0027145359019264451
leaf_weight=70 262 72 427 69 272 570
leaf_count=70 262 72 427 69 272 570
internal_value=0.00281124 0.000303849 -0.00455 0.00277495 0.00164294 0.000474496
internal_weight=1742 1480 499 981 912 842
internal_count=1742 1480 499 981 912 842
is_linear=0
shrinkage=0.05


Tree=6
num_leaves=7
num_cat=0
split_feature=0 2 2 2 2 2
split_gain=17.3788 5.13879 9.73813 2.91131 4.78249 2.85256
threshold=0.26013500000000006 4459.5000000000009 6820.0000000000009 349638.00000000006 284077.50000000006 244286.50000000003
decision_type=2 2 2 2 2 2
left_child=1 -1 -3 4 5 -4
right_child=-2 2 3 -5 -6 -7
leaf_value=-0.018518518518518517 0.019251336898395723 0.019251336898395723 0.0030638297872340424 -0.0034285714285714288 0.015060240963855423 -0.011428571428571429
leaf_weight=26 186 66 1174 174 82 34
leaf_count=26 186 66 1174 174 82 34
internal_value=0.00484796 0.00311496 0.00349445 0.00262799 0.00344694 0.00264682
internal_weight=1742 1556 1530 1464 1290 1208
internal_count=1742 1556 1530 1464 1290 1208
is_linear=0
shrinkage=0.05


Tree=7
num_leaves=7
num_cat=0
split_feature=0 2 2 2 2 2
split_gain=16.4824 3.19333 8.9713 2.87083 2.29064 4.40819
threshold=0.21888000000000005 76340.500000000015 284077.50000000006 4552.5000000000009 9208.5000000000018 8945.0000000000018
decision_type=2 2 2 2 2 2
left_child=3 -2 -3 -1 5 -5
right_child=1 2 -4 4 -6 -7
leaf_value=0.012264150943396227 0.021428571428571429 0.0008350033400133602 0.023161764705882354 -0.00087209302325581394 0.0008350033400133602 -0.024074074074074074
leaf_weight=52 104 75 67 85 1333 26
leaf_count=52 104 75 67 85 1333 26
internal_value=0.00281124 0.0147773 0.00979021 0.000835003 0.000415225 -0.00647321
internal_weight=1742 246 142 1496 1444 111
internal_count=1742 246 142 1496 1444 111
is_linear=0
shrinkage=0.05


Tree=8
num_leaves=7
num_cat=0
split_feature=0 2 2 2 2 2
split_gain=18.5175 3.77168 3.19333 9.0583 1.27643 1.23957
threshold=0.21888000000000005 4459.5000000000009 76340.500000000015 284077.50000000006 4552.5000000000009 199147.00000000003
decision_type=2 2 2 2 2 2
left_child=1 -1 -2 -4 -3 -6
right_child=2 4 3 -5 5 -7
leaf_value=-0.018518518518518517 0.021428571428571429 0.011111111111111112 0.00033990482664853844 0.023161764705882354 0.00033990482664853844 -0.0025128865979381445
leaf_weight=26 104 26 75 67 1057 387
leaf_count=26 104 26 75 67 1057 387
internal_value=0.00209409 0 0.0147773 0.00979021 0.000339905 0.000138408
internal_weight=1742 1496 246 142 1470 1444
internal_count=1742 1496 246 142 1470 1444
is_linear=0
shrinkage=0.05


Tree=9
num_leaves=7
num_cat=0
split_feature=0 2 2 2 1 2
split_gain=11.0544 5.75849 3.33863 4.81657 1.18368 1.02849
threshold=0.21888000000000005 511381.00000000006 76340.500000000015 284077.50000000006 0.85011000000000003 381882.50000000006
decision_type=2 2 2 2 2 2
left_child=1 -1 4 -4 -2 -5
right_child=2 -3 3 5 -6 -7
leaf_value=0.00064981949458483765 0.012389380530973451 0.012389380530973451 0.00064981949458483765 0.022023809523809525 0.024117647058823532 0.012389380530973451
leaf_weight=1384 20 112 75 41 84 26
leaf_count=1384 20 112 75 41 84 26
internal_value=0.00315548 0.00153641 0.0129555 0.0123894 0.0214286 0.0165441
internal_weight=1742 1496 246 142 104 67
internal_count=1742 1496 246 142 104 67
is_linear=0
shrinkage=0.05


Tree=10
num_leaves=7
num_cat=0
split_feature=0 2 2 1 2 2
split_gain=14.9533 5.70807 4.7613 2.31993 2.25645 1.62695
threshold=0.19338000000000002 76340.500000000015 284077.50000000006 0.8205800000000002 197890.00000000003 349638.00000000006
decision_type=2 2 2 2 2 2
left_child=4 3 -3 -2 -1 -4
right_child=1 2 5 -5 -6 -7
leaf_value=-0.00044368600682593863 0.0047619047619047623 -0.00044368600682593863 0.024193548387096777 0.023724489795918371 -0.0042085427135678394 0.0088888888888888889
leaf_weight=1067 20 87 30 97 397 44
leaf_count=1067 20 87 30 97 397 44
internal_value=0.00157774 0.0121864 0.00601852 0.0205508 -0.000443686 0.0153333
internal_weight=1742 278 161 117 1464 74
internal_count=1742 278 161 117 1464 74
is_linear=0
shrinkage=0.05


Tree=11
num_leaves=7
num_cat=0
split_feature=0 2 2 2 2 2
split_gain=12.5172 5.74394 4.09817 1.96616 3.6448 1.90448
threshold=0.21888000000000005 76340.500000000015 284077.50000000006 511381.00000000006 584181.50000000012 381882.50000000006
decision_type=2 2 2 2 2 2
left_child=3 -2 -3 5 -5 -1
right_child=1 2 -4 4 -6 -7
leaf_value=0.00040080160320641282 0.021428571428571429 0.00040080160320641282 0.015073529411764706 -0.022222222222222223 -0.0011494252873563218 0.011111111111111112
leaf_weight=1340 104 75 67 26 86 44
leaf_count=1340 104 75 67 26 86 44
internal_value=0.00212278 0.0125506 0.00594406 0.000400802 -0.00619469 0.000400802
internal_weight=1742 246 142 1496 112 1384
internal_count=1742 246 142 1496 112 1384
is_linear=0
shrinkage=0.05


Tree=12
num_leaves=7
num_cat=0
split_feature=1 2 0 2 2 2
split_gain=11.6817 3.77297 3.874 0.835623 7.59771 0.88303
threshold=0.94994000000000012 76340.500000000015 0.48959000000000003 66734.500000000015 81611.500000000015 109786.50000000001
decision_type=2 2 2 2 2 2
left_child=3 -2 -3 -1 -5 -6
right_child=1 2 -4 4 5 -7
leaf_value=0.0020639147802929427 0.022289156626506025 0.00085823267641449473 0.02013888888888889 -0.018750000000000003 -0.002980132450331126 0.00085823267641449473
leaf_weight=750 82 53 35 51 150 621
leaf_count=750 82 53 35 51 150 621
internal_value=0.00220884 0.0146199 0.00730337 0.000858233 -0.000243013 0.000858233
internal_weight=1742 170 88 1572 822 771
internal_count=1742 170 88 1572 822 771
is_linear=0
shrinkage=0.05


Tree=13
num_leaves=7
num_cat=0
split_feature=0 2 0 1 2 2
split_gain=12.8875 6.21185 4.02071 2.31993 1.93977 0.890215
threshold=0.19338000000000002 76340.500000000015 0.48959000000000003 0.8205800000000002 284077.50000000006 37288.000000000007
decision_type=2 2 2 2 2 2
left_child=5 3 4 -2 -3 -1
right_child=1 2 -4 -5 -6 -7
leaf_value=-0.0018598615916955018 0.0047619047619047623 0.00010238907849829352 0.02013888888888889 0.023724489795918371 0.0097222222222222224 0.00010238907849829352
leaf_weight=577 20 73 35 97 53 887
leaf_count=577 20 73 35 97 53 887
internal_value=0.00197935 0.011828 0.00540123 0.0205508 0.0011811 0.000102389
internal_weight=1742 278 161 117 126 1464
internal_count=1742 278 161 117 126 1464
is_linear=0
shrinkage=0.05


Tree=14
num_leaves=7
num_cat=0
split_feature=0 2 0 1 2 2
split_gain=11.8578 6.21185 4.02071 2.31993 1.78677 1.24053
threshold=0.19338000000000002 76340.500000000015 0.48959000000000003 0.8205800000000002 284077.50000000006 188874.50000000003
decision_type=2 2 2 2 2 2
left_child=5 3 4 -2 -3 -1
right_child=1 2 -4 -5 -6 -7
leaf_value=0.00058020477815699659 0.0047619047619047623 0.00058020477815699659 0.02013888888888889 0.023724489795918371 0.0097222222222222224 -0.0021276595744680851
leaf_weight=1042 20 73 35 97 53 422
leaf_count=1042 20 73 35 97 53 422
internal_value=0.00238095 0.011828 0.00540123 0.0205508 0.0011811 0.000580205
internal_weight=1742 278 161 117 126 1464
internal_count=1742 278 161 117 126 1464
is_linear=0
shrinkage=0.05


Tree=15
num_leaves=7
num_cat=0
split_feature=1 2 0 2 2 2
split_gain=10.6776 3.77297 3.80749 0.885618 0.383696 4.08336
threshold=0.94994000000000012 76340.500000000015 0.48959000000000003 975148.50000000012 37288.000000000007 38806.000000000007
decision_type=2 2 2 2 2 2
left_child=3 -2 -3 4 -1 -6
right_child=1 2 -4 -5 5 -7
leaf_value=0.00016420361247947455 0.022289156626506025 0.0014621741894469168 0.02013888888888889 -0.0055555555555555558 0.022289156626506025 0.0014621741894469168
leaf_weight=608 82 53 35 44 22 898
leaf_count=608 82 53 35 44 22 898
internal_value=0.00275387 0.0146199 0.00730337 0.00146217 0.00146217 0.00146217
internal_weight=1742 170 88 1572 1528 920
internal_count=1742 170 88 1572 1528 920
is_linear=0
shrinkage=0.05


Tree=16
num_leaves=7
num_cat=0
split_feature=0 2 0 1 2 2
split_gain=10.6996 6.73634 4.35735 2.31993 1.37829 2.7737
threshold=0.19338000000000002 76340.500000000015 0.48959000000000003 0.8205800000000002 284077.50000000006 1148581.0000000002
decision_type=2 2 2 2 2 2
left_child=5 3 4 -2 -3 -1
right_child=1 2 -4 -5 -6 -7
leaf_value=0.00041695621959694231 0.0047619047619047623 0.00078498293515358363 0.02013888888888889 0.023724489795918371 0.0087962962962962968 0.0087962962962962968
leaf_weight=1438 20 73 35 97 53 26
leaf_count=1438 20 73 35 97 53 26
internal_value=0.0024957 0.0114695 0.00478395 0.0205508 0.000784983 0.000784983
internal_weight=1742 278 161 117 126 1464
internal_count=1742 278 161 117 126 1464
is_linear=0
shrinkage=0.05


Tree=17
num_leaves=7
num_cat=0
split_feature=0 2 0 1 2 2
split_gain=10.6659 6.0294 4.365 2.07296 1.50674 0.640325
threshold=0.19338000000000002 76340.500000000015 0.48959000000000003 0.8205800000000002 284077.50000000006 272834.00000000006
decision_type=2 2 2 2 2 2
left_child=5 3 4 -2 -3 -1
right_child=1 2 -4 -5 -6 -7
leaf_value=0.00044368600682593863 0.0047619047619047623 0.00044368600682593863 0.02013888888888889 0.022704081632653063 0.0087962962962962968 -0.0020669291338582681
leaf_weight=1211 20 73 35 97 53 253
leaf_count=1211 20 73 35 97 53 253
internal_value=0.00215146 0.0111111 0.00478395 0.0197034 0.000443686 0.000443686
internal_weight=1742 278 161 117 126 1464
internal_count=1742 278 161 117 126 1464
is_linear=0
shrinkage=0.05


Tree=18
num_leaves=7
num_cat=0
split_feature=0 2 0 3 0 2
split_gain=10.674 3.27784 3.56518 1.22206 3.64096 2.44605
threshold=0.28910500000000006 76340.500000000015 0.48959000000000003 1.0000000180025095e-35 0.0016650000000000002 209711.50000000003
decision_type=2 2 2 2 2 2
left_child=3 -2 -3 4 -1 -6
right_child=1 2 -4 -5 5 -7
leaf_value=-0.0070048309178743972 0.023076923076923078 0.00065913370998116772 0.02013888888888889 0.00065913370998116772 0.00065913370998116772 -0.0070048309178743972
leaf_weight=206 64 51 35 827 481 78
leaf_count=206 64 51 35 827 481 78
internal_value=0.0018646 0.0145695 0.00804598 0.000659134 -0.00133812 0.000659134
internal_weight=1742 150 86 1592 765 559
internal_count=1742 150 86 1592 765 559
is_linear=0
shrinkage=0.05


Tree=19
num_leaves=7
num_cat=0
split_feature=0 0 2 1 2 2
split_gain=8.36174 2.26212 5.2679 2.95042 1.34379 0.743962
threshold=0.48959000000000003 0.16899500000000003 76340.500000000015 0.80744500000000008 284077.50000000006 17951.000000000004
decision_type=2 2 2 2 2 2
left_child=1 5 3 -3 -4 -1
right_child=-2 2 4 -5 -6 -7
leaf_value=0 0.022033898305084745 0.0020993701889433169 0.0020993701889433169 0.020000000000000004 0.0099137931034482766 0.0020993701889433169
leaf_weight=422 58 24 91 84 57 1006
leaf_count=422 58 24 91 84 57 1006
internal_value=0.0035284 0.00287834 0.00719844 0.0155963 0.00209937 0.00209937
internal_weight=1742 1684 256 108 148 1428
internal_count=1742 1684 256 108 148 1428
is_linear=0
shrinkage=0.05


Tree=20
num_leaves=7
num_cat=0
split_feature=0 0 2 1 2 2
split_gain=9.46104 3.02363 5.23083 2.57914 1.44006 0.933668
threshold=0.48959000000000003 0.17806500000000003 76340.500000000015 0.80744500000000008 284077.50000000006 244286.50000000003
decision_type=2 2 2 2 2 2
left_child=1 5 3 -3 -4 -1
right_child=-2 2 4 -5 -6 -7
leaf_value=0.00079584775086505202 0.022033898305084745 0.00079584775086505202 0.00079584775086505202 0.019277108433734941 0.008771929824561403 -0.0021780303030303032
leaf_weight=1181 58 22 80 82 56 263
leaf_count=1181 58 22 80 82 56 263
internal_value=0.00235227 0.00166172 0.00684647 0.0152381 0.000795848 0.000795848
internal_weight=1742 1684 240 104 136 1444
internal_count=1742 1684 240 104 136 1444
is_linear=0
shrinkage=0.05


Tree=21
num_leaves=7
num_cat=0
split_feature=0 0 2 1 2 2
split_gain=9.40587 2.28732 4.71369 2.50035 1.49961 1.07152
threshold=0.48959000000000003 0.16221000000000005 76340.500000000015 0.80744500000000008 284077.50000000006 130562.00000000001
decision_type=2 2 2 2 2 2
left_child=1 5 3 -3 -4 -1
right_child=-2 2 4 -5 -6 -7
leaf_value=-0.00077457264957264964 0.022033898305084745 0.00091743119266055051 0.00091743119266055051 0.017816091954022988 0.0090517241379310352 0.00091743119266055051
leaf_weight=935 58 29 96 86 57 481
leaf_count=935 58 29 96 86 57 481
internal_value=0.00240964 0.00172107 0.00594796 0.0135776 0.000917431 0.000917431
internal_weight=1742 1684 268 115 153 1416
internal_count=1742 1684 268 115 153 1416
is_linear=0
shrinkage=0.05


Tree=22
num_leaves=7
num_cat=0
split_feature=0 0 2 1 2 2
split_gain=9.26865 2.13258 4.24931 2.11101 1.29377 1.04644
threshold=0.48959000000000003 0.17806500000000003 76340.500000000015 0.80744500000000008 284077.50000000006 15055.000000000002
decision_type=2 2 2 2 2 2
left_child=1 -1 3 -3 -4 -5
right_child=-2 2 4 5 -6 -7
leaf_value=0.0011418685121107267 0.022033898305084745 0.0011418685121107267 0.0011418685121107267 0.022033898305084745 0.008771929824561403 0.011309523809523811
leaf_weight=1444 58 22 80 41 56 41
leaf_count=1444 58 22 80 41 56 41
internal_value=0.00255307 0.00186944 0.00622407 0.0138095 0.00114187 0.0174699
internal_weight=1742 1684 240 104 136 82
internal_count=1742 1684 240 104 136 82
is_linear=0
shrinkage=0.05


Tree=23
num_leaves=7
num_cat=0
split_feature=0 0 2 2 2 2
split_gain=9.88431 2.7767 3.68204 1.98692 1.88647 1.67
threshold=0.42692000000000002 0.16221000000000005 14170.500000000002 4552.5000000000009 284077.50000000006 60417.000000000007
decision_type=2 2 2 2 2 2
left_child=1 3 -3 -1 5 -4
right_child=-2 2 4 -5 -6 -7
leaf_value=0.0091346153846153851 0.018072289156626505 0.018072289156626505 0.0076271186440677978 -0.00082357247437774526 0.010784313725490198 -0.00082357247437774526
leaf_weight=51 82 42 58 1365 50 94
leaf_count=51 82 42 58 1365 50 94
internal_value=0.00123351 0.000391331 0.00530612 -0.000458716 0.00246305 -0.000326797
internal_weight=1742 1660 244 1416 202 152
internal_count=1742 1660 244 1416 202 152
is_linear=0
shrinkage=0.05


Tree=24
num_leaves=7
num_cat=0
split_feature=0 0 2 1 2 2
split_gain=9.61311 2.23706 3.94271 1.91712 1.60815 1.29967
threshold=0.48959000000000003 0.16221000000000005 60417.000000000007 0.80744500000000008 284077.50000000006 4459.5000000000009
decision_type=2 2 2 2 2 2
left_child=1 5 3 -3 -4 -1
right_child=-2 2 4 -5 -6 -7
leaf_value=-0.011111111111111112 0.021186440677966101 0.00083333333333333339 -0.00014114326040931546 0.015773809523809523 0.0081896551724137939 -0.00014114326040931546
leaf_weight=26 58 29 99 83 57 1390
leaf_count=26 58 29 99 83 57 1390
internal_value=0.00134825 0.000652819 0.00483271 0.0119469 -0.000141143 -0.000141143
internal_weight=1742 1684 268 112 156 1416
internal_count=1742 1684 268 112 156 1416
is_linear=0
shrinkage=0.05


Tree=25
num_leaves=7
num_cat=0
split_feature=0 2 2 2 2 1
split_gain=7.44135 1.60927 1.23001 5.64987 5.07073 3.94657
threshold=0.43805000000000005 5501.0000000000009 130562.00000000001 99649.000000000015 197890.00000000003 0.24913000000000005
decision_type=2 2 2 2 2 2
left_child=1 -1 3 -3 -4 -5
right_child=-2 2 4 5 -6 -7
leaf_value=0.0084415584415584426 0.01708860759493671 0.0015515222482435599 0.012990196078431375 -0.024242424242424246 0.00072164948453608258 -0.0046218487394957984
leaf_weight=76 78 853 101 32 484 118
leaf_count=76 78 853 101 32 484 118
internal_value=0.00209409 0.00138138 0.00103839 -2.49004e-05 0.00285836 -0.0089404
internal_weight=1742 1664 1588 1003 585 150
internal_count=1742 1664 1588 1003 585 150
is_linear=0
shrinkage=0.05


Tree=26
num_leaves=7
num_cat=0
split_feature=0 0 2 2 1 2
split_gain=9.76323 3.39153 2.6859 5.19389 6.37066 3.24821
threshold=0.43805000000000005 0.15286000000000002 106179.50000000001 220356.50000000003 0.15064500000000003 92799.500000000015
decision_type=2 2 2 2 2 2
left_child=1 2 5 4 -4 -1
right_child=-2 -3 3 -5 -6 -7
leaf_value=-0.0013654096228868662 0.01708860759493671 0.0041516245487364621 -0.023106060606060606 8.7412587412587413e-05 -0.0051724137931034482 0.0041516245487364621
leaf_weight=768 78 276 65 285 202 68
leaf_count=768 78 276 65 285 202 68
internal_value=-8.60585e-05 -0.000900901 -0.00190785 -0.00461121 -0.00960821 -0.000119474
internal_weight=1742 1664 1388 552 267 836
internal_count=1742 1664 1388 552 267 836
is_linear=0
shrinkage=0.05


Tree=27
num_leaves=7
num_cat=0
split_feature=0 2 2 0 2 2
split_gain=7.05445 2.4167 2.4488 1.79812 1.74015 4.2381
threshold=0.48959000000000003 975148.50000000012 1148581.0000000002 0.29426000000000002 92799.500000000015 197890.00000000003
decision_type=2 2 2 2 2 2
left_child=1 3 -3 4 -1 -6
right_child=-2 2 -4 -5 5 -7
leaf_value=0.00037185354691075519 0.019491525423728815 -0.020000000000000004 0.0018518518518518519 0.0094512195121951234 0.008611111111111111 0.00054611650485436895
leaf_weight=873 58 24 26 81 269 411
leaf_count=873 58 24 26 81 269 411
internal_value=0.0024957 0.00189911 -0.00882353 0.00223242 0.00185006 0.00374449
internal_weight=1742 1684 50 1634 1553 680
internal_count=1742 1684 50 1634 1553 680
is_linear=0
shrinkage=0.05


Tree=28
num_leaves=7
num_cat=0
split_feature=0 2 2 1 2 2
split_gain=7.54077 1.587 6.28608 3.97104 8.60593 2.18502
threshold=0.55449500000000007 109786.50000000001 106179.50000000001 0.74992500000000006 76340.500000000015 197890.00000000003
decision_type=2 2 2 2 2 2
left_child=1 2 3 -1 -5 -3
right_child=-2 5 -4 4 -6 -7
leaf_value=-0.0013242894056847546 0.021276595744680854 0.0076271186440677978 -0.024074074074074074 0.012642045454545456 -0.0013242894056847546 0.0011546184738955823
leaf_weight=773 46 176 26 175 49 497
leaf_count=773 46 176 26 175 49 497
internal_value=0.00152037 0.000972304 -0.000268555 0.000375752 0.00622222 0.00285608
internal_weight=1742 1696 1023 997 224 673
internal_count=1742 1696 1023 997 224 673
is_linear=0
shrinkage=0.05


Tree=29
num_leaves=7
num_cat=0
split_feature=0 2 2 2 2 3
split_gain=8.05322 3.08427 3.34584 4.9666 3.73764 3.14574
threshold=0.55449500000000007 106179.50000000001 188874.50000000003 130562.00000000001 109786.50000000001 1.0000000180025095e-35
decision_type=2 2 2 2 2 2
left_child=1 -1 3 4 -3 -5
right_child=-2 2 -4 5 -6 -7
leaf_value=0.0020791583166332667 0.021276595744680854 -0.016666666666666666 -0.0002385496183206107 -0.0028846153846153848 0.0050675675675675678 -0.024528301886792454
leaf_weight=997 46 26 523 25 73 52
leaf_count=997 46 26 523 25 73 52
internal_value=0.000860585 0.000294638 -0.00225 -0.00819209 -0.00075 -0.0176282
internal_weight=1742 1696 699 176 99 77
internal_count=1742 1696 699 176 99 77
is_linear=0
shrinkage=0.05


Tree=30
num_leaves=7
num_cat=0
split_feature=0 2 0 2 2 2
split_gain=6.83194 2.46802 2.40392 1.08982 1.49686 5.15063
threshold=0.29426000000000002 76340.500000000015 0.60297000000000012 11576.500000000002 103148.50000000001 92799.500000000015
decision_type=2 2 2 2 2 2
left_child=3 -2 -3 -1 5 -5
right_child=1 2 -4 4 -6 -7
leaf_value=0.0023565573770491805 0.018145161290322582 -0.0004032258064516129 0.017999999999999999 -0.0018225039619651348 -0.0004032258064516129 -0.018499999999999999
leaf_weight=243 61 61 24 630 674 49
leaf_count=243 61 61 24 630 674 49
internal_value=0.000229489 0.0105442 0.00494186 -0.0007201 -0.001274 -0.00305147
internal_weight=1742 146 85 1596 1353 679
internal_count=1742 146 85 1596 1353 679
is_linear=0
shrinkage=0.05


Tree=31
num_leaves=7
num_cat=0
split_feature=0 2 0 2 2 2
split_gain=5.49713 1.75098 1.2376 2.96297 0.683596 0.79405
threshold=0.60297000000000012 4459.5000000000009 0.29426000000000002 22520.500000000004 4552.5000000000009 17951.000000000004
decision_type=2 2 2 2 2 2
left_child=1 -1 4 -4 -3 -6
right_child=-2 2 3 -5 5 -7
leaf_value=-0.011111111111111112 0.020512820512820513 0.0092592592592592587 0.017948717948717951 0.0013685550604710375 -0.00086848635235732021 0.0013685550604710375
leaf_weight=26 38 26 38 70 402 1142
leaf_count=26 38 26 38 70 402 1142
internal_value=0.00195066 0.00152493 0.00172722 0.00688073 0.00136856 0.00122977
internal_weight=1742 1704 1678 108 1570 1544
internal_count=1742 1704 1678 108 1570 1544
is_linear=0
shrinkage=0.05


Tree=32
num_leaves=7
num_cat=0
split_feature=0 2 2 2 2 2
split_gain=4.95167 2.03592 1.44124 1.01505 3.948 0.923252
threshold=0.43805000000000005 155542.00000000003 5501.0000000000009 511381.00000000006 442826.00000000006 209711.50000000003
decision_type=2 2 2 2 2 2
left_child=2 -2 -1 4 5 -4
right_child=1 -3 3 -5 -6 -7
leaf_value=0.0077922077922077922 0.021875000000000002 0.0056250000000000007 0.0013747884940778343 0.0052083333333333339 -0.018518518518518517 -0.0019011406844106464
leaf_weight=76 39 39 1181 119 26 262
leaf_count=76 39 39 1181 119 26 262
internal_value=0.00169248 0.0139241 0.00111111 0.000786658 0.00042517 0.000779086
internal_weight=1742 78 1664 1588 1469 1443
internal_count=1742 78 1664 1588 1469 1443
is_linear=0
shrinkage=0.05


Tree=33
num_leaves=7
num_cat=0
split_feature=2 0 2 2 2 0
split_gain=7.95745 6.92234 3.18542 2.88507 1.35662 3.00923
threshold=790013.00000000012 0.29426000000000002 442826.00000000006 584181.50000000012 130562.00000000001 0.0012250000000000002
decision_type=2 2 2 2 2 2
left_child=1 2 4 -4 5 -1
right_child=-2 -3 3 -5 -6 -7
leaf_value=-0.0057491289198606278 -0.01518987341772152 0.01177536231884058 0.01177536231884058 -0.0071428571428571426 0.0019927536231884057 0.0002642007926023778
leaf_weight=286 78 137 52 20 413 756
leaf_count=286 78 137 52 20 413 756
internal_value=0.000315548 0.00105105 8.18063e-05 0.010274 -0.000429258 -0.00139022
internal_weight=1742 1664 1527 72 1455 1042
internal_count=1742 1664 1527 72 1455 1042
is_linear=0
shrinkage=0.05


Tree=34
num_leaves=7
num_cat=0
split_feature=0 2 2 2 1 2
split_gain=2.21374 3.82616 5.4472 2.69263 4.21827 2.32257
threshold=0.29426000000000002 790013.00000000012 511381.00000000006 188874.50000000003 0.15000500000000003 92799.500000000015
decision_type=2 2 2 2 2 2
left_child=1 2 3 5 -5 -1
right_child=-2 -3 -4 4 -6 -7
leaf_value=0.0013443935926773457 0.007823129251700681 0.007823129251700681 -0.015957446808510641 -0.020689655172413793 -0.00081360946745562138 0.0068647540983606571
leaf_weight=873 146 69 46 28 337 243
leaf_count=873 146 69 46 28 337 243
internal_value=0.00195066 0.00140889 0.000801702 0.00133266 -0.00239071 0.00255148
internal_weight=1742 1596 1527 1481 365 1116
internal_count=1742 1596 1527 1481 365 1116
is_linear=0
shrinkage=0.05


Tree=35
num_leaves=7
num_cat=0
split_feature=2 0 2 2 2 2
split_gain=3.1022 3.23739 2.50705 4.0605 1.61422 1.32226
threshold=284077.50000000006 0.43805000000000005 272834.00000000006 220356.50000000003 209711.50000000003 180370.00000000003
decision_type=2 2 2 2 2 2
left_child=1 2 3 4 5 -1
right_child=-2 -3 -4 -5 -6 -7
leaf_value=-0.0001328609388839681 0.0062300319488817896 0.012980769230769233 -0.014814814814814815 0.012980769230769233 -0.0084905660377358489 0.0051923076923076931
leaf_weight=1128 312 51 26 44 52 129
leaf_count=1128 312 51 26 44 52 129
internal_value=0.00172117 0.000733753 0.000271739 0.000572378 5.72519e-05 0.000417329
internal_weight=1742 1430 1379 1353 1309 1257
internal_count=1742 1430 1379 1353 1309 1257
is_linear=0
shrinkage=0.05


Tree=36
num_leaves=7
num_cat=0
split_feature=2 0 2 2 0 2
split_gain=6.72612 2.49298 0.950581 3.9758 1.67885 1.481
threshold=1148581.0000000002 0.61591000000000007 511381.00000000006 442826.00000000006 0.29426000000000002 975148.50000000012
decision_type=2 2 2 2 2 2
left_child=1 2 3 4 -1 -4
right_child=-2 -3 5 -5 -6 -7
leaf_value=0.00039491758241758242 -0.024074074074074074 0.014285714285714285 0.0091216216216216221 -0.018518518518518517 0.0069711538461538465 -0.004807692307692308
leaf_weight=1455 26 34 73 26 103 25
leaf_count=1455 26 34 73 26 103 25
internal_value=0.000688468 0.00107746 0.000802139 0.000504732 0.000833868 0.00555556
internal_weight=1742 1716 1682 1584 1558 98
internal_count=1742 1716 1682 1584 1558 98
is_linear=0
shrinkage=0.05


Tree=37
num_leaves=7
num_cat=0
split_feature=2 2 2 0 1 2
split_gain=4.24944 5.74314 3.32619 3.08984 2.9209 1.66297
threshold=1148581.0000000002 511381.00000000006 442826.00000000006 0.29426000000000002 0.21569500000000003 76340.500000000015
decision_type=2 2 2 2 2 2
left_child=1 2 3 -1 -3 -5
right_child=-2 4 -4 5 -6 -7
leaf_value=0.00015453296703296703 0.020370370370370372 -0.02416666666666667 0.018518518518518517 0.014112903225806453 -0.0055921052631578948 0.0028169014084507044
leaf_weight=1455 26 29 26 61 75 70
leaf_count=1455 26 29 26 61 75 70
internal_value=0.000688468 0.000378567 0.00111593 0.000819156 -0.0109524 0.00814394
internal_weight=1742 1716 1612 1586 104 131
internal_count=1742 1716 1612 1586 104 131
is_linear=0
shrinkage=0.05


Tree=38
num_leaves=7
num_cat=0
split_feature=0 2 2 0 2 2
split_gain=2.52004 1.98667 3.87115 1.55849 1.39078 1.28397
threshold=0.61591000000000007 511381.00000000006 442826.00000000006 0.29426000000000002 76340.500000000015 284077.50000000006
decision_type=2 2 2 2 2 2
left_child=1 2 3 -1 -5 -6
right_child=-2 -3 -4 4 5 -7
leaf_value=0.00015453296703296703 0.014285714285714285 0.0068000000000000005 -0.018518518518518517 0.012500000000000001 0.00015453296703296703 0.011111111111111112
leaf_weight=1455 34 124 26 49 28 26
leaf_count=1455 34 124 26 49 28 26
internal_value=0.00100402 0.000731422 0.000252366 0.000577293 0.00649038 0.000909091
internal_weight=1742 1708 1584 1558 103 54
internal_count=1742 1708 1584 1558 103 54
is_linear=0
shrinkage=0.05


Tree=39
num_leaves=7
num_cat=0
split_feature=2 2 2 2 2 0
split_gain=6.71056 2.03714 3.42283 2.45935 1.8849 1.78942
threshold=1148581.0000000002 218097.50000000003 244286.50000000003 284077.50000000006 209711.50000000003 0.17806500000000003
decision_type=2 2 2 2 2 2
left_child=1 4 -3 -4 5 -1
right_child=-2 2 3 -5 -6 -7
leaf_value=-0.0003821942446043166 -0.024074074074074074 0.016037735849056604 -0.0075471698113207548 0.0041811846689895479 -0.012962962962962963 0.0048684210526315792
leaf_weight=1111 26 52 52 286 26 189
leaf_count=1111 26 52 52 286 26 189
internal_value=0.000659782 0.00104834 0.00421995 0.00235988 0.000113037 0.00038432
internal_weight=1742 1716 390 338 1326 1300
internal_count=1742 1716 390 338 1326 1300
is_linear=0
shrinkage=0.05


Tree=40
num_leaves=7
num_cat=0
split_feature=2 2 2 1 2 2
split_gain=4.38685 1.34136 5.87655 2.41562 2.15881 2.08492
threshold=1148581.0000000002 22520.500000000004 17951.000000000004 0.77210000000000012 14170.500000000002 32714.500000000004
decision_type=2 2 2 2 2 2
left_child=1 2 3 -1 -5 -3
right_child=-2 5 -4 4 -6 -7
leaf_value=-0.0012285012285012285 0.020370370370370372 -0.0076190476190476199 0.017924528301886792 0.012890625000000001 -0.0012285012285012285 -0.00023430178069353328
leaf_weight=406 26 104 52 63 25 1066
leaf_count=406 26 104 52 63 25 1066
internal_value=0.00037292 5.82411e-05 0.00210238 0.00040404 0.00786517 -0.00089667
internal_weight=1742 1716 546 494 88 1170
internal_count=1742 1716 546 494 88 1170
is_linear=0
shrinkage=0.05


Tree=41
num_leaves=7
num_cat=0
split_feature=2 2 2 0 2 2
split_gain=6.47938 1.62542 4.71061 2.88839 2.62786 3.50152
threshold=1148581.0000000002 99649.000000000015 113856.50000000001 0.07498500000000001 209711.50000000003 284077.50000000006
decision_type=2 2 2 2 2 2
left_child=1 -1 -3 -4 -5 -6
right_child=-2 2 3 4 5 -7
leaf_value=0.0019730010384215991 -0.024074074074074074 -0.010952380952380953 -0.0021984924623115582 0.012337662337662338 -0.0021984924623115582 0.0077981651376146793
leaf_weight=962 26 104 397 76 69 108
leaf_count=962 26 104 397 76 69 108
internal_value=0.000229489 0.000611532 -0.00112583 0.000460829 0.00462598 0.00126404
internal_weight=1742 1716 754 650 253 177
internal_count=1742 1716 754 650 253 177
is_linear=0
shrinkage=0.05


Tree=42
num_leaves=7
num_cat=0
split_feature=2 0 2 2 2 2
split_gain=4.13858 0.741618 2.21191 3.12401 1.41004 0.996455
threshold=1148581.0000000002 0.15286000000000002 76340.500000000015 27900.500000000004 10539.500000000002 66734.500000000015
decision_type=2 2 2 2 2 2
left_child=1 5 3 4 -3 -1
right_child=-2 2 -4 -5 -6 -7
leaf_value=-0.0018067846607669618 0.020370370370370372 0.012121212121212123 0.00011005135730007338 0.02013888888888889 0.00011005135730007338 0.00011005135730007338
leaf_weight=677 26 32 199 35 88 685
leaf_count=677 26 32 199 35 88 685
internal_value=0.000946644 0.000640652 0.00267606 0.00721154 0.00330579 0.000110051
internal_weight=1742 1716 354 155 120 1362
internal_count=1742 1716 354 155 120 1362
is_linear=0
shrinkage=0.05


Tree=43
num_leaves=7
num_cat=0
split_feature=2 2 2 2 0 3
split_gain=1.36517 2.64033 1.83916 1.54277 1.68746 1.62414
threshold=197890.00000000003 180370.00000000003 155542.00000000003 92799.500000000015 0.21888000000000005 1.0000000180025095e-35
decision_type=2 2 2 2 2 2
left_child=1 2 3 4 -1 -6
right_child=-2 -3 -4 -5 5 -7
leaf_value=0.00045289855072463774 -0.00076775431861804226 0.013207547169811321 -0.011111111111111112 0.0059808612440191387 0.011940298507462687 0.00045289855072463774
leaf_weight=827 520 52 26 208 66 43
leaf_count=827 520 52 26 208 66 43
internal_value=0.00137694 0.00228945 0.00179334 0.00209607 0.00122732 0.00704545
internal_weight=1742 1222 1170 1144 936 109
internal_count=1742 1222 1170 1144 936 109
is_linear=0
shrinkage=0.05


Tree=44
num_leaves=7
num_cat=0
split_feature=2 1 2 2 2 2
split_gain=1.36382 3.63731 2.51012 1.78241 1.63523 1.50404
threshold=52166.000000000007 0.75099500000000019 27900.500000000004 284077.50000000006 10539.500000000002 312300.00000000006
decision_type=2 2 2 2 2 2
left_child=1 -1 4 -2 -3 -5
right_child=3 2 -4 5 -6 -7
leaf_value=-0.00033500837520938025 -0.0028064992614475629 0.014843750000000001 0.020967741935483872 0.0094339622641509448 0.0017857142857142857 0.00019157088122605365
leaf_weight=596 676 31 30 52 97 260
leaf_count=596 676 31 30 52 97 260
internal_value=-0.000143431 0.00145695 0.0081761 -0.00136502 0.00503876 0.00175719
internal_weight=1742 754 158 988 128 312
internal_count=1742 754 158 988 128 312
is_linear=0
shrinkage=0.05


Tree=45
num_leaves=7
num_cat=0
split_feature=2 2 2 2 0 0
split_gain=1.58015 3.81973 2.16212 1.28179 2.83474 2.18187
threshold=155542.00000000003 188874.50000000003 180370.00000000003 19676.000000000004 0.39678500000000005 0.19338000000000002
decision_type=2 2 2 2 2 2
left_child=3 2 -2 5 -5 -1
right_child=1 -3 -4 4 -6 -7
leaf_value=-0.0012721238938053099 -0.0037037037037037038 -9.1407678244972583e-05 -0.024074074074074074 0.0027272727272727275 0.021428571428571429 0.0082142857142857139
leaf_weight=451 26 546 26 604 20 69
leaf_count=451 26 546 26 604 20 69
internal_value=0.000745841 -0.00133556 -0.0141509 0.00183406 0.00336 0
internal_weight=1742 598 52 1144 624 520
internal_count=1742 598 52 1144 624 520
is_linear=0
shrinkage=0.05


Tree=46
num_leaves=7
num_cat=0
split_feature=2 0 2 2 2 3
split_gain=0.877472 0.863007 3.01527 2.96044 1.59996 0.552166
threshold=4459.5000000000009 0.16899500000000003 60417.000000000007 27900.500000000004 14170.500000000002 1.0000000180025095e-35
decision_type=2 2 2 2 2 2
left_child=-1 -2 3 4 -3 -6
right_child=1 2 -4 -5 5 -7
leaf_value=0.0092592592592592587 -0.00035637918745545262 0.010526315789473684 -0.00035637918745545262 0.024 0.0079545454545454555 -0.00035637918745545262
leaf_weight=26 1402 56 186 24 21 27
leaf_count=26 1402 56 186 24 21 27
internal_value=0.000315548 0.000174723 0.00253968 0.00852713 0.0047619 -0.000356379
internal_weight=1742 1716 314 128 104 48
internal_count=1742 1716 314 128 104 48
is_linear=0
shrinkage=0.05


Tree=47
num_leaves=7
num_cat=0
split_feature=2 2 2 0 2 0
split_gain=4.02241 0.356448 2.04052 2.60817 0.903628 1.30953
threshold=4459.5000000000009 27900.500000000004 22520.500000000004 0.19338000000000002 17370.500000000004 0.024985000000000004
decision_type=2 2 2 2 2 2
left_child=-1 2 3 4 -2 -6
right_child=1 -3 -4 -5 5 -7
leaf_value=-0.018518518518518517 0.00033068783068783067 0.0014410480349344979 -0.0094339622641509448 0.0092948717948717948 -0.013281250000000001 0.00069444444444444447
leaf_weight=26 377 1144 52 77 31 35
leaf_count=26 377 1144 52 77 31 35
internal_value=0.000631096 0.000931858 -8.726e-05 0.000863724 -0.000619369 -0.00597015
internal_weight=1742 1716 572 520 443 66
internal_count=1742 1716 572 520 443 66
is_linear=0
shrinkage=0.05


Tree=48
num_leaves=7
num_cat=0
split_feature=2 2 2 0 2 2
split_gain=0.877472 0.569079 1.58243 2.27056 3.24182 1.00098
threshold=4459.5000000000009 52166.000000000007 81611.500000000015 0.018460000000000004 66734.500000000015 106179.50000000001
decision_type=2 2 2 2 2 2
left_child=-1 -2 3 -3 -5 -4
right_child=1 2 5 4 -6 -7
leaf_value=0.0092592592592592587 0.0012345679012345679 -0.014673913043478263 0.0041984732824427483 0.0061403508771929825 -0.014166666666666668 -0.00054869684499314131
leaf_weight=26 728 45 130 56 29 728
leaf_count=26 728 45 130 56 29 728
internal_value=0.000315548 0.000174723 -0.000606673 -0.00572519 -0.000872093 0.000174622
internal_weight=1742 1716 988 130 85 858
internal_count=1742 1716 988 130 85 858
is_linear=0
shrinkage=0.05


Tree=49
num_leaves=7
num_cat=0
split_feature=2 2 2 2 2 0
split_gain=0.927172 7.5167 2.48785 2.08795 1.94406 1.63162
threshold=76340.500000000015 60417.000000000007 113856.50000000001 99649.000000000015 92799.500000000015 0.16393500000000003
decision_type=2 2 2 2 2 2
left_child=1 5 3 4 -2 -1
right_child=2 -3 -4 -5 -6 -7
leaf_value=-0.00063056379821958461 -0.0044303797468354432 0.019811320754716984 0.00073855243722304289 -0.010476190476190477 0.011111111111111112 0.0054104477611940302
leaf_weight=673 78 52 676 104 26 133
leaf_count=673 78 52 676 104 26 133
internal_value=0.000401606 0.00157159 -0.000734463 -0.00550239 -0.00047619 0.000371747
internal_weight=1742 858 884 208 104 806
internal_count=1742 858 884 208 104 806
is_linear=0
shrinkage=0.05


Tree=50
num_leaves=7
num_cat=0
split_feature=2 0 2 2 2 2
split_gain=0.888773 0.526165 1.54074 0.919337 5.70594 1.12227
threshold=4459.5000000000009 0.15286000000000002 10539.500000000002 99649.000000000015 92799.500000000015 38806.000000000007
decision_type=2 2 2 2 2 2
left_child=-1 3 -3 4 5 -2
right_child=1 2 -4 -5 -6 -7
leaf_value=0.0092592592592592587 0.00050551470588235299 0.012121212121212123 0.00077399380804953565 0.00077399380804953565 -0.024074074074074074 -0.003875
leaf_weight=26 543 32 322 594 26 199
leaf_count=26 543 32 322 594 26 199
internal_value=0.000258176 0.000116482 0.00183099 -0.000330154 -0.00149545 -0.000672948
internal_weight=1742 1716 354 1362 768 742
internal_count=1742 1716 354 1362 768 742
is_linear=0
shrinkage=0.05


Tree=51
num_leaves=7
num_cat=0
split_feature=2 2 2 1 3 2
split_gain=3.76194 1.45389 2.1563 2.67658 2.45308 2.47968
threshold=4459.5000000000009 218097.50000000003 92799.500000000015 0.74298000000000008 1.0000000180025095e-35 106179.50000000001
decision_type=2 2 2 2 2 2
left_child=-1 2 3 -2 -4 -6
right_child=1 -3 4 -5 5 -7
leaf_value=-0.018518518518518517 -0.0018014705882352941 -0.0022781774580335735 -0.00063694267515923574 0.0044181034482758622 0.016981132075471698 0.0046448087431693996
leaf_weight=26 679 416 156 231 52 182
leaf_count=26 679 416 156 231 52 182
internal_value=0 0.000291206 0.00111453 -0.000219539 0.00421995 0.00744681
internal_weight=1742 1716 1300 910 390 234
internal_count=1742 1716 1300 910 390 234
is_linear=0
shrinkage=0.05


Tree=52
num_leaves=7
num_cat=0
split_feature=2 2 2 0 2 1
split_gain=3.12827 4.28136 3.56417 3.55751 1.65078 1.56388
threshold=52166.000000000007 180370.00000000003 188874.50000000003 0.00018500000000000002 66734.500000000015 0.64607500000000007
decision_type=2 2 2 2 2 2
left_child=-1 3 -3 -2 5 -5
right_child=1 2 -4 4 -6 -7
leaf_value=0.0022516556291390728 -0.0128968253968254 0.018518518518518517 -9.1407678244972583e-05 -0.0044642857142857149 -0.0047619047619047623 0.011428571428571429
leaf_weight=754 125 26 546 27 230 34
leaf_count=754 125 26 546 27 230 34
internal_value=-0.000172117 -0.00202224 0.00078534 -0.0058753 -0.00282534 0.00443548
internal_weight=1742 988 572 416 291 61
internal_count=1742 988 572 416 291 61
is_linear=0
shrinkage=0.05


Tree=53
num_leaves=7
num_cat=0
split_feature=2 2 2 2 2 0
split_gain=1.43855 5.91903 2.60796 2.83203 0.90738 0.641735
threshold=180370.00000000003 188874.50000000003 60417.000000000007 76340.500000000015 4459.5000000000009 0.11098000000000001
decision_type=2 2 2 2 2 2
left_child=2 -2 4 -4 -1 -3
right_child=1 5 3 -5 -6 -7
leaf_value=0.0092592592592592587 -0.024074074074074074 -0.0012978142076502733 0.016037735849056604 0.003514376996805112 -6.4020486555697818e-05 0.0023351648351648351
leaf_weight=26 26 365 52 312 780 181
leaf_count=26 26 365 52 312 780 181
internal_value=0.000831899 -0.00122164 0.00183604 0.00534247 0.000247831 -9.14077e-05
internal_weight=1742 572 1170 364 806 546
internal_count=1742 572 1170 364 806 546
is_linear=0
shrinkage=0.05


Tree=54
num_leaves=7
num_cat=0
split_feature=2 2 2 2 1 2
split_gain=1.48571 5.76744 2.81384 1.56138 2.57134 2.02043
threshold=109786.50000000001 103148.50000000001 188874.50000000003 81611.500000000015 0.75099500000000019 25864.000000000004
decision_type=2 2 2 2 2 2
left_child=1 3 -2 4 5 -1
right_child=2 -3 -4 -5 -6 -7
leaf_value=-0.00027173913043478261 0.0079617834394904458 -0.016981132075471698 0.00036563071297989033 0.0057142857142857143 0.0042713567839195981 -0.0060307017543859654
leaf_weight=459 156 52 546 104 198 227
leaf_count=459 156 52 546 104 198 227
internal_value=0.000286862 -0.000912584 0.00206259 -5.05561e-05 -0.000734463 -0.00218341
internal_weight=1742 1040 702 988 884 686
internal_count=1742 1040 702 988 884 686
is_linear=0
shrinkage=0.05


Tree=55
num_leaves=7
num_cat=0
split_feature=2 2 0 2 2 2
split_gain=0.554136 2.18217 8.39416 3.59932 1.08909 1.54383
threshold=113856.50000000001 180370.00000000003 0.044525000000000002 188874.50000000003 103148.50000000001 106179.50000000001
decision_type=2 2 2 2 2 2
left_child=4 2 -2 -3 -1 -6
right_child=1 3 -4 -5 5 -7
leaf_value=0.00085945399393326592 -0.017391304347826087 0.018518518518518517 0.012162162162162163 -0.00018281535648994517 0.016666666666666666 0.0018867924528301887
leaf_weight=988 68 26 36 546 26 52
leaf_count=988 68 26 36 546 26 52
internal_value=0.00060241 -0.000516987 -0.00714286 0.00069808 0.00131209 0.00696203
internal_weight=1742 676 104 572 1066 78
internal_count=1742 676 104 572 1066 78
is_linear=0
shrinkage=0.05


Tree=56
num_leaves=7
num_cat=0
split_feature=2 2 2 2 2 2
split_gain=1.01712 5.79474 0.8559 1.16763 5.8739 1.10048
threshold=92799.500000000015 99649.000000000015 103148.50000000001 180370.00000000003 188874.50000000003 109786.50000000001
decision_type=2 2 2 2 2 2
left_child=-1 -2 -3 5 -5 -4
right_child=1 2 3 4 -6 -7
leaf_value=0.0011205976520811099 -0.024074074074074074 -0.0092592592592592587 -0.0028301886792452833 -0.024074074074074074 -0.00018281535648994517 0.0057251908396946565
leaf_weight=936 26 26 52 26 546 130
leaf_count=936 26 26 52 26 546 130
internal_value=0 -0.00130112 -0.000512164 -0.000198675 -0.0013089 0.00327869
internal_weight=1742 806 780 754 572 182
internal_count=1742 806 780 754 572 182
is_linear=0
shrinkage=0.05


Tree=57
num_leaves=7
num_cat=0
split_feature=2 2 2 2 2 2
split_gain=1.49023 0.452338 4.50197 2.65475 1.56838 1.29092
threshold=4459.5000000000009 123241.00000000001 106179.50000000001 188874.50000000003 81611.500000000015 180370.00000000003
decision_type=2 2 2 2 2 2
left_child=-1 2 4 5 -2 -3
right_child=1 3 -4 -5 -6 -7
leaf_value=-0.011111111111111112 0.00023282887077997672 0.0056962025316455696 -0.011392405063291139 0.00036563071297989033 0.0061068702290076335 0.018518518518518517
leaf_weight=26 858 78 78 546 130 26
leaf_count=26 858 78 78 546 130 26
internal_value=0.000545037 0.000728014 9.37207e-05 0.00176651 0.00101112 0.00904762
internal_weight=1742 1716 1066 650 988 104
internal_count=1742 1716 1066 650 988 104
is_linear=0
shrinkage=0.05


Tree=58
num_leaves=7
num_cat=0
split_feature=0 2 2 1 2 2
split_gain=1.01839 1.91736 3.46889 3.71691 2.61363 2.78558
threshold=0.028840000000000005 442826.00000000006 180370.00000000003 0.15064500000000003 284077.50000000006 209711.50000000003
decision_type=2 2 2 2 2 2
left_child=1 2 -1 -4 5 -5
right_child=-2 -3 3 4 -6 -7
leaf_value=-0.00073529411764705881 0.00095828635851183766 0.00095828635851183766 -0.019811320754716984 -0.01141304347826087 -0.012500000000000001 0.00095828635851183766
leaf_weight=577 886 98 52 45 53 31
leaf_count=577 886 98 52 45 53 31
internal_value=-0.000229489 -0.00145858 -0.00263505 -0.00865385 -0.00403846 0.000958286
internal_weight=1742 856 758 181 129 76
internal_count=1742 856 758 181 129 76
is_linear=0
shrinkage=0.05


Tree=59
num_leaves=7
num_cat=0
split_feature=2 2 2 2 2 3
split_gain=2.70753 5.67473 1.06628 3.67439 1.85953 1.5519
threshold=106179.50000000001 103148.50000000001 244286.50000000003 220356.50000000003 209711.50000000003 1.0000000180025095e-35
decision_type=2 2 2 2 2 2
left_child=1 -1 3 4 -2 -4
right_child=2 -3 5 -5 -6 -7
leaf_value=0.0010111223458038423 0.0064459930313588848 -0.022222222222222223 0.010377358490566039 0.024074074074074074 -0.0037735849056603774 0.0011182108626198084
leaf_weight=988 286 26 52 26 52 312
leaf_count=988 286 26 52 26 52 312
internal_value=0.0020654 0.000394089 0.00438957 0.00630137 0.00486726 0.00246575
internal_weight=1742 1014 728 364 338 364
internal_count=1742 1014 728 364 338 364
is_linear=0
shrinkage=0.05


Tree=60
num_leaves=7
num_cat=0
split_feature=2 2 2 2 2 2
split_gain=0.849524 0.786498 4.18082 3.15528 2.16212 1.71443
threshold=4459.5000000000009 180370.00000000003 130562.00000000001 188874.50000000003 155542.00000000003 92799.500000000015
decision_type=2 2 2 2 2 2
left_child=-1 2 5 -3 -4 -2
right_child=1 3 4 -5 -6 -7
leaf_value=0.0092592592592592587 -0.00065861690450054889 0.018518518518518517 -0.024074074074074074 0.0010054844606946984 -0.0037037037037037038 0.0046448087431693996
leaf_weight=26 910 26 26 546 26 182
leaf_count=26 910 26 26 546 26 182
internal_value=0.000458979 0.000320326 -0.000436681 0.00183246 -0.0141509 0.000228728
internal_weight=1742 1716 1144 572 52 1092
internal_count=1742 1716 1144 572 52 1092
is_linear=0
shrinkage=0.05


Tree=61
num_leaves=7
num_cat=0
split_feature=2 3 2 2 0 2
split_gain=1.33341 0.807655 1.12893 1.15456 0.933621 1.28661
threshold=4459.5000000000009 1.0000000180025095e-35 22520.500000000004 27900.500000000004 0.15002500000000002 10539.500000000002
decision_type=2 2 2 2 2 2
left_child=-1 2 4 -4 -2 -6
right_child=1 -3 3 -5 5 -7
leaf_value=-0.011111111111111112 -0.0019933554817275745 -0.00093304061470911087 0.012962962962962963 0.0022781774580335735 0.012962962962962963 -0.0012820512820512821
leaf_weight=26 300 910 26 416 26 38
leaf_count=26 300 910 26 416 26 38
internal_value=-8.60585e-05 8.73617e-05 0.00123916 0.00293454 -0.000821918 0.00461538
internal_weight=1742 1716 806 442 364 64
internal_count=1742 1716 806 442 364 64
is_linear=0
shrinkage=0.05


Tree=62
num_leaves=7
num_cat=0
split_feature=2 2 0 2 2 0
split_gain=0.958037 0.476166 1.36537 1.15801 0.959237 1.03143
threshold=4459.5000000000009 14170.500000000002 0.16221000000000005 37288.000000000007 9208.5000000000018 0.029425000000000003
decision_type=2 2 2 2 2 2
left_child=-1 2 4 -3 5 -2
right_child=1 3 -4 -5 -6 -7
leaf_value=0.0092592592592592587 -0.0076923076923076927 -0.0034843205574912892 0.0081967213114754103 9.372071227741331e-05 0.0024709302325581395 0.0010714285714285715
leaf_weight=26 64 286 60 1066 171 69
leaf_count=26 64 286 60 1066 171 69
internal_value=-8.60585e-05 -0.000232964 0.00136986 -0.000665188 0 -0.00317164
internal_weight=1742 1716 364 1352 304 133
internal_count=1742 1716 364 1352 304 133
is_linear=0
shrinkage=0.05


Tree=63
num_leaves=7
num_cat=0
split_feature=2 2 2 2 2 2
split_gain=1.46286 1.07351 0.999259 0.632418 2.907 1.05971
threshold=5501.0000000000009 6820.0000000000009 8945.0000000000018 113856.50000000001 123241.00000000001 103148.50000000001
decision_type=2 2 2 2 2 2
left_child=-1 -2 -3 5 -5 -4
right_child=1 2 3 4 -6 -7
leaf_value=0.0075949367088607601 -0.0092592592592592587 0.0075471698113207548 0.00090036014405762304 -0.016666666666666666 7.6804915514592934e-05 0.006962025316455696
leaf_weight=78 26 52 832 26 650 78
leaf_count=78 26 52 832 26 650 78
internal_value=0.000946644 0.000630631 0.000793167 0.000567108 -0.000590842 0.001427
internal_weight=1742 1664 1638 1586 676 910
internal_count=1742 1664 1638 1586 676 910
is_linear=0
shrinkage=0.05


Tree=64
num_leaves=7
num_cat=0
split_feature=2 2 2 2 2 2
split_gain=1.45385 0.987537 2.75649 1.78337 1.72771 1.19452
threshold=4459.5000000000009 22520.500000000004 17951.000000000004 19676.000000000004 17370.500000000004 27900.500000000004
decision_type=2 2 2 2 2 2
left_child=-1 2 4 -4 -2 -3
right_child=1 5 3 -5 -6 -7
leaf_value=-0.011111111111111112 0.0019187358916478556 -0.0075471698113207548 0.022222222222222223 0.0037037037037037038 -0.011111111111111112 0.00013100436681222707
leaf_weight=26 442 52 26 26 26 1144
leaf_count=26 442 52 26 26 26 1144
internal_value=0.000401606 0.000582411 0.00239923 0.0132075 0.00117271 -0.000208855
internal_weight=1742 1716 520 52 468 1196
internal_count=1742 1716 520 52 468 1196
is_linear=0
shrinkage=0.05


Tree=65
num_leaves=7
num_cat=0
split_feature=2 3 2 2 2 2
split_gain=1.4654 1.97733 0.417342 0.968811 0.748018 0.695775
threshold=8945.0000000000018 1.0000000180025095e-35 11926.000000000002 11576.500000000002 52166.000000000007 22520.500000000004
decision_type=2 2 2 2 2 2
left_child=1 -1 3 -2 5 -4
right_child=2 -3 4 -5 -6 -7
leaf_value=0.0090476190476190474 -0.00047619047619047624 -0.0028301886792452833 0.00019157088122605365 -0.011111111111111112 -0.00050556117290192115 0.0040669856459330141
leaf_weight=104 104 52 260 26 988 208
leaf_count=104 104 52 260 26 988 208
internal_value=0.000487665 0.00509554 3.1506e-05 -0.00267176 0.000274537 0.00191898
internal_weight=1742 156 1586 130 1456 468
internal_count=1742 156 1586 130 1456 468
is_linear=0
shrinkage=0.05


Tree=66
num_leaves=7
num_cat=0
split_feature=2 2 2 0 2 2
split_gain=1.25816 0.816541 1.38134 2.00065 0.797689 0.557188
threshold=4459.5000000000009 284077.50000000006 312300.00000000006 0.10794000000000001 272834.00000000006 14170.500000000002
decision_type=2 2 2 2 2 2
left_child=-1 4 3 -3 5 -2
right_child=1 2 -4 -5 -6 -7
leaf_value=-0.011111111111111112 0.0010958904109589042 0.0015151515151515154 0.00057471264367816091 0.021428571428571429 -0.0092592592592592587 -0.0011822660098522169
leaf_weight=26 364 32 260 20 26 1014
leaf_count=26 364 32 260 20 26 1014
internal_value=-0.000401606 -0.000232964 0.00207668 0.00943396 -0.000747331 -0.000580131
internal_weight=1742 1716 312 52 1404 1378
internal_count=1742 1716 312 52 1404 1378
is_linear=0
shrinkage=0.05


Tree=67
num_leaves=7
num_cat=0
split_feature=2 2 2 0 2 2
split_gain=0.969824 0.376837 1.69765 2.00065 0.817874 0.31084
threshold=4459.5000000000009 284077.50000000006 312300.00000000006 0.10794000000000001 272834.00000000006 180370.00000000003
decision_type=2 2 2 2 2 2
left_child=-1 4 3 -3 5 -2
right_child=1 2 -4 -5 -6 -7
leaf_value=0.0092592592592592587 -0.00013100436681222707 0.0015151515151515154 -0.00038314176245210729 0.021428571428571429 -0.0092592592592592587 -0.0021276595744680851
leaf_weight=26 1144 32 260 20 26 234
leaf_count=26 1144 32 260 20 26 234
internal_value=-0.000143431 -0.000291206 0.00127796 0.00943396 -0.000640569 -0.000471356
internal_weight=1742 1716 312 52 1404 1378
internal_count=1742 1716 312 52 1404 1378
is_linear=0
shrinkage=0.05


Tree=68
num_leaves=7
num_cat=0
split_feature=2 2 2 2 2 2
split_gain=1.32648 0.71815 6.07061 1.29554 0.680948 3.10283
threshold=4459.5000000000009 188874.50000000003 180370.00000000003 130562.00000000001 106179.50000000001 103148.50000000001
decision_type=2 2 2 2 2 2
left_child=-1 2 3 4 5 -2
right_child=1 -3 -4 -5 -6 -7
leaf_value=-0.011111111111111112 -0.00051921079958463145 0.001553930530164534 -0.024074074074074074 0.0075471698113207548 -0.0042857142857142859 0.016666666666666666
leaf_weight=26 962 546 26 52 104 26
leaf_count=26 962 546 26 52 104 26
internal_value=-0.000114745 5.82411e-05 -0.000640478 -8.73362e-05 -0.000457457 -5.05561e-05
internal_weight=1742 1716 1170 1144 1092 988
internal_count=1742 1716 1170 1144 1092 988
is_linear=0
shrinkage=0.05


Tree=69
num_leaves=7
num_cat=0
split_feature=2 2 2 2 2 2
split_gain=0.898538 5.28325 2.18902 1.91892 1.31784 1.25884
threshold=123241.00000000001 99649.000000000015 92799.500000000015 197890.00000000003 106179.50000000001 180370.00000000003
decision_type=2 2 2 2 2 2
left_child=1 2 -1 5 -3 -2
right_child=3 4 -4 -5 -6 -7
leaf_value=0.0003735325506937033 0.0031645569620253168 -0.016037735849056604 0.014814814814814815 0.00047984644913627637 -0.0056962025316455696 0.013207547169811321
leaf_weight=936 78 52 26 520 78 52
leaf_count=936 78 52 26 520 78 52
internal_value=0.00037292 -0.000503202 0.000778816 0.00184332 -0.00992366 0.00725191
internal_weight=1742 1092 962 650 130 130
internal_count=1742 1092 962 650 130 130
is_linear=0
shrinkage=0.05


Tree=70
num_leaves=7
num_cat=0
split_feature=2 2 2 3 1 2
split_gain=1.91577 3.35978 2.92723 2.6885 2.59818 1.00901
threshold=103148.50000000001 92799.500000000015 188874.50000000003 1.0000000180025095e-35 0.24913000000000005 4459.5000000000009
decision_type=2 2 2 2 2 2
left_child=1 5 3 -2 -3 -1
right_child=2 4 -4 -5 -6 -7
leaf_value=0.0092592592592592587 -0.0074074074074074077 -0.024074074074074074 0.00045703839122486294 0.009562841530054645 -0.0018518518518518519 -0.00054884742041712406
leaf_weight=26 26 26 546 182 26 910
leaf_count=26 26 26 546 182 26 910
internal_value=0.000487665 -0.000960566 0.00238411 0.00741627 -0.0132075 -0.000266809
internal_weight=1742 988 754 208 52 936
internal_count=1742 988 754 208 52 936
is_linear=0
shrinkage=0.05


Tree=71
num_leaves=7
num_cat=0
split_feature=2 2 2 0 2 2
split_gain=1.2921 0.83567 1.48581 2.03515 3.91341 3.3338
threshold=4459.5000000000009 106179.50000000001 113856.50000000001 0.044525000000000002 209711.50000000003 199147.00000000003
decision_type=2 2 2 2 2 2
left_child=-1 -2 -3 5 -5 -4
right_child=1 2 3 4 -6 -7
leaf_value=-0.011111111111111112 0.00085945399393326592 -0.0094339622641509448 -0.01016260162601626 0.011337209302325582 -0.001261467889908257 -0.001261467889908257
leaf_weight=26 988 52 122 85 217 252
leaf_count=26 988 52 122 85 217 252
internal_value=-0.000258176 -8.73617e-05 -0.00137174 -0.000738552 0.00231023 -0.0032
internal_weight=1742 1716 728 676 302 374
internal_count=1742 1716 728 676 302 374
is_linear=0
shrinkage=0.05


Tree=72
num_leaves=7
num_cat=0
split_feature=2 2 2 2 2 2
split_gain=1.6778 2.63567 2.53275 2.61635 1.31023 1.82949
threshold=109786.50000000001 197890.00000000003 103148.50000000001 106179.50000000001 92799.500000000015 99649.000000000015
decision_type=2 2 2 2 2 2
left_child=2 -2 4 -4 -1 -6
right_child=1 -3 3 -5 5 -7
leaf_value=-0.00053361792956243333 0.0076502732240437167 0.00067178502879078697 -0.022222222222222223 0 0.016666666666666666 -0.0018518518518518519
leaf_weight=936 182 520 26 26 26 26
leaf_count=936 182 520 26 26 26 26
internal_value=0.00060241 0.00248933 -0.00067243 -0.0113208 -0.000101112 0.00754717
internal_weight=1742 702 1040 52 988 52
internal_count=1742 702 1040 52 988 52
is_linear=0
shrinkage=0.05


Tree=73
num_leaves=7
num_cat=0
split_feature=2 2 2 2 0 2
split_gain=0.888773 0.387421 1.18747 0.562881 2.08031 1.18494
threshold=4459.5000000000009 37288.000000000007 32714.500000000004 17370.500000000004 4.500000000000001e-05 17951.000000000004
decision_type=2 2 2 2 2 2
left_child=-1 2 3 -2 -5 -6
right_child=1 -3 -4 4 5 -7
leaf_value=0.0092592592592592587 0.0005643340857787811 0.00070290534208059983 -0.011111111111111112 -0.012500000000000001 -0.0092592592592592587 0.0023706896551724138
leaf_weight=26 442 1066 26 41 26 115
leaf_count=26 442 1066 26 41 26 115
internal_value=0.000258176 0.000116482 -0.000844854 -0.0004 -0.00273224 0.000176056
internal_weight=1742 1716 650 624 182 141
internal_count=1742 1716 650 624 182 141
is_linear=0
shrinkage=0.05


Tree=74
num_leaves=7
num_cat=0
split_feature=2 2 2 2 2 2
split_gain=6.4184 0.842766 0.475969 3.38345 2.79048 0.887049
threshold=1148581.0000000002 4459.5000000000009 106179.50000000001 103148.50000000001 123241.00000000001 109786.50000000001
decision_type=2 2 2 2 2 2
left_child=1 -1 3 -3 5 -4
right_child=-2 2 4 -5 -6 -7
leaf_value=0.0092592592592592587 -0.024074074074074074 0.0005711318795430945 -0.0018518518518518519 0.018518518518518517 0.00047999999999999996 -0.013207547169811321
leaf_weight=26 26 962 26 26 624 52
leaf_count=26 26 962 26 26 624 52
internal_value=0.000114745 0.00049505 0.00035482 0.00106168 -0.000640114 -0.00949367
internal_weight=1742 1716 1690 988 702 78
internal_count=1742 1716 1690 988 702 78
is_linear=0
shrinkage=0.05


Tree=75
num_leaves=7
num_cat=0
split_feature=2 2 2 2 2 2
split_gain=5.30593 3.71567 0.869426 5.80853 1.12334 1.18831
threshold=1148581.0000000002 4459.5000000000009 180370.00000000003 188874.50000000003 92799.500000000015 76340.500000000015
decision_type=2 2 2 2 2 2
left_child=1 -1 4 -4 5 -3
right_child=-2 2 3 -5 -6 -7
leaf_value=-0.018518518518518517 0.022222222222222223 0.0007202881152460985 -0.024074074074074074 -0.00028790786948176584 0.0040425531914893625 -0.0056962025316455696
leaf_weight=26 26 832 26 520 234 78
leaf_count=26 26 832 26 520 234 78
internal_value=0.000229489 -0.000116482 0.00017741 -0.00146252 0.000960699 0.000164654
internal_weight=1742 1716 1690 546 1144 910
internal_count=1742 1716 1690 546 1144 910
is_linear=0
shrinkage=0.05


Tree=76
num_leaves=7
num_cat=0
split_feature=2 2 2 0 2 2
split_gain=0.763011 0.556573 1.50335 2.00065 0.795365 1.1676
threshold=4459.5000000000009 312300.00000000006 284077.50000000006 0.10794000000000001 218097.50000000003 109786.50000000001
decision_type=2 2 2 2 2 2
left_child=-1 2 4 -4 5 -2
right_child=1 -3 3 -5 -6 -7
leaf_value=0.0092592592592592587 0.00039408866995073889 -0.0013409961685823756 0.0015151515151515154 0.021428571428571429 -0.0033333333333333335 0.0040069686411149828
leaf_weight=26 1014 260 32 20 104 286
leaf_count=26 1014 260 32 20 104 286
internal_value=0.000917958 0.000786255 0.00116678 0.00943396 0.000854093 0.00119139
internal_weight=1742 1716 1456 52 1404 1300
internal_count=1742 1716 1456 52 1404 1300
is_linear=0
shrinkage=0.05


Tree=77
num_leaves=7
num_cat=0
split_feature=2 2 2 2 2 2
split_gain=0.958037 0.41921 2.84059 2.20109 2.18169 1.00694
threshold=4459.5000000000009 99649.000000000015 106179.50000000001 85316.500000000015 103148.50000000001 180370.00000000003
decision_type=2 2 2 2 2 2
left_child=-1 3 4 -2 -3 -4
right_child=1 2 5 -5 -6 -7
leaf_value=0.0092592592592592587 -0.00011299435028248589 -0.0018518518518518519 -0.003821656050955414 0.010377358490566039 -0.022222222222222223 0.00069808027923211173
leaf_weight=26 884 26 156 52 26 572
leaf_count=26 884 26 156 52 26 572
internal_value=-8.60585e-05 -0.000232964 -0.00108835 0.000480256 -0.0122642 -0.000274348
internal_weight=1742 1716 780 936 52 728
internal_count=1742 1716 780 936 52 728
is_linear=0
shrinkage=0.05


Tree=78
num_leaves=7
num_cat=0
split_feature=2 2 2 2 3 2
split_gain=3.71549 0.632672 6.04261 3.72859 2.51949 2.23121
threshold=4459.5000000000009 103148.50000000001 85316.500000000015 188874.50000000003 1.0000000180025095e-35 99649.000000000015
decision_type=2 2 2 2 2 2
left_child=-1 2 -2 4 -3 -4
right_child=1 3 5 -5 -6 -7
leaf_value=-0.018518518518518517 0.00050847457627118645 -0.0074074074074074077 -0.019811320754716984 -0.00091407678244972588 0.0090163934426229515 -0.0018518518518518519
leaf_weight=26 884 26 52 546 182 26
leaf_count=26 884 26 52 546 182 26
internal_value=-0.000114745 0.000174723 -0.000674974 0.00125828 0.0069378 -0.0139241
internal_weight=1742 1716 962 754 208 78
internal_count=1742 1716 962 754 208 78
is_linear=0
shrinkage=0.05


Tree=79
num_leaves=7
num_cat=0
split_feature=2 2 2 0 2 2
split_gain=0.998453 6.89788 3.0451 3.00973 1.71985 1.81691
threshold=106179.50000000001 155542.00000000003 85316.500000000015 0.015320000000000002 188874.50000000003 180370.00000000003
decision_type=2 2 2 2 2 2
left_child=2 3 -1 -2 5 -3
right_child=1 4 -4 -5 -6 -7
leaf_value=5.488474204171241e-05 -0.021500000000000002 0 0.0090476190476190474 -0.0057926829268292691 0 0.018518518518518517
leaf_weight=910 49 26 104 81 546 26
leaf_count=910 49 26 104 81 546 26
internal_value=-2.86862e-05 -0.00144033 0.000985222 -0.0118321 0.000834725 0.00943396
internal_weight=1742 728 1014 130 598 52
internal_count=1742 728 1014 130 598 52
is_linear=0
shrinkage=0.05


Tree=80
num_leaves=7
num_cat=0
split_feature=2 2 2 2 2 3
split_gain=0.883114 0.563348 5.96432 1.76591 1.52175 0.99612
threshold=4459.5000000000009 180370.00000000003 188874.50000000003 81611.500000000015 60417.000000000007 1.0000000180025095e-35
decision_type=2 2 2 2 2 2
left_child=-1 3 -3 4 -2 -5
right_child=1 2 -4 5 -6 -7
leaf_value=0.0092592592592592587 0.0003201024327784891 -0.024074074074074074 0 -0.0006329113924050633 -0.006962025316455696 0.0059808612440191387
leaf_weight=26 780 26 546 78 78 208
leaf_count=26 780 26 546 78 78 208
internal_value=0.000286862 0.000145603 -0.00113438 0.000786026 -0.000349243 0.00418118
internal_weight=1742 1716 572 1144 858 286
internal_count=1742 1716 572 1144 858 286
is_linear=0
shrinkage=0.05


Tree=81
num_leaves=7
num_cat=0
split_feature=2 2 2 2 2 2
split_gain=0.951099 8.33019 2.49805 2.01602 1.26642 2.34794
threshold=85316.500000000015 109786.50000000001 60417.000000000007 66734.500000000015 188874.50000000003 180370.00000000003
decision_type=2 2 2 2 2 2
left_child=2 -2 -1 -4 5 -3
right_child=1 4 3 -5 -6 -7
leaf_value=0.00037174721189591077 -0.012595419847328244 0.0022900763358778627 0.020370370370370372 0.0044303797468354432 0 0.018518518518518517
leaf_weight=806 130 130 26 78 546 26
leaf_count=806 130 130 26 78 546 26
internal_value=0.000200803 -0.00102041 0.00131723 0.00857143 0.00113798 0.00509554
internal_weight=1742 832 910 104 702 156
internal_count=1742 832 910 104 702 156
is_linear=0
shrinkage=0.05


Tree=82
num_leaves=7
num_cat=0
split_feature=2 2 2 2 2 2
split_gain=1.03873 2.90654 3.07058 2.24086 1.07459 1.79237
threshold=155542.00000000003 188874.50000000003 180370.00000000003 81611.500000000015 113856.50000000001 130562.00000000001
decision_type=2 2 2 2 2 2
left_child=3 2 -2 -1 -5 -6
right_child=1 -3 -4 4 5 -7
leaf_value=0.0002824858757062147 0 0 -0.024074074074074074 0.0076502732240437167 -0.0047169811320754724 0.011111111111111112
leaf_weight=884 26 546 26 182 52 26
leaf_count=884 26 546 26 182 52 26
internal_value=0.00060241 -0.00108514 -0.0122642 0.00148472 0.00555556 0.000632911
internal_weight=1742 598 52 1144 260 78
internal_count=1742 598 52 1144 260 78
is_linear=0
shrinkage=0.05


Tree=83
num_leaves=7
num_cat=0
split_feature=2 2 2 2 2 2
split_gain=1.0056 0.621958 5.80977 1.71985 1.81691 1.25417
threshold=4459.5000000000009 155542.00000000003 130562.00000000001 188874.50000000003 180370.00000000003 92799.500000000015
decision_type=2 2 2 2 2 2
left_child=-1 2 5 4 -3 -2
right_child=1 3 -4 -5 -6 -7
leaf_value=0.0092592592592592587 0.00016465422612513722 0 -0.024074074074074074 0 0.018518518518518517 -0.0043715846994535519
leaf_weight=26 910 26 26 546 26 182
leaf_count=26 910 26 26 546 26 182
internal_value=-0.000315548 -0.000465929 -0.00116175 0.000834725 0.00943396 -0.000594694
internal_weight=1742 1716 1118 598 52 1092
internal_count=1742 1716 1118 598 52 1092
is_linear=0
shrinkage=0.05


Tree=84
num_leaves=7
num_cat=0
split_feature=2 2 2 2 2 2
split_gain=4.09491 1.19735 1.93242 2.32285 1.71408 1.09868
threshold=4459.5000000000009 32714.500000000004 188874.50000000003 180370.00000000003 28700.000000000004 85316.500000000015
decision_type=2 2 2 2 2 2
left_child=-1 4 3 5 -2 -3
right_child=1 2 -4 -5 -6 -7
leaf_value=-0.018518518518518517 -8.3472454090150264e-05 0.0011494252873563218 0 0.018518518518518517 -0.012962962962962963 0.0057471264367816091
leaf_weight=26 598 260 546 26 26 260
leaf_count=26 598 260 546 26 26 260
internal_value=0.000803213 0.00110658 0.0021043 0.00420475 -0.00064 0.00345489
internal_weight=1742 1716 1092 546 624 520
internal_count=1742 1716 1092 546 624 520
is_linear=0
shrinkage=0.05


Tree=85
num_leaves=7
num_cat=0
split_feature=2 2 2 2 2 2
split_gain=1.84674 2.73663 1.12563 3.06999 2.14833 2.07463
threshold=76340.500000000015 200574.00000000003 99649.000000000015 92799.500000000015 155542.00000000003 188874.50000000003
decision_type=2 2 2 2 2 2
left_child=-1 2 3 -2 -4 -6
right_child=1 -3 4 -5 5 -7
leaf_value=0.0011641443538998838 -0.0044303797468354432 0.00053304904051172707 0 -0.024074074074074074 -0.016037735849056604 -0.0031645569620253168
leaf_weight=858 78 468 182 26 52 78
leaf_count=858 78 468 182 26 52 78
internal_value=-0.000487665 -0.0020904 -0.00503597 -0.00952381 -0.00351438 -0.00839695
internal_weight=1742 884 416 104 312 130
internal_count=1742 884 416 104 312 130
is_linear=0
shrinkage=0.05


Tree=86
num_leaves=7
num_cat=0
split_feature=2 2 2 2 2 2
split_gain=0.849524 0.615347 0.969751 1.45137 0.732839 2.87736
threshold=4459.5000000000009 11926.000000000002 38806.000000000007 28700.000000000004 92799.500000000015 99649.000000000015
decision_type=2 2 2 2 2 2
left_child=-1 -2 3 -3 -4 -6
right_child=1 2 4 -5 5 -7
leaf_value=0.0092592592592592587 -0.0019157088122605363 0.0013274336283185841 -0.002553191489361702 0.0088607594936708865 0.016666666666666666 6.4020486555697818e-05
leaf_weight=26 260 338 234 78 26 780
leaf_count=26 260 338 234 78 26 780
internal_value=0.000458979 0.000320326 0.000720659 0.00275779 -9.60615e-05 0.000619579
internal_weight=1742 1716 1456 416 1040 806
internal_count=1742 1716 1456 416 1040 806
is_linear=0
shrinkage=0.05


Tree=87
num_leaves=7
num_cat=0
split_feature=2 3 2 2 2 2
split_gain=1.46125 0.859399 0.552877 0.983137 0.515007 0.677728
threshold=4552.5000000000009 1.0000000180025095e-35 299770.50000000006 284077.50000000006 5501.0000000000009 8085.5000000000009
decision_type=2 2 2 2 2 2
left_child=-1 4 3 -3 -2 -6
right_child=1 2 -4 -5 5 -7
leaf_value=-0.0084905660377358489 0.0055555555555555558 0.0013600000000000001 -0.0010638297872340426 0.011111111111111112 -0.0092592592592592587 -0.0011920529801324505
leaf_weight=52 26 624 234 26 26 754
leaf_count=52 26 624 234 26 26 754
internal_value=-0.000315548 -5.91366e-05 0.00101695 0.00176651 -0.00123916 -0.00147247
internal_weight=1742 1690 884 650 806 780
internal_count=1742 1690 884 650 806 780
is_linear=0
shrinkage=0.05


Tree=88
num_leaves=7
num_cat=0
split_feature=2 2 2 2 2 2
split_gain=3.64415 1.38526 4.97518 1.29142 1.17633 0.982037
threshold=6820.0000000000009 99649.000000000015 123241.00000000001 92799.500000000015 103148.50000000001 106179.50000000001
decision_type=2 2 2 2 2 2
left_child=-1 3 4 -2 -3 -6
right_child=1 2 -4 -5 5 -7
leaf_value=0.0085714285714285719 0 -0.0018518518518518519 -0.00076804915514592934 0.011111111111111112 -0.022222222222222223 -0.010759493670886078
leaf_weight=104 832 26 650 26 26 78
leaf_count=104 832 26 650 26 26 78
internal_value=-0.000458979 -0.00103722 -0.00256082 0.000349243 -0.0114504 -0.0138095
internal_weight=1742 1638 780 858 130 104
internal_count=1742 1638 780 858 130 104
is_linear=0
shrinkage=0.05


Tree=89
num_leaves=7
num_cat=0
split_feature=2 0 2 2 2 2
split_gain=1.73819 4.40525 0.651919 0.4447 3.76509 5.96432
threshold=6820.0000000000009 0.0053450000000000008 4459.5000000000009 103148.50000000001 180370.00000000003 188874.50000000003
decision_type=2 2 2 2 2 2
left_child=1 -1 -3 -2 -5 -6
right_child=3 2 -4 4 5 -7
leaf_value=-0.024074074074074074 -0.00079096045197740109 -0.0079545454545454555 0.0021551724137931039 0.0071038251366120214 -0.024074074074074074 0
leaf_weight=26 884 21 57 182 26 546
leaf_count=26 884 21 57 182 26 546
internal_value=-0.000430293 -0.00666667 -0.000632911 -3.05064e-05 0.000860927 -0.00113438
internal_weight=1742 104 78 1638 754 572
internal_count=1742 104 78 1638 754 572
is_linear=0
shrinkage=0.05


Tree=90
num_leaves=7
num_cat=0
split_feature=2 2 2 2 2 2
split_gain=2.50131 0.401528 3.86646 2.59818 2.59076 0.813775
threshold=6820.0000000000009 103148.50000000001 92799.500000000015 99649.000000000015 106179.50000000001 85316.500000000015
decision_type=2 2 2 2 2 2
left_child=-1 2 5 -4 -3 -2
right_child=1 4 3 -5 -6 -7
leaf_value=0.0085714285714285719 0.00043370508054522928 0.016666666666666666 -0.024074074074074074 -0.0018518518518518519 0.00089163237311385465 0.0092592592592592587
leaf_weight=104 806 26 26 26 728 26
leaf_count=104 806 26 26 26 728 26
internal_value=0.00109007 0.000610128 -0.000112994 -0.0132075 0.00145695 0.000720288
internal_weight=1742 1638 884 52 754 832
internal_count=1742 1638 884 52 754 832
is_linear=0
shrinkage=0.05


Tree=91
num_leaves=7
num_cat=0
split_feature=2 2 2 2 2 2
split_gain=1.58686 1.82766 0.879106 0.372272 3.03936 1.58585
threshold=4552.5000000000009 6820.0000000000009 4459.5000000000009 130562.00000000001 188874.50000000003 103148.50000000001
decision_type=2 2 2 2 2 2
left_child=2 -2 -1 5 -5 -3
right_child=1 3 -4 4 -6 -7
leaf_value=-0.0018518518518518519 0.0094339622641509448 0.00016949152542372882 -0.014814814814814815 0.010126582278481013 -0.00036563071297989033 -0.0057251908396946565
leaf_weight=26 52 884 26 78 546 130
leaf_count=26 52 884 26 78 546 130
internal_value=2.86862e-05 0.000295683 -0.00849057 0 0.00096 -0.000591133
internal_weight=1742 1690 52 1638 624 1014
internal_count=1742 1690 52 1638 624 1014
is_linear=0
shrinkage=0.05


Tree=92
num_leaves=7
num_cat=0
split_feature=2 2 2 2 2 0
split_gain=1.20783 0.292425 0.661076 0.361326 1.13177 0.82129
threshold=4552.5000000000009 6820.0000000000009 5501.0000000000009 25864.000000000004 22520.500000000004 0.16742500000000002
decision_type=2 2 2 2 2 2
left_child=-1 2 -2 4 5 -3
right_child=1 3 -4 -5 -6 -7
leaf_value=0.0075471698113207548 0.0018518518518518519 -0.00040650406504065046 -0.0092592592592592587 -0.00046968403074295473 0.011111111111111112 0.005333333333333334
leaf_weight=52 26 368 26 1170 26 74
leaf_count=52 26 368 26 1170 26 74
internal_value=0.000114745 -0.000118273 -0.00377358 0 0.00117271 0.000564334
internal_weight=1742 1690 52 1638 468 442
internal_count=1742 1690 52 1638 468 442
is_linear=0
shrinkage=0.05


Tree=93
num_leaves=7
num_cat=0
split_feature=2 2 0 2 2 2
split_gain=0.566009 0.870856 0.731562 1.37941 1.56369 1.42486
threshold=14170.500000000002 15055.000000000002 0.11833500000000001 92799.500000000015 85316.500000000015 123241.00000000001
decision_type=2 2 2 2 2 2
left_child=-1 -2 3 4 -3 -5
right_child=1 2 -4 5 -6 -7
leaf_value=0.0017902813299232737 -0.0092592592592592587 -0.0023287671232876716 0.0017361111111111112 0.0017361111111111112 -0.014814814814814815 -0.001312910284463895
leaf_weight=390 26 364 359 121 26 456
leaf_count=390 26 364 359 121 26 456
internal_value=0.000114745 -0.000369549 -0.000188395 -0.000903926 -0.00319693 0.000648789
internal_weight=1742 1352 1326 967 390 577
internal_count=1742 1352 1326 967 390 577
is_linear=0
shrinkage=0.05


Tree=94
num_leaves=7
num_cat=0
split_feature=2 2 2 2 2 3
split_gain=3.31944 0.507342 0.987299 0.804447 0.718803 0.613445
threshold=4552.5000000000009 8945.0000000000018 9208.5000000000018 5501.0000000000009 6820.0000000000009 1.0000000180025095e-35
decision_type=2 2 2 2 2 2
left_child=-1 3 -3 -2 -5 -4
right_child=1 2 5 4 -6 -7
leaf_value=-0.012264150943396227 -0.0037037037037037038 -0.0092592592592592587 -0.00071123755334281653 0.012962962962962963 0.0028301886792452833 0.001280558789289872
leaf_weight=52 26 26 702 26 52 858
leaf_count=52 26 26 702 26 52 858
internal_value=5.73723e-05 0.000443525 0.000220542 0.00380952 0.00632911 0.000384369
internal_weight=1742 1690 1586 104 78 1560
internal_count=1742 1690 1586 104 78 1560
is_linear=0
shrinkage=0.05


Tree=95
num_leaves=7
num_cat=0
split_feature=2 2 2 2 2 2
split_gain=1.04577 0.383661 0.661076 0.375605 3.87113 3.45971
threshold=4552.5000000000009 6820.0000000000009 5501.0000000000009 123241.00000000001 180370.00000000003 188874.50000000003
decision_type=2 2 2 2 2 2
left_child=-1 2 -2 -3 -5 -6
right_child=1 3 -4 4 5 -7
leaf_value=0.0075471698113207548 0.0018518518518518519 0.0011627906976744186 -0.0092592592592592587 -0.010759493670886078 0.018518518518518517 0.00018281535648994517
leaf_weight=52 26 988 26 78 26 546
leaf_count=52 26 988 26 78 26 546
internal_value=0.000631096 0.000413956 -0.00377358 0.000549115 -0.000384025 0.00104712
internal_weight=1742 1690 52 1638 650 572
internal_count=1742 1690 52 1638 650 572
is_linear=0
shrinkage=0.05


Tree=96
num_leaves=7
num_cat=0
split_feature=2 2 2 2 2 2
split_gain=0.762875 0.762557 0.748771 1.15016 2.90607 2.34575
threshold=8945.0000000000018 5501.0000000000009 38806.000000000007 99649.000000000015 106179.50000000001 85316.500000000015
decision_type=2 2 2 2 2 2
left_child=1 -1 -2 5 -5 -4
right_child=2 -3 3 4 -6 -7
leaf_value=-0.0006329113924050633 -0.0022851919561243145 0.0063291139240506337 0.00047846889952153111 -0.012264150943396227 -0.00013717421124828533 0.012264150943396227
leaf_weight=78 546 78 208 52 728 52
leaf_count=78 546 78 208 52 728 52
internal_value=-0.000458979 0.00286624 -0.00078765 0 -0.000960307 0.00287356
internal_weight=1742 156 1586 1040 780 260
internal_count=1742 156 1586 1040 780 260
is_linear=0
shrinkage=0.05


Tree=97
num_leaves=7
num_cat=0
split_feature=2 2 2 2 2 3
split_gain=0.969346 2.90654 3.07058 2.37855 2.5471 0.786194
threshold=155542.00000000003 188874.50000000003 180370.00000000003 92799.500000000015 85316.500000000015 1.0000000180025095e-35
decision_type=2 2 2 2 2 2
left_child=3 2 -2 4 -1 -5
right_child=1 -3 -4 5 -6 -7
leaf_value=0.00076838638858397373 0 0 -0.024074074074074074 -0.0018518518518518519 -0.014814814814814815 0.0073770491803278691
leaf_weight=910 26 546 26 26 26 182
leaf_count=910 26 546 26 26 26 182
internal_value=0.000545037 -0.00108514 -0.0122642 0.00139738 0.000320171 0.0062201
internal_weight=1742 598 52 1144 936 208
internal_count=1742 598 52 1144 936 208
is_linear=0
shrinkage=0.05


Tree=98
num_leaves=7
num_cat=0
split_feature=2 2 1 2 2 2
split_gain=1.35072 6.86134 3.14706 2.02642 1.00901 1.26662
threshold=155542.00000000003 92799.500000000015 0.15064500000000003 199147.00000000003 85316.500000000015 60417.000000000007
decision_type=2 2 2 2 2 2
left_child=1 4 -3 -2 5 -1
right_child=3 2 -4 -5 -6 -7
leaf_value=0.00012391573729863693 0.0071428571428571426 -0.019758064516129034 -0.0062500000000000003 -0.00050505050505050516 0.0092592592592592587 -0.0057142857142857143
leaf_weight=806 104 61 147 494 26 104
leaf_count=806 104 61 147 494 26 104
internal_value=-0.00109007 -0.00209607 -0.0102871 0.000834725 -0.000266809 -0.000548847
internal_weight=1742 1144 208 598 936 910
internal_count=1742 1144 208 598 936 910
is_linear=0
shrinkage=0.05


Tree=99
num_leaves=7
num_cat=0
split_feature=2 2 2 2 2 3
split_gain=0.815156 0.785806 2.80136 0.843111 1.88354 1.7946
threshold=19676.000000000004 188874.50000000003 180370.00000000003 92799.500000000015 106179.50000000001 1.0000000180025095e-35
decision_type=2 2 2 2 2 2
left_child=-1 2 3 -2 5 -5
right_child=1 -3 -4 4 -6 -7
leaf_value=-0.00076775431861804226 0.0007194244604316548 0.00018281535648994517 0.018518518518518517 0 0.0012738853503184715 0.016037735849056604
leaf_weight=520 416 546 26 26 156 52
leaf_count=520 416 546 26 26 156 52
internal_value=0.000889271 0.00159444 0.00273264 0.00207373 0.00446809 0.0107595
internal_weight=1742 1222 676 650 234 78
internal_count=1742 1222 676 650 234 78
is_linear=0
shrinkage=0.05


Tree=100
num_leaves=7
num_cat=0
split_feature=2 2 2 2 1 2
split_gain=0.840011 1.04497 3.36447 1.7624 1.56321 1.85698
threshold=349638.00000000006 85316.500000000015 99649.000000000015 92799.500000000015 0.74992500000000006 66734.500000000015
decision_type=2 2 2 2 2 2
left_child=1 4 3 -3 5 -1
right_child=-2 2 -4 -5 -6 -7
leaf_value=-0.002418096723868955 0.0019138755980861245 -0.0055555555555555558 -0.0019197207678883074 -0.024074074074074074 0.0032657657657657658 0.0032657657657657658
leaf_weight=640 208 26 572 26 221 49
leaf_count=640 208 26 572 26 221 49
internal_value=-0.00106139 -0.0014658 -0.00304 -0.0150943 -0.000384193 -0.00155797
internal_weight=1742 1534 624 52 910 689
internal_count=1742 1534 624 52 910 689
is_linear=0
shrinkage=0.05


Tree=101
num_leaves=7
num_cat=0
split_feature=2 2 2 2 2 2
split_gain=1.35072 3.03819 3.07058 0.897514 0.511619 0.412705
threshold=155542.00000000003 188874.50000000003 180370.00000000003 130562.00000000001 9208.5000000000018 99649.000000000015
decision_type=2 2 2 2 2 2
left_child=3 2 -2 4 -1 -6
right_child=1 -3 -4 -5 5 -7
leaf_value=-0.00054644808743169399 0 0.00027422303473491772 -0.024074074074074074 0.011111111111111112 0.0028169014084507044 0
leaf_weight=182 26 546 26 26 780 156
leaf_count=182 26 546 26 26 780 156
internal_value=0.00109007 -0.000834725 -0.0122642 0.00209607 0.00187668 0.00234792
internal_weight=1742 598 52 1144 1118 936
internal_count=1742 598 52 1144 1118 936
is_linear=0
shrinkage=0.05


Tree=102
num_leaves=7
num_cat=0
split_feature=2 2 2 2 2 2
split_gain=1.39707 2.53237 1.2323 1.06956 2.55191 1.62435
threshold=92799.500000000015 99649.000000000015 60417.000000000007 109786.50000000001 188874.50000000003 180370.00000000003
decision_type=2 2 2 2 2 2
left_child=2 -2 -1 -3 5 -5
right_child=1 3 -4 4 -6 -7
leaf_value=-0.00049566294919454773 0.016666666666666666 -0.0044303797468354432 -0.0057251908396946565 0.0049618320610687024 9.1407678244972583e-05 0.018518518518518517
leaf_weight=806 26 78 130 130 546 26
leaf_count=806 26 78 130 130 546 26
internal_value=8.60585e-05 0.0016109 -0.00122732 0.00108835 0.00170697 0.00732484
internal_weight=1742 806 936 780 702 156
internal_count=1742 806 936 780 702 156
is_linear=0
shrinkage=0.05


Tree=103
num_leaves=7
num_cat=0
split_feature=2 2 2 2 2 2
split_gain=1.92173 0.580536 2.53743 0.949026 0.914976 0.662946
threshold=6820.0000000000009 66734.500000000015 113856.50000000001 123241.00000000001 155542.00000000003 17370.500000000004
decision_type=2 2 2 2 2 2
left_child=-1 5 -3 -4 -5 -2
right_child=1 2 3 4 -6 -7
leaf_value=0.0076190476190476199 0.0010958904109589042 0.0059574468085106386 -0.0092592592592592587 0.0066037735849056606 -0.00025041736227045074 -0.0019178082191780824
leaf_weight=104 364 234 26 52 598 364
leaf_count=104 364 234 26 52 598 364
internal_value=0.00106139 0.000640635 0.00148189 -7.38552e-05 0.00030722 -0.000411523
internal_weight=1742 1638 910 676 650 728
internal_count=1742 1638 910 676 650 728
is_linear=0
shrinkage=0.05


Tree=104
num_leaves=7
num_cat=0
split_feature=3 0 2 2 2 2
split_gain=1.8652 2.85278 5.33212 2.24211 1.29157 3.40223
threshold=1.0000000180025095e-35 0.025910000000000006 244286.50000000003 8085.5000000000009 123241.00000000001 106179.50000000001
decision_type=2 2 2 2 2 2
left_child=3 2 4 -1 5 -2
right_child=1 -3 -4 -5 -6 -7
leaf_value=-0.0075949367088607601 -0.010614525139664805 -0.00010752688172043011 -0.00010752688172043011 0.0012582781456953645 -0.014516129032258067 -0.00010752688172043011
leaf_weight=78 178 464 141 754 92 35
leaf_count=78 178 464 141 754 92 35
internal_value=-0.00129088 -0.00285401 -0.0057047 0.000420168 -0.00955882 -0.00735981
internal_weight=1742 910 446 832 305 213
internal_count=1742 910 446 832 305 213
is_linear=0
shrinkage=0.05


Tree=105
num_leaves=7
num_cat=0
split_feature=3 2 2 2 2 2
split_gain=2.07024 4.54355 3.78289 2.28717 1.36443 1.08812
threshold=1.0000000180025095e-35 272834.00000000006 130562.00000000001 8945.0000000000018 244286.50000000003 106179.50000000001
decision_type=2 2 2 2 2 2
left_child=3 2 5 -1 -4 -2
right_child=1 -3 4 -5 -6 -7
leaf_value=0.0076190476190476199 0.0057544757033248083 -0.001045296167247387 0.016666666666666666 -0.00027434842249657066 0.0037037037037037038 0
leaf_weight=104 390 286 104 728 26 104
leaf_count=104 390 286 104 728 26 104
internal_value=0.00252438 0.00417124 0.00656 0.000720288 0.0141221 0.00454545
internal_weight=1742 910 624 832 130 494
internal_count=1742 910 624 832 130 494
is_linear=0
shrinkage=0.05


Tree=106
num_leaves=7
num_cat=0
split_feature=2 2 2 2 2 2
split_gain=3.11416 2.4094 4.02017 5.46626 1.18004 1.05852
threshold=6820.0000000000009 103148.50000000001 188874.50000000003 130562.00000000001 85316.500000000015 106179.50000000001
decision_type=2 2 2 2 2 2
left_child=-1 4 3 5 -2 -3
right_child=1 2 -4 -5 -6 -7
leaf_value=-0.0095238095238095247 0.00055762081784386619 -0.011111111111111112 -0.00045703839122486294 -0.018987341772151903 0.006962025316455696 0
leaf_weight=104 806 26 546 78 78 104
leaf_count=104 806 26 546 78 78 104
internal_value=-0.00117613 -0.000640635 -0.00271523 -0.00861244 0.00112994 -0.00229008
internal_weight=1742 1638 754 208 884 130
internal_count=1742 1638 754 208 884 130
is_linear=0
shrinkage=0.05


Tree=107
num_leaves=7
num_cat=0
split_feature=2 2 2 2 2 2
split_gain=1.82885 0.975458 3.47664 2.59818 2.16262 1.94278
threshold=6820.0000000000009 103148.50000000001 92799.500000000015 99649.000000000015 188874.50000000003 180370.00000000003
decision_type=2 2 2 2 2 2
left_child=-1 2 -2 -4 5 -3
right_child=1 4 3 -5 -6 -7
leaf_value=0.0071428571428571426 0 0.0040983606557377051 -0.024074074074074074 -0.0018518518518518519 0 0.018518518518518517
leaf_weight=104 832 182 26 26 546 26
leaf_count=104 832 182 26 26 546 26
internal_value=0.000745841 0.00033557 -0.00079096 -0.0132075 0.00165563 0.00598086
internal_weight=1742 1638 884 52 754 208
internal_count=1742 1638 884 52 754 208
is_linear=0
shrinkage=0.05


Tree=108
num_leaves=7
num_cat=0
split_feature=2 3 2 2 2 2
split_gain=2.40269 0.742402 0.611306 5.96432 1.19784 1.9423
threshold=6820.0000000000009 1.0000000180025095e-35 180370.00000000003 188874.50000000003 92799.500000000015 99649.000000000015
decision_type=2 2 2 2 2 2
left_child=1 -1 4 -4 -2 -6
right_child=2 -3 3 -5 5 -7
leaf_value=-0.0050632911392405064 0 -0.014814814814814815 -0.024074074074074074 0 0.016666666666666666 0.0023923444976076558
leaf_weight=78 832 26 26 546 26 208
leaf_count=78 832 26 26 546 26 208
internal_value=-0.000286862 -0.00761905 0.000183038 -0.00113438 0.000890347 0.00404255
internal_weight=1742 104 1638 572 1066 234
internal_count=1742 104 1638 572 1066 234
is_linear=0
shrinkage=0.05


Tree=109
num_leaves=7
num_cat=0
split_feature=2 2 2 2 2 2
split_gain=1.18926 0.788349 5.23965 2.30845 1.57158 0.469622
threshold=4552.5000000000009 123241.00000000001 106179.50000000001 188874.50000000003 180370.00000000003 92799.500000000015
decision_type=2 2 2 2 2 2
left_child=-1 2 5 4 -3 -2
right_child=1 3 -4 -5 -6 -7
leaf_value=0.0075471698113207548 -0.00022598870056497178 0.0044303797468354432 -0.013291139240506329 0 0.018518518518518517 0.00379746835443038
leaf_weight=52 884 78 78 546 26 78
leaf_count=52 884 78 78 546 26 78
internal_value=0.000172117 -5.91366e-05 -0.000912584 0.00130568 0.00809524 0.000103842
internal_weight=1742 1690 1040 650 104 962
internal_count=1742 1690 1040 650 104 962
is_linear=0
shrinkage=0.05


Tree=110
num_leaves=7
num_cat=0
split_feature=2 2 2 2 2 2
split_gain=1.0359 1.0828 0.975458 3.47664 2.59818 2.16262
threshold=4459.5000000000009 6820.0000000000009 103148.50000000001 92799.500000000015 99649.000000000015 188874.50000000003
decision_type=2 2 2 2 2 2
left_child=-1 -2 3 -3 -5 -4
right_child=1 2 5 4 -6 -7
leaf_value=-0.0092592592592592587 0.0063291139240506337 0 0.0059808612440191387 -0.024074074074074074 -0.0018518518518518519 0
leaf_weight=26 78 832 208 26 26 546
leaf_count=26 78 832 208 26 26 546
internal_value=0.000458979 0.000611532 0.00033557 -0.00079096 -0.0132075 0.00165563
internal_weight=1742 1716 1638 884 52 754
internal_count=1742 1716 1638 884 52 754
is_linear=0
shrinkage=0.05


Tree=111
num_leaves=7
num_cat=0
split_feature=2 2 2 2 2 2
split_gain=1.17435 2.24956 1.36884 4.07265 5.87897 2.9057
threshold=4459.5000000000009 6820.0000000000009 99649.000000000015 188874.50000000003 130562.00000000001 92799.500000000015
decision_type=2 2 2 2 2 2
left_child=-1 -2 5 4 -4 -3
right_child=1 2 3 -5 -6 -7
leaf_value=0.0092592592592592587 -0.0094936708860759514 0 -0.0022292993630573248 0 -0.018987341772151903 0.016666666666666666
leaf_weight=26 78 832 156 546 78 26
leaf_count=26 78 832 156 546 78 26
internal_value=-0.00109007 -0.00125218 -0.000854179 -0.00236876 -0.00787234 0.000523865
internal_weight=1742 1716 1638 780 234 858
internal_count=1742 1716 1638 780 234 858
is_linear=0
shrinkage=0.05


Tree=112
num_leaves=7
num_cat=0
split_feature=2 2 2 2 2 2
split_gain=1.09152 1.22773 0.585056 0.504008 2.97974 1.44411
threshold=4459.5000000000009 6820.0000000000009 5501.0000000000009 113856.50000000001 188874.50000000003 130562.00000000001
decision_type=2 2 2 2 2 2
left_child=-1 2 -2 -3 5 -5
right_child=1 3 -4 4 -6 -7
leaf_value=-0.0092592592592592587 0.0037735849056603774 -0.00015576323987538941 0.012962962962962963 0.0018867924528301887 0 0.012658227848101267
leaf_weight=26 52 962 26 52 546 78
leaf_count=26 52 962 26 52 546 78
internal_value=0.000717154 0.000873617 0.00696203 0.000579622 0.00162482 0.00839695
internal_weight=1742 1716 78 1638 676 130
internal_count=1742 1716 78 1638 676 130
is_linear=0
shrinkage=0.05


Tree=113
num_leaves=7
num_cat=0
split_feature=2 2 2 2 2 2
split_gain=0.838467 0.40417 1.9947 1.83995 0.795457 0.598678
threshold=4459.5000000000009 113856.50000000001 188874.50000000003 180370.00000000003 103148.50000000001 106179.50000000001
decision_type=2 2 2 2 2 2
left_child=-1 4 3 -3 -2 -6
right_child=1 2 -4 -5 5 -7
leaf_value=0.0092592592592592587 0.00015576323987538941 0.00380952380952381 0 0.018518518518518517 -0.011111111111111112 -0.0018867924528301887
leaf_weight=26 962 104 546 26 26 52
leaf_count=26 962 104 546 26 26 52
internal_value=0.000516351 0.000378567 0.00132939 0.00687023 -0.000240154 -0.00506329
internal_weight=1742 1716 676 130 1040 78
internal_count=1742 1716 676 130 1040 78
is_linear=0
shrinkage=0.05


Tree=114
num_leaves=7
num_cat=0
split_feature=2 2 3 2 2 2
split_gain=1.06064 7.47536 4.19775 1.71465 0.878022 0.645874
threshold=130562.00000000001 188874.50000000003 1.0000000180025095e-35 92799.500000000015 4459.5000000000009 76340.500000000015
decision_type=2 2 2 2 2 2
left_child=3 2 -2 4 -1 -6
right_child=1 -3 -4 -5 5 -7
leaf_value=-0.0092592592592592587 0 0 -0.024528301886792454 0.0049180327868852463 0.00030012004801920772 -0.0044303797468354432
leaf_weight=26 26 546 52 182 832 78
leaf_count=26 26 546 52 182 832 78
internal_value=-0.000430293 -0.00208 -0.0164557 0.00049151 -0.000373533 -0.000109769
internal_weight=1742 624 78 1118 936 910
internal_count=1742 624 78 1118 936 910
is_linear=0
shrinkage=0.05


Tree=115
num_leaves=7
num_cat=0
split_feature=2 2 2 2 2 2
split_gain=0.855079 0.534945 1.90654 0.663574 2.04485 1.7213
threshold=4459.5000000000009 85316.500000000015 99649.000000000015 123241.00000000001 188874.50000000003 180370.00000000003
decision_type=2 2 2 2 2 2
left_child=-1 -2 -3 -4 5 -5
right_child=1 2 3 4 -6 -7
leaf_value=0.0092592592592592587 -0.0005649717514124294 0.010377358490566039 -0.0026717557251908397 0.00379746835443038 0 0.018518518518518517
leaf_weight=26 884 52 130 78 546 26
leaf_count=26 884 52 130 78 546 26
internal_value=0.000430293 0.000291206 0.00120048 0.000576184 0.00122888 0.00761905
internal_weight=1742 1716 832 780 650 104
internal_count=1742 1716 832 780 650 104
is_linear=0
shrinkage=0.05


Tree=116
num_leaves=7
num_cat=0
split_feature=2 2 2 2 2 2
split_gain=0.778893 0.655999 1.22401 1.02682 4.35268 2.54671
threshold=4459.5000000000009 25864.000000000004 22520.500000000004 103148.50000000001 85316.500000000015 106179.50000000001
decision_type=2 2 2 2 2 2
left_child=-1 2 -2 4 -3 -5
right_child=1 3 -4 5 -6 -7
leaf_value=-0.0092592592592592587 0.00019193857965451057 -0.00088495575221238937 0.011111111111111112 0.014814814814814815 -0.013924050632911392 -0.00082304526748971203
leaf_weight=26 520 338 26 26 78 728
leaf_count=26 520 338 26 26 78 728
internal_value=-0.000831899 -0.000698893 0.000731261 -0.00136635 -0.00335731 -0.000264901
internal_weight=1742 1716 546 1170 416 754
internal_count=1742 1716 546 1170 416 754
is_linear=0
shrinkage=0.05


Tree=117
num_leaves=7
num_cat=0
split_feature=2 2 2 2 2 2
split_gain=0.816561 0.428231 5.55384 1.39902 1.37202 1.88354
threshold=4459.5000000000009 155542.00000000003 188874.50000000003 180370.00000000003 85316.500000000015 103148.50000000001
decision_type=2 2 2 2 2 2
left_child=-1 4 3 -3 -2 -6
right_child=1 2 -4 -5 5 -7
leaf_value=0.0092592592592592587 0.00016949152542372882 -0.0074074074074074077 0.00091407678244972588 -0.024074074074074074 0.010759493670886078 0.0012738853503184715
leaf_weight=26 884 26 546 26 78 156
leaf_count=26 884 26 546 26 78 156
internal_value=0.000631096 0.00049505 -0.000584307 -0.0160377 0.00107239 0.00446809
internal_weight=1742 1716 598 52 1118 234
internal_count=1742 1716 598 52 1118 234
is_linear=0
shrinkage=0.05


Tree=118
num_leaves=7
num_cat=0
split_feature=2 2 2 2 2 2
split_gain=1.11669 3.98555 2.0943 1.7213 1.40834 1.7624
threshold=123241.00000000001 85316.500000000015 188874.50000000003 180370.00000000003 99649.000000000015 92799.500000000015
decision_type=2 2 2 2 2 2
left_child=1 -1 3 -2 5 -3
right_child=2 4 -4 -5 -6 -7
leaf_value=-0.00010976948408342482 0.00379746835443038 -0.0055555555555555558 -9.1407678244972583e-05 0.018518518518518517 -0.0053435114503816794 -0.024074074074074074
leaf_weight=910 78 26 546 26 130 26
leaf_count=910 78 26 546 26 130 26
internal_value=-0.000487665 -0.00146386 0.00115207 0.00761905 -0.00819672 -0.0150943
internal_weight=1742 1092 650 104 182 52
internal_count=1742 1092 650 104 182 52
is_linear=0
shrinkage=0.05


Tree=119
num_leaves=7
num_cat=0
split_feature=2 2 2 2 2 3
split_gain=0.958037 0.642817 5.96432 0.949926 1.1524 0.804608
threshold=4459.5000000000009 180370.00000000003 188874.50000000003 27900.500000000004 22520.500000000004 1.0000000180025095e-35
decision_type=2 2 2 2 2 2
left_child=-1 3 -3 4 5 -2
right_child=1 2 -4 -5 -6 -7
leaf_value=-0.0092592592592592587 -0.0010958904109589042 -0.024074074074074074 0 0.0023560209424083774 -0.0075471698113207548 0.0031847133757961785
leaf_weight=26 364 26 546 572 52 156
leaf_count=26 364 26 546 572 52 156
internal_value=8.60585e-05 0.000232964 -0.00113438 0.000917031 -0.00052356 0.000191939
internal_weight=1742 1716 572 1144 572 520
internal_count=1742 1716 572 1144 572 520
is_linear=0
shrinkage=0.05


Tree=120
num_leaves=7
num_cat=0
split_feature=2 2 2 2 2 2
split_gain=0.894449 0.723104 2.68071 0.90237 1.04774 2.5341
threshold=4459.5000000000009 92799.500000000015 99649.000000000015 106179.50000000001 188874.50000000003 180370.00000000003
decision_type=2 2 2 2 2 2
left_child=-1 -2 -3 -4 5 -5
right_child=1 2 3 4 -6 -7
leaf_value=0.0092592592592592587 -0.00087815587266739856 0.016666666666666666 -0.0056603773584905665 0.001910828025477707 0 0.018518518518518517
leaf_weight=26 910 26 52 156 546 26
leaf_count=26 910 26 52 156 546 26
internal_value=0.000229489 8.73617e-05 0.0011772 0.000640205 0.00109739 0.00437158
internal_weight=1742 1716 806 780 728 182
internal_count=1742 1716 806 780 728 182
is_linear=0
shrinkage=0.05


Tree=121
num_leaves=7
num_cat=0
split_feature=2 2 2 2 2 2
split_gain=1.08278 3.84777 2.36888 1.04774 2.5341 1.12665
threshold=106179.50000000001 92799.500000000015 99649.000000000015 188874.50000000003 180370.00000000003 155542.00000000003
decision_type=2 2 2 2 2 2
left_child=1 -1 -3 4 5 -2
right_child=3 2 -4 -5 -6 -7
leaf_value=-0.00053361792956243333 0.0038167938931297713 -0.024074074074074074 -0.0056603773584905665 0 0.018518518518518517 -0.0074074074074074077
leaf_weight=936 130 26 52 546 26 26
leaf_count=936 130 26 52 546 26 26
internal_value=-0.00037292 -0.00142857 -0.0120253 0.00109739 0.00437158 0.00191083
internal_weight=1742 1014 78 728 182 156
internal_count=1742 1014 78 728 182 156
is_linear=0
shrinkage=0.05


Tree=122
num_leaves=7
num_cat=0
split_feature=2 2 2 2 2 2
split_gain=0.43479 3.08361 1.04181 1.00663 1.51737 3.70941
threshold=106179.50000000001 92799.500000000015 103148.50000000001 200574.00000000003 180370.00000000003 188874.50000000003
decision_type=2 2 2 2 2 2
left_child=1 -1 -3 4 -2 -6
right_child=3 2 -4 -5 5 -7
leaf_value=-0.00016008537886873 -0.00031847133757961787 0.014150943396226415 0.0018518518518518519 0.0004264392324093817 -0.024074074074074074 -0.0025316455696202532
leaf_weight=936 156 52 26 468 26 78
leaf_count=936 156 52 26 468 26 78
internal_value=-2.86862e-05 0.000640394 0.0101266 -0.000960219 -0.00344828 -0.00809524
internal_weight=1742 1014 78 728 260 104
internal_count=1742 1014 78 728 260 104
is_linear=0
shrinkage=0.05


Tree=123
num_leaves=7
num_cat=0
split_feature=2 2 3 2 2 2
split_gain=0.369276 1.71498 2.05992 0.877071 0.724467 0.542895
threshold=218097.50000000003 130562.00000000001 1.0000000180025095e-35 197890.00000000003 200574.00000000003 106179.50000000001
decision_type=2 2 2 2 2 2
left_child=1 5 4 -4 -3 -1
right_child=-2 2 3 -5 -6 -7
leaf_value=0.00044334975369458136 -0.00083932853717026386 -0.00189873417721519 0.01509433962264151 0.0037037037037037038 0.0056603773584905665 -0.0033333333333333335
leaf_weight=1014 416 78 52 26 52 104
leaf_count=1014 416 78 52 26 52 104
internal_value=0.000458979 0.000866616 0.00502392 0.0113924 0.00114504 8.93655e-05
internal_weight=1742 1326 208 78 130 1118
internal_count=1742 1326 208 78 130 1118
is_linear=0
shrinkage=0.05


Tree=124
num_leaves=7
num_cat=0
split_feature=2 2 1 2 2 0
split_gain=0.620471 1.94033 11.9957 0.816585 0.374354 1.04612
threshold=326041.50000000006 130562.00000000001 0.21226500000000001 188874.50000000003 299770.50000000006 0.11927500000000001
decision_type=2 2 2 2 2 2
left_child=1 -1 -3 -4 -5 -6
right_child=-2 2 3 4 5 -7
leaf_value=0 0.0017021276595744683 -0.020224719101123598 -0.0080000000000000002 0.0023026315789473682 -0.0092592592592592587 0.004807692307692308
leaf_weight=1118 234 88 24 227 26 25
leaf_count=1118 234 88 24 227 26 25
internal_value=-0.000688468 -0.0010603 -0.00409207 0.000660066 0.00143369 -0.00240385
internal_weight=1742 1508 390 302 278 51
internal_count=1742 1508 390 302 278 51
is_linear=0
shrinkage=0.05


Tree=125
num_leaves=7
num_cat=0
split_feature=2 2 3 2 2 2
split_gain=1.30652 1.1129 1.13165 1.2727 3.44662 1.34606
threshold=92799.500000000015 326041.50000000006 1.0000000180025095e-35 130562.00000000001 244286.50000000003 220356.50000000003
decision_type=2 2 2 2 2 2
left_child=-1 2 -2 -4 5 -5
right_child=1 -3 3 4 -6 -7
leaf_value=-0.00026680896478121667 0.00071770334928229675 -0.00042553191489361707 0.001910828025477707 0.010759493670886078 0.0014285714285714286 0.024074074074074074
leaf_weight=936 208 234 156 78 104 26
leaf_count=936 208 234 156 78 104 26
internal_value=0.00100402 0.00247831 0.00366492 0.00534247 0.00789474 0.0142857
internal_weight=1742 806 572 364 208 104
internal_count=1742 806 572 364 208 104
is_linear=0
shrinkage=0.05


Tree=126
num_leaves=7
num_cat=0
split_feature=2 2 3 2 2 2
split_gain=0.701661 2.80001 1.5619 1.18599 0.509924 0.477259
threshold=130562.00000000001 197890.00000000003 1.0000000180025095e-35 103148.50000000001 106179.50000000001 92799.500000000015
decision_type=2 2 2 2 2 2
left_child=3 2 -2 5 -5 -1
right_child=1 -3 -4 4 -6 -7
leaf_value=-0.00016008537886873 0.0028301886792452833 9.5969289827255283e-05 0.01509433962264151 -0.011111111111111112 -0.0033333333333333335 0.0047169811320754724
leaf_weight=936 52 520 52 26 104 52
leaf_count=936 52 520 52 26 104 52
internal_value=0.000258176 0.0016 0.00904762 -0.00049151 -0.00496183 0.000101112
internal_weight=1742 624 104 1118 130 988
internal_count=1742 624 104 1118 130 988
is_linear=0
shrinkage=0.05


Tree=127
num_leaves=7
num_cat=0
split_feature=2 2 3 2 2 3
split_gain=1.12957 7.81181 4.19775 1.23138 0.712386 1.59591
threshold=130562.00000000001 188874.50000000003 1.0000000180025095e-35 92799.500000000015 106179.50000000001 1.0000000180025095e-35
decision_type=2 2 2 2 2 2
left_child=3 2 -2 -1 5 -5
right_child=1 -3 -4 4 -6 -7
leaf_value=0.00016008537886873 0 0.00036563071297989033 -0.024528301886792454 -0.0018518518518518519 0.001904761904761905 0.013207547169811321
leaf_weight=936 26 546 52 26 104 52
leaf_count=936 26 546 52 26 104 52
internal_value=-5.73723e-05 -0.00176 -0.0164557 0.000893655 0.00464481 0.00822785
internal_weight=1742 624 78 1118 182 78
internal_count=1742 624 78 1118 182 78
is_linear=0
shrinkage=0.05


Tree=128
num_leaves=7
num_cat=0
split_feature=2 2 2 2 2 2
split_gain=1.22798 3.39514 1.89829 1.62073 1.7624 1.10758
threshold=113856.50000000001 85316.500000000015 197890.00000000003 99649.000000000015 92799.500000000015 180370.00000000003
decision_type=2 2 2 2 2 2
left_child=1 -1 5 4 -3 -2
right_child=2 3 -4 -5 -6 -7
leaf_value=0 0.0033333333333333335 -0.0055555555555555558 9.5969289827255283e-05 -0.0042857142857142859 -0.024074074074074074 0.012264150943396227
leaf_weight=910 104 26 520 104 26 52
leaf_count=910 104 26 520 104 26 52
internal_value=-0.000114745 -0.00117151 0.00155096 -0.00796178 -0.0150943 0.00636943
internal_weight=1742 1066 676 156 52 156
internal_count=1742 1066 676 156 52 156
is_linear=0
shrinkage=0.05


Tree=129
num_leaves=7
num_cat=0
split_feature=3 2 2 2 2 2
split_gain=0.816446 1.08412 0.759468 0.734122 0.8618 2.63674
threshold=1.0000000180025095e-35 299770.50000000006 284077.50000000006 272834.00000000006 130562.00000000001 197890.00000000003
decision_type=2 2 2 2 2 2
left_child=-1 2 3 4 -2 -6
right_child=1 -3 -4 -5 5 -7
leaf_value=-0.00030012004801920772 0.0019191919191919192 -0.0010638297872340426 0.011111111111111112 -0.0055555555555555558 0.01509433962264151 0.0006329113924050633
leaf_weight=832 494 234 26 26 52 78
leaf_count=832 494 234 26 26 52 78
internal_value=0.000831899 0.00186608 0.00288035 0.00253456 0.00288 0.00648855
internal_weight=1742 910 676 650 624 130
internal_count=1742 910 676 650 624 130
is_linear=0
shrinkage=0.05


Tree=130
num_leaves=7
num_cat=0
split_feature=2 2 2 3 2 0
split_gain=0.963684 4.2985 3.86012 4.19775 2.15737 0.603447
threshold=99649.000000000015 188874.50000000003 130562.00000000001 1.0000000180025095e-35 85316.500000000015 0.15286000000000002
decision_type=2 2 2 2 2 2
left_child=4 2 5 -4 -1 -2
right_child=1 -3 3 -5 -6 -7
leaf_value=0 -0.0046218487394957984 0.00063985374771480816 0 -0.024528301886792454 0.010377358490566039 0.0025641025641025641
leaf_weight=910 118 546 26 52 52 38
leaf_count=910 118 546 26 52 52 38
internal_value=-0.000487665 -0.00179257 -0.00744681 -0.0164557 0.000571132 -0.00286624
internal_weight=1742 780 234 78 962 156
internal_count=1742 780 234 78 962 156
is_linear=0
shrinkage=0.05


Tree=131
num_leaves=7
num_cat=0
split_feature=2 2 2 2 2 2
split_gain=0.849603 1.98123 1.4137 1.23558 1.60611 0.848358
threshold=103148.50000000001 197890.00000000003 76340.500000000015 180370.00000000003 106179.50000000001 188874.50000000003
decision_type=2 2 2 2 2 2
left_child=2 3 -1 4 -2 -5
right_child=1 -3 -4 5 -6 -7
leaf_value=0.00023282887077997672 0.014814814814814815 0 -0.0053435114503816794 0.018518518518518517 0.0015923566878980893 0.0055555555555555558
leaf_weight=858 26 520 130 26 156 26
leaf_count=858 26 520 130 26 156 26
internal_value=0.000458979 0.00172185 -0.000505561 0.00553191 0.00355191 0.0122642
internal_weight=1742 754 988 234 182 52
internal_count=1742 754 988 234 182 52
is_linear=0
shrinkage=0.05


Tree=132
num_leaves=7
num_cat=0
split_feature=2 2 2 2 2 0
split_gain=0.376059 5.91903 0.628166 0.654088 0.514047 1.89627
threshold=180370.00000000003 188874.50000000003 130562.00000000001 155542.00000000003 113856.50000000001 0.081025000000000014
decision_type=2 2 2 2 2 2
left_child=2 -2 4 -4 -1 -6
right_child=1 -3 3 -5 5 -7
leaf_value=0.00032802249297094659 -0.024074074074074074 -9.1407678244972583e-05 0.011111111111111112 0 -0.012121212121212123 0.0071428571428571426
leaf_weight=1066 26 546 26 26 32 20
leaf_count=1066 26 546 26 26 32 20
internal_value=-0.000172117 -0.00122164 0.000341588 0.00566038 8.93655e-05 -0.00471698
internal_weight=1742 572 1170 52 1118 52
internal_count=1742 572 1170 52 1118 52
is_linear=0
shrinkage=0.05


Tree=133
num_leaves=7
num_cat=0
split_feature=2 3 2 2 2 2
split_gain=1.71264 1.0773 0.60947 0.593879 2.24968 1.55205
threshold=6820.0000000000009 1.0000000180025095e-35 5501.0000000000009 92799.500000000015 103148.50000000001 106179.50000000001
decision_type=2 2 2 2 2 2
left_child=1 2 -1 -2 -5 -6
right_child=3 -3 -4 4 5 -7
leaf_value=0 -0.00054021608643457385 -0.014814814814814815 -0.0092592592592592587 0.011320754716981133 -0.011111111111111112 0.0010973936899862826
leaf_weight=52 832 26 26 52 26 728
leaf_count=52 832 26 26 52 26 728
internal_value=0 -0.00619048 -0.00316456 0.000396583 0.00136307 0.000662252
internal_weight=1742 104 78 1638 806 754
internal_count=1742 104 78 1638 806 754
is_linear=0
shrinkage=0.05


Tree=134
num_leaves=7
num_cat=0
split_feature=2 2 2 2 2 2
split_gain=0.920709 0.456787 0.433189 3.56438 2.59818 1.26868
threshold=8945.0000000000018 4459.5000000000009 103148.50000000001 92799.500000000015 99649.000000000015 188874.50000000003
decision_type=2 2 2 2 2 2
left_child=1 -1 3 -2 -5 -4
right_child=2 -3 5 4 -6 -7
leaf_value=-0.0018518518518518519 0.00019206145966709347 0.0053435114503816794 0.0043062200956937805 -0.024074074074074074 -0.0018518518518518519 -0.00027422303473491772
leaf_weight=26 780 130 208 26 26 546
leaf_count=26 780 130 208 26 26 546
internal_value=0.000487665 0.00414013 0.000126024 -0.000660264 -0.0132075 0.000993377
internal_weight=1742 156 1586 832 52 754
internal_count=1742 156 1586 832 52 754
is_linear=0
shrinkage=0.05


Tree=135
num_leaves=7
num_cat=0
split_feature=2 2 2 2 2 2
split_gain=0.276832 2.05101 1.82144 1.81691 1.24192 1.82949
threshold=155542.00000000003 103148.50000000001 188874.50000000003 180370.00000000003 92799.500000000015 99649.000000000015
decision_type=2 2 2 2 2 2
left_child=1 4 3 -2 -1 -6
right_child=2 -3 -4 -5 5 -7
leaf_value=-0.00032017075773746001 0 -0.0060509554140127392 -0.00027422303473491772 0.018518518518518517 0.016666666666666666 -0.0018518518518518519
leaf_weight=936 26 156 546 26 26 26
leaf_count=936 26 156 546 26 26 26
internal_value=-0.000286862 -0.000742358 0.000584307 0.00943396 0.000101112 0.00754717
internal_weight=1742 1144 598 52 988 52
internal_count=1742 1144 598 52 988 52
is_linear=0
shrinkage=0.05


Tree=136
num_leaves=7
num_cat=0
split_feature=2 2 2 2 2 2
split_gain=0.662994 5.91903 0.690358 0.867824 0.49646 0.805511
threshold=180370.00000000003 188874.50000000003 27900.500000000004 37288.000000000007 92799.500000000015 99649.000000000015
decision_type=2 2 2 2 2 2
left_child=2 -2 -1 -4 -5 -6
right_child=1 -3 3 4 5 -7
leaf_value=-0.00033388981636060105 -0.024074074074074074 -9.1407678244972583e-05 0.006962025316455696 -0.00019157088122605365 0.011111111111111112 0.0019138755980861245
leaf_weight=598 26 546 78 260 26 208
leaf_count=598 26 546 78 260 26 208
internal_value=0.000172117 -0.00122164 0.000853971 0.00209424 0.00131313 0.00297872
internal_weight=1742 572 1170 572 494 234
internal_count=1742 572 1170 572 494 234
is_linear=0
shrinkage=0.05


Tree=137
num_leaves=7
num_cat=0
split_feature=2 2 2 2 2 0
split_gain=1.19583 3.06132 2.59818 1.16929 2.50319 0.569194
threshold=103148.50000000001 92799.500000000015 99649.000000000015 188874.50000000003 180370.00000000003 0.15286000000000002
decision_type=2 2 2 2 2 2
left_child=1 5 -3 4 -2 -1
right_child=3 2 -4 -5 -6 -7
leaf_value=-0.0014304291287386217 0.002185792349726776 -0.024074074074074074 -0.0018518518518518519 -9.1407678244972583e-05 0.018518518518518517 0.001775147928994083
leaf_weight=768 182 26 26 546 26 168
leaf_count=768 182 26 26 546 26 168
internal_value=-0.00037292 -0.00151668 -0.0132075 0.00112583 0.00430622 -0.000853789
internal_weight=1742 988 52 754 208 936
internal_count=1742 988 52 754 208 936
is_linear=0
shrinkage=0.05


Tree=138
num_leaves=7
num_cat=0
split_feature=2 2 2 2 2 2
split_gain=1.29537 1.52261 0.643806 0.516151 1.21832 1.20428
threshold=28700.000000000004 37288.000000000007 9208.5000000000018 284077.50000000006 299770.50000000006 155542.00000000003
decision_type=2 2 2 2 2 2
left_child=2 -2 -1 5 -5 -3
right_child=1 3 -4 4 -6 -7
leaf_value=-0.00081967213114754109 -0.0094339622641509448 0.00010660980810234542 0.0027088036117381489 0.011111111111111112 0 -0.0040069686411149828
leaf_weight=182 52 468 442 26 286 286
leaf_count=182 52 468 442 26 286 286
internal_value=-0.000143431 -0.00116175 0.00168 -0.000749766 0.000958466 -0.00145695
internal_weight=1742 1118 624 1066 312 754
internal_count=1742 1118 624 1066 312 754
is_linear=0
shrinkage=0.05


Tree=139
num_leaves=7
num_cat=0
split_feature=2 2 2 2 3 2
split_gain=0.66824 1.34041 0.599178 2.62241 1.5619 0.786798
threshold=27900.500000000004 37288.000000000007 130562.00000000001 197890.00000000003 1.0000000180025095e-35 103148.50000000001
decision_type=2 2 2 2 2 2
left_child=-1 -2 5 4 -4 -3
right_child=1 2 3 -5 -6 -7
leaf_value=-0.00075125208681135237 0.0075949367088607601 0.00079872204472843447 0.0028301886792452833 0.00038387715930902113 0.01509433962264151 -0.0038167938931297713
leaf_weight=598 78 312 52 520 52 130
leaf_count=598 78 312 52 520 52 130
internal_value=0.00060241 0.00131004 0.000843486 0.00184 0.00904762 -0.000564334
internal_weight=1742 1144 1066 624 104 442
internal_count=1742 1144 1066 624 104 442
is_linear=0
shrinkage=0.05


Tree=140
num_leaves=7
num_cat=0
split_feature=2 2 2 1 3 1
split_gain=1.94535 0.697186 4.82148 5.51031 1.80197 0.568421
threshold=9568.5000000000018 200574.00000000003 130562.00000000001 0.35222000000000003 1.0000000180025095e-35 0.65534500000000018
decision_type=2 2 2 2 2 2
left_child=5 2 -2 4 -4 -1
right_child=1 -3 3 -5 -6 -7
leaf_value=0.0026234567901234568 -0.00038419319429198686 0.00053304904051172707 -0.0065217391304347831 -0.00032051282051282051 -0.02370689655172414 0.0088541666666666682
leaf_weight=161 910 468 22 77 57 47
leaf_count=161 910 468 22 77 57 47
internal_value=-0.000458979 -0.00107492 -0.00178069 -0.00987261 -0.0190625 0.00406699
internal_weight=1742 1534 1066 156 79 208
internal_count=1742 1534 1066 156 79 208
is_linear=0
shrinkage=0.05


Tree=141
num_leaves=7
num_cat=0
split_feature=2 2 2 2 2 2
split_gain=1.42255 1.83529 1.50198 0.970004 0.848634 0.451165
threshold=92799.500000000015 199147.00000000003 180370.00000000003 188874.50000000003 99649.000000000015 130562.00000000001
decision_type=2 2 2 2 2 2
left_child=-1 2 4 -4 -2 -6
right_child=1 -3 3 -5 5 -7
leaf_value=-0.0010672358591248667 0.011111111111111112 -0.00010101010101010101 0.018518518518518517 0.0066037735849056606 0.00031847133757961787 0.0056603773584905665
leaf_weight=936 26 494 26 52 156 52
leaf_count=936 26 494 26 52 156 52
internal_value=0.000258176 0.00179678 0.00479233 0.0107595 0.00276596 0.00167464
internal_weight=1742 806 312 78 234 208
internal_count=1742 806 312 78 234 208
is_linear=0
shrinkage=0.05


Tree=142
num_leaves=7
num_cat=0
split_feature=2 2 2 2 2 2
split_gain=0.679207 4.40281 1.7624 1.29033 0.964081 0.874433
threshold=155542.00000000003 188874.50000000003 180370.00000000003 81611.500000000015 17370.500000000004 99649.000000000015
decision_type=2 2 2 2 2 2
left_child=3 2 -2 4 -1 -5
right_child=1 -3 -4 5 -6 -7
leaf_value=0.0013859275053304905 -0.0055555555555555558 0 -0.024074074074074074 0.0082278481012658233 -0.0019184652278177458 0.0019125683060109292
leaf_weight=468 26 546 26 78 416 182
leaf_count=468 26 546 26 78 416 182
internal_value=2.86862e-05 -0.00133556 -0.0150943 0.000742358 -0.000169492 0.00383142
internal_weight=1742 598 52 1144 884 260
internal_count=1742 598 52 1144 884 260
is_linear=0
shrinkage=0.05


Tree=143
num_leaves=7
num_cat=0
split_feature=2 2 2 2 2 2
split_gain=0.614548 1.64475 3.13288 1.47759 0.979504 3.52816
threshold=11926.000000000002 25864.000000000004 17951.000000000004 19676.000000000004 109786.50000000001 85316.500000000015
decision_type=2 2 2 2 2 2
left_child=-1 2 -2 -4 5 -3
right_child=1 4 3 -5 -6 -7
leaf_value=-0.0017421602787456446 0.00095693779904306223 0.00088495575221238937 0.022222222222222223 0.0075471698113207548 0.0011379800853485065 -0.0087786259541984737
leaf_weight=286 208 338 26 52 702 130
leaf_count=286 208 338 26 52 702 130
internal_value=0.00037292 0.000789293 0.00418118 0.0126582 -4.26985e-05 -0.00181237
internal_weight=1742 1456 286 78 1170 468
internal_count=1742 1456 286 78 1170 468
is_linear=0
shrinkage=0.05


Tree=144
num_leaves=7
num_cat=0
split_feature=2 2 3 2 2 2
split_gain=0.887434 2.80109 1.74315 0.927826 1.95357 0.877071
threshold=209711.50000000003 85316.500000000015 1.0000000180025095e-35 106179.50000000001 130562.00000000001 197890.00000000003
decision_type=2 2 2 2 2 2
left_child=1 -1 -3 -4 -5 -6
right_child=-2 2 3 4 5 -7
leaf_value=5.488474204171241e-05 -0.0010158013544018058 0.0003816793893129771 0.012025316455696204 0.00095238095238095249 0.01509433962264151 0.0037037037037037038
leaf_weight=910 442 130 78 104 52 26
leaf_count=910 442 130 78 104 52 26
internal_value=0.000917958 0.00157571 0.00511509 0.00747126 0.00546448 0.0113924
internal_weight=1742 1300 390 260 182 78
internal_count=1742 1300 390 260 182 78
is_linear=0
shrinkage=0.05


Tree=145
num_leaves=7
num_cat=0
split_feature=2 2 2 1 2 2
split_gain=1.03869 4.6788 2.23121 1.19001 1.16605 4.78194
threshold=81611.500000000015 99649.000000000015 85316.500000000015 0.75099500000000019 155542.00000000003 130562.00000000001
decision_type=2 2 2 2 2 2
left_child=3 2 -2 -1 5 -3
right_child=1 4 -4 -5 -6 -7
leaf_value=-0.00087336244541484718 -0.0018518518518518519 -0.0012738853503184715 -0.019811320754716984 0.0035175879396984926 -8.3472454090150264e-05 -0.024074074074074074
leaf_weight=686 26 156 52 198 598 26
leaf_count=686 26 156 52 198 598 26
internal_value=-0.00109007 -0.00232829 -0.0139241 0.000112994 -0.00115237 -0.00464481
internal_weight=1742 858 78 884 780 182
internal_count=1742 858 78 884 780 182
is_linear=0
shrinkage=0.05


Tree=146
num_leaves=7
num_cat=0
split_feature=2 2 2 3 3 2
split_gain=0.1734 0.480289 0.461612 0.488017 0.409041 0.325166
threshold=209711.50000000003 200574.00000000003 220356.50000000003 1.0000000180025095e-35 1.0000000180025095e-35 8085.5000000000009
decision_type=2 2 2 2 2 2
left_child=1 4 -2 -4 5 -1
right_child=2 -3 3 -5 -6 -7
leaf_value=-0.0031645569620253168 -0.0047169811320754724 0.0074074074074074077 0.0047169811320754724 -0.00044247787610619468 0.0016579406631762655 0.00023999999999999998
leaf_weight=78 52 26 52 338 572 624
leaf_count=78 52 26 52 338 572 624
internal_value=0.000516351 0.000807071 -0.0003386 0.000255754 0.000666667 -0.000142248
internal_weight=1742 1300 442 390 1274 702
internal_count=1742 1300 442 390 1274 702
is_linear=0
shrinkage=0.05


Tree=147
num_leaves=7
num_cat=0
split_feature=2 2 2 2 2 2
split_gain=2.06573 0.482084 0.383168 5.96432 0.601288 0.654088
threshold=6820.0000000000009 5501.0000000000009 180370.00000000003 188874.50000000003 130562.00000000001 155542.00000000003
decision_type=2 2 2 2 2 2
left_child=1 -1 4 -4 -2 -6
right_child=2 -3 3 -5 5 -7
leaf_value=0.0050632911392405064 0.00019704433497536944 0.012962962962962963 -0.024074074074074074 0 0.011111111111111112 0
leaf_weight=78 1014 26 26 546 26 26
leaf_count=78 1014 26 26 546 26 26
internal_value=0.000344234 0.00714286 -9.15192e-05 -0.00113438 0.000468604 0.00566038
internal_weight=1742 104 1638 572 1066 52
internal_count=1742 104 1638 572 1066 52
is_linear=0
shrinkage=0.05


Tree=148
num_leaves=7
num_cat=0
split_feature=2 2 2 2 2 2
split_gain=0.35232 3.52918 3.00011 3.07058 0.319788 2.15048
threshold=180370.00000000003 188874.50000000003 130562.00000000001 155542.00000000003 85316.500000000015 99649.000000000015
decision_type=2 2 2 2 2 2
left_child=2 -2 4 -4 -1 -6
right_child=1 -3 3 -5 5 -7
leaf_value=-0.00049396267837541164 0.018518518518518517 0 -0.024074074074074074 0 0.010377358490566039 -0.0012738853503184715
leaf_weight=910 26 546 26 26 52 156
leaf_count=910 26 546 26 26 52 156
internal_value=-0.000143431 0.0008726 -0.000640478 -0.0122642 -8.93655e-05 0.00167464
internal_weight=1742 572 1170 52 1118 208
internal_count=1742 572 1170 52 1118 208
is_linear=0
shrinkage=0.05


Tree=149
num_leaves=7
num_cat=0
split_feature=2 2 3 2 2 2
split_gain=0.912112 2.00076 5.02182 1.32605 2.34086 1.01807
threshold=106179.50000000001 85316.500000000015 1.0000000180025095e-35 188874.50000000003 180370.00000000003 92799.500000000015
decision_type=2 2 2 2 2 2
left_child=1 -1 -3 4 -2 -4
right_child=3 2 5 -5 -6 -7
leaf_value=-0.00032930845225027445 0.002547770700636943 0.011111111111111112 -0.0055555555555555558 0 0.018518518518518517 -0.017924528301886792
leaf_weight=910 156 26 26 546 26 52
leaf_count=910 156 26 26 546 26 52
internal_value=-0.000114745 -0.00108374 -0.00761905 0.00123457 0.00491803 -0.0139241
internal_weight=1742 1014 104 728 182 78
internal_count=1742 1014 104 728 182 78
is_linear=0
shrinkage=0.05


Tree=150
num_leaves=7
num_cat=0
split_feature=2 2 2 2 2 3
split_gain=1.1847 2.90654 3.07058 1.85569 1.51525 2.31812
threshold=155542.00000000003 188874.50000000003 180370.00000000003 81611.500000000015 106179.50000000001 1.0000000180025095e-35
decision_type=2 2 2 2 2 2
left_child=3 2 -2 -1 5 -5
right_child=1 -3 -4 4 -6 -7
leaf_value=0.0005649717514124294 0 0 -0.024074074074074074 0.00094339622641509435 0.0015267175572519084 0.014556962025316457
leaf_weight=884 26 546 26 52 130 78
leaf_count=884 26 546 26 52 130 78
internal_value=0.000717154 -0.00108514 -0.0122642 0.00165939 0.00536398 0.00916031
internal_weight=1742 598 52 1144 260 130
internal_count=1742 598 52 1144 260 130
is_linear=0
shrinkage=0.05


Tree=151
num_leaves=7
num_cat=0
split_feature=2 2 2 2 2 2
split_gain=0.684187 2.20071 1.08863 0.598635 0.664701 1.93794
threshold=92799.500000000015 85316.500000000015 99649.000000000015 284077.50000000006 130562.00000000001 188874.50000000003
decision_type=2 2 2 2 2 2
left_child=1 -1 -2 4 -4 -6
right_child=2 -3 3 -5 5 -7
leaf_value=-0.00032930845225027445 0.011111111111111112 -0.014814814814814815 -0.00063694267515923574 -0.00079872204472843447 0.010126582278481013 0.0010638297872340426
leaf_weight=910 26 26 156 312 78 234
leaf_count=910 26 26 156 312 78 234
internal_value=0.000172117 -0.000747065 0.00123916 0.000896287 0.00202559 0.00335463
internal_weight=1742 936 806 780 468 312
internal_count=1742 936 806 780 468 312
is_linear=0
shrinkage=0.05


Tree=152
num_leaves=7
num_cat=0
split_feature=2 2 2 2 2 2
split_gain=0.652344 5.60687 0.899245 0.613028 3.79498 1.58062
threshold=92799.500000000015 99649.000000000015 85316.500000000015 197890.00000000003 155542.00000000003 188874.50000000003
decision_type=2 2 2 2 2 2
left_child=2 -2 -1 4 -3 -6
right_child=1 3 -4 -5 5 -7
leaf_value=0 -0.024074074074074074 0.001092896174863388 0.0092592592592592587 9.5969289827255283e-05 -0.016981132075471698 -0.0018518518518518519
leaf_weight=910 26 182 26 520 52 26
leaf_count=910 26 182 26 520 52 26
internal_value=-0.000631096 -0.00167286 0.000266809 -0.000896287 -0.00287356 -0.0120253
internal_weight=1742 806 936 780 260 78
internal_count=1742 806 936 780 260 78
is_linear=0
shrinkage=0.05


Tree=153
num_leaves=7
num_cat=0
split_feature=2 2 2 2 2 2
split_gain=0.522959 2.61664 1.76252 0.554314 0.775439 1.93794
threshold=92799.500000000015 99649.000000000015 85316.500000000015 284077.50000000006 130562.00000000001 188874.50000000003
decision_type=2 2 2 2 2 2
left_child=2 -2 -1 4 -3 -6
right_child=1 3 -4 -5 5 -7
leaf_value=0 0.016666666666666666 -0.00095541401273885351 -0.012962962962962963 -0.00079872204472843447 0.010126582278481013 0.0010638297872340426
leaf_weight=910 26 156 26 312 78 234
leaf_count=910 26 156 26 312 78 234
internal_value=0.000430293 0.00136307 -0.000373533 0.000832266 0.00191898 0.00335463
internal_weight=1742 806 936 780 468 312
internal_count=1742 806 936 780 468 312
is_linear=0
shrinkage=0.05


Tree=154
num_leaves=7
num_cat=0
split_feature=2 2 2 2 2 2
split_gain=0.659366 4.34227 3.49436 1.7624 1.16682 5.05523
threshold=180370.00000000003 130562.00000000001 188874.50000000003 155542.00000000003 92799.500000000015 99649.000000000015
decision_type=2 2 2 2 2 2
left_child=1 4 -2 -3 -1 -6
right_child=2 3 -4 -5 5 -7
leaf_value=0.00026680896478121667 0.018518518518518517 -0.024074074074074074 9.1407678244972583e-05 -0.0055555555555555558 -0.024074074074074074 -0.00063694267515923574
leaf_weight=936 26 26 546 26 26 156
leaf_count=936 26 26 546 26 26 156
internal_value=-0.000430293 -0.00111016 0.00095986 -0.0150943 -0.000446828 -0.00409836
internal_weight=1742 1170 572 52 1118 182
internal_count=1742 1170 572 52 1118 182
is_linear=0
shrinkage=0.05


Tree=155
num_leaves=7
num_cat=0
split_feature=2 2 2 2 2 2
split_gain=0.374281 6.00978 1.15792 2.53329 0.628168 0.654088
threshold=180370.00000000003 188874.50000000003 85316.500000000015 99649.000000000015 130562.00000000001 155542.00000000003
decision_type=2 2 2 2 2 2
left_child=2 -2 -1 -4 -5 -6
right_child=1 -3 3 4 5 -7
leaf_value=-0.00032930845225027445 -0.024074074074074074 9.1407678244972583e-05 0.013207547169811321 -0.00063694267515923574 0.011111111111111112 0
leaf_weight=910 26 546 52 156 26 26
leaf_count=910 26 546 52 156 26 26
internal_value=0 -0.00104712 0.000512383 0.00344828 0.000956938 0.00566038
internal_weight=1742 572 1170 260 208 52
internal_count=1742 572 1170 260 208 52
is_linear=0
shrinkage=0.05


Tree=156
num_leaves=7
num_cat=0
split_feature=2 2 2 2 2 2
split_gain=0.517812 2.30207 1.07496 0.547779 2.94622 0.628168
threshold=92799.500000000015 85316.500000000015 99649.000000000015 188874.50000000003 180370.00000000003 130562.00000000001
decision_type=2 2 2 2 2 2
left_child=1 -1 -2 4 5 -4
right_child=2 -3 3 -5 -6 -7
leaf_value=0 0.011111111111111112 -0.014814814814814815 -0.00063694267515923574 9.1407678244972583e-05 0.018518518518518517 0.0056603773584905665
leaf_weight=910 26 26 156 546 26 52
leaf_count=910 26 26 156 546 26 52
internal_value=0.00037292 -0.000426894 0.00130112 0.000960307 0.00297872 0.000956938
internal_weight=1742 936 806 780 234 208
internal_count=1742 936 806 780 234 208
is_linear=0
shrinkage=0.05


Tree=157
num_leaves=7
num_cat=0
split_feature=3 1 2 2 2 2
split_gain=0.669936 0.642857 0.464615 0.945464 0.680779 0.542824
threshold=1.0000000180025095e-35 0.053635000000000009 200574.00000000003 81611.500000000015 27900.500000000004 22520.500000000004
decision_type=2 2 2 2 2 2
left_child=1 -1 3 4 5 -3
right_child=-2 2 -4 -5 -6 -7
leaf_value=-0.0079545454545454555 -0.001481888035126235 0.00046296296296296298 0.0034351145038167942 -0.0036538461538461542 0.0039215686274509803 -0.0072916666666666676
leaf_weight=21 910 377 130 129 152 23
leaf_count=21 910 377 130 129 152 23
internal_value=-0.000545037 0.000480192 0.000708128 0.000183284 0.00108499 0
internal_weight=1742 832 811 681 552 400
internal_count=1742 832 811 681 552 400
is_linear=0
shrinkage=0.05


Tree=158
num_leaves=7
num_cat=0
split_feature=2 2 2 2 2 2
split_gain=0.294396 6.14715 1.23557 3.31377 3.07058 1.37911
threshold=180370.00000000003 188874.50000000003 103148.50000000001 92799.500000000015 99649.000000000015 106179.50000000001
decision_type=2 2 2 2 2 2
left_child=2 -2 3 -1 -5 -4
right_child=1 -3 5 4 -6 -7
leaf_value=0.00058697972251867668 -0.024074074074074074 0.00036563071297989033 0.014814814814814815 -0.024074074074074074 0 0.002547770700636943
leaf_weight=936 26 546 26 26 26 156
leaf_count=936 26 546 26 26 26 156
internal_value=0.000143431 -0.00078534 0.00059778 -0.000101112 -0.0122642 0.00437158
internal_weight=1742 572 1170 988 52 182
internal_count=1742 572 1170 988 52 182
is_linear=0
shrinkage=0.05


Tree=159
num_leaves=7
num_cat=0
split_feature=3 2 2 2 2 2
split_gain=1.01194 0.695377 0.635011 1.08947 0.512001 0.598678
threshold=1.0000000180025095e-35 8085.5000000000009 27900.500000000004 22520.500000000004 37288.000000000007 32714.500000000004
decision_type=2 2 2 2 2 2
left_child=1 -1 3 -3 5 -4
right_child=-2 2 4 -5 -6 -7
leaf_value=-0.0050632911392405064 0.0018111964873765093 0.00063897763578274762 -0.0018867924528301887 0.011111111111111112 -0.00058997050147492625 -0.011111111111111112
leaf_weight=78 910 312 52 26 338 26
leaf_count=78 910 312 52 26 338 26
internal_value=0.000659782 -0.00060024 -0.00013245 0.00147493 -0.00143885 -0.00506329
internal_weight=1742 832 754 338 416 78
internal_count=1742 832 754 338 416 78
is_linear=0
shrinkage=0.05


Tree=160
num_leaves=7
num_cat=0
split_feature=2 2 2 3 2 2
split_gain=0.860651 0.539688 1.65987 1.72365 1.209 0.721248
threshold=4459.5000000000009 209711.50000000003 130562.00000000001 1.0000000180025095e-35 197890.00000000003 103148.50000000001
decision_type=2 2 2 2 2 2
left_child=-1 2 5 -4 -5 -2
right_child=1 -3 3 4 -6 -7
leaf_value=0.0092592592592592587 0.00051921079958463145 -0.0012415349887133183 0.00095238095238095249 0.01509433962264151 0.0018518518518518519 -0.0034351145038167942
leaf_weight=26 962 442 104 52 26 130
leaf_count=26 962 442 104 52 26 130
internal_value=0.000401606 0.000262085 0.000784314 0.00519126 0.0107595 4.57457e-05
internal_weight=1742 1716 1274 182 78 1092
internal_count=1742 1716 1274 182 78 1092
is_linear=0
shrinkage=0.05


Tree=161
num_leaves=7
num_cat=0
split_feature=2 2 2 2 0 2
split_gain=0.827479 0.279472 1.40427 2.72427 2.23092 1.55954
threshold=4459.5000000000009 32714.500000000004 99649.000000000015 85316.500000000015 0.12786 180370.00000000003
decision_type=2 2 2 2 2 2
left_child=-1 -2 3 4 -3 -4
right_child=1 2 5 -5 -6 -7
leaf_value=-0.0092592592592592587 -0.0012800000000000001 -0.0017241379310344827 -0.0047846889952153117 0.013207547169811321 0.0093220338983050852 0.00026178010471204191
leaf_weight=26 624 202 208 52 58 572
leaf_count=26 624 202 208 52 58 572
internal_value=-0.000573723 -0.000436808 4.57457e-05 0.0028754 0.000766284 -0.00108835
internal_weight=1742 1716 1092 312 260 780
internal_count=1742 1716 1092 312 260 780
is_linear=0
shrinkage=0.05


Tree=162
num_leaves=7
num_cat=0
split_feature=2 2 2 2 2 3
split_gain=1.09049 0.265666 5.8224 1.99712 1.81691 0.359811
threshold=4552.5000000000009 155542.00000000003 130562.00000000001 188874.50000000003 180370.00000000003 1.0000000180025095e-35
decision_type=2 2 2 2 2 2
left_child=-1 2 5 4 -3 -2
right_child=1 3 -4 -5 -6 -7
leaf_value=0.0066037735849056606 0.00025041736227045074 0 -0.024074074074074074 -0.00073126142595978066 0.018518518518518517 -0.0015991471215351814
leaf_weight=52 598 26 26 546 26 468
leaf_count=52 598 26 26 546 26 468
internal_value=-0.000458979 -0.000680071 -0.00114364 0.000166945 0.00943396 -0.000562324
internal_weight=1742 1690 1092 598 52 1066
internal_count=1742 1690 1092 598 52 1066
is_linear=0
shrinkage=0.05


Tree=163
num_leaves=7
num_cat=0
split_feature=2 2 2 2 2 2
split_gain=1.47152 0.879106 0.251845 0.566417 5.68428 0.647074
threshold=4552.5000000000009 4459.5000000000009 326041.50000000006 180370.00000000003 188874.50000000003 130562.00000000001
decision_type=2 2 2 2 2 2
left_child=1 -1 3 5 -5 -2
right_child=2 -3 -4 4 -6 -7
leaf_value=-0.0018518518518518519 0 -0.014814814814814815 0.0014893617021276596 -0.024074074074074074 -0.00015974440894568691 0.0056603773584905665
leaf_weight=26 1066 26 234 26 312 52
leaf_count=26 1066 26 234 26 312 52
internal_value=-0.000286862 -0.00849057 -2.95683e-05 -0.000274537 -0.0020649 0.000268097
internal_weight=1742 52 1690 1456 338 1118
internal_count=1742 52 1690 1456 338 1118
is_linear=0
shrinkage=0.05


Tree=164
num_leaves=7
num_cat=0
split_feature=3 2 2 2 2 2
split_gain=0.291031 0.522023 1.57407 2.61654 0.489406 0.23985
threshold=1.0000000180025095e-35 284077.50000000006 130562.00000000001 197890.00000000003 13475.500000000002 11926.000000000002
decision_type=2 2 2 2 2 2
left_child=-1 2 4 -4 5 -2
right_child=1 -3 3 -5 -6 -7
leaf_value=-0.00036014405762304925 0.00189873417721519 -0.00095785440613026815 0.01509433962264151 0.0014285714285714286 -0.00051150895140664968 0.0074074074074074077
leaf_weight=832 78 260 52 104 390 26
leaf_count=832 78 260 52 104 390 26
internal_value=0.000315548 0.000933041 0.00168971 0.00605096 0.00030303 0.00333333
internal_weight=1742 910 650 156 494 104
internal_count=1742 910 650 156 494 104
is_linear=0
shrinkage=0.05


Tree=165
num_leaves=7
num_cat=0
split_feature=2 2 1 2 2 2
split_gain=1.30341 6.39912 4.59114 0.847106 0.59483 0.397462
threshold=113856.50000000001 188874.50000000003 0.48616000000000009 109786.50000000001 123241.00000000001 209711.50000000003
decision_type=2 2 2 2 2 2
left_child=3 2 -2 -1 -4 -3
right_child=1 5 4 -5 -6 -7
leaf_value=0.00028818443804034583 -0.0196875 0.0028571428571428571 -0.0065217391304347831 0.0092592592592592587 0.0041666666666666666 -0.0005643340857787811
leaf_weight=1040 79 104 22 26 29 442
leaf_count=1040 79 104 22 26 29 442
internal_value=-0.000573723 -0.00228951 -0.0122137 0.000515464 -0.000480769 9.14077e-05
internal_weight=1742 676 130 1066 51 546
internal_count=1742 676 130 1066 51 546
is_linear=0
shrinkage=0.05


Tree=166
num_leaves=7
num_cat=0
split_feature=2 2 2 2 2 2
split_gain=0.746948 1.47565 2.06457 1.30971 0.704915 0.793923
threshold=106179.50000000001 188874.50000000003 180370.00000000003 103148.50000000001 92799.500000000015 76340.500000000015
decision_type=2 2 2 2 2 2
left_child=3 2 -2 4 5 -1
right_child=1 -3 -4 -5 -6 -7
leaf_value=0.00017462165308498254 0.0035031847133757963 0.00054844606946983544 0.018518518518518517 -0.011111111111111112 0.0056603773584905665 -0.0050632911392405064
leaf_weight=858 156 546 26 26 52 78
leaf_count=858 156 546 26 26 52 78
internal_value=0.000631096 0.00185185 0.0057377 -0.000246305 5.05561e-05 -0.000266809
internal_weight=1742 728 182 1014 988 936
internal_count=1742 728 182 1014 988 936
is_linear=0
shrinkage=0.05


Tree=167
num_leaves=7
num_cat=0
split_feature=2 2 2 2 2 3
split_gain=0.852778 3.67186 2.16212 1.87472 0.745011 1.2171
threshold=155542.00000000003 188874.50000000003 180370.00000000003 92799.500000000015 106179.50000000001 1.0000000180025095e-35
decision_type=2 2 2 2 2 2
left_child=3 2 -2 -1 5 -5
right_child=1 -3 -4 4 -6 -7
leaf_value=-0.00021344717182497335 -0.0037037037037037038 -0.00036563071297989033 -0.024074074074074074 0 0.0026717557251908397 0.013207547169811321
leaf_weight=936 26 546 26 26 130 52
leaf_count=936 26 546 26 26 130 52
internal_value=-5.73723e-05 -0.00158598 -0.0141509 0.000742358 0.00502392 0.00886076
internal_weight=1742 598 52 1144 208 78
internal_count=1742 598 52 1144 208 78
is_linear=0
shrinkage=0.05


Tree=168
num_leaves=7
num_cat=0
split_feature=2 2 2 2 2 3
split_gain=1.21378 2.50222 2.0056 1.57158 1.11695 1.52369
threshold=123241.00000000001 76340.500000000015 188874.50000000003 180370.00000000003 106179.50000000001 1.0000000180025095e-35
decision_type=2 2 2 2 2 2
left_child=1 -1 3 -2 5 -3
right_child=2 4 -4 -5 -6 -7
leaf_value=0.00029103608847497094 0.0044303797468354432 -0.00094339622641509435 0.00054844606946983544 0.018518518518518517 -0.0006329113924050633 -0.011428571428571429
leaf_weight=858 78 52 546 26 78 104
leaf_count=858 78 52 546 26 78 104
internal_value=5.73723e-05 -0.000960659 0.00176651 0.00809524 -0.00553191 -0.00796178
internal_weight=1742 1092 650 104 234 156
internal_count=1742 1092 650 104 234 156
is_linear=0
shrinkage=0.05


Tree=169
num_leaves=7
num_cat=0
split_feature=2 2 2 2 3 2
split_gain=1.43401 3.57487 2.16212 2.1421 0.825461 1.36381
threshold=155542.00000000003 188874.50000000003 180370.00000000003 66734.500000000015 1.0000000180025095e-35 106179.50000000001
decision_type=2 2 2 2 2 2
left_child=3 2 -2 -1 -5 -6
right_child=1 -3 -4 4 5 -7
leaf_value=-6.0024009603841532e-05 -0.0037037037037037038 -0.00054844606946983544 -0.024074074074074074 -0.00094339622641509435 0.0095419847328244295 0.0022900763358778627
leaf_weight=832 26 546 26 52 130 130
leaf_count=832 26 546 26 52 130 130
internal_value=0.000229489 -0.00175292 -0.0141509 0.00126638 0.00479233 0.0059387
internal_weight=1742 598 52 1144 312 260
internal_count=1742 598 52 1144 312 260
is_linear=0
shrinkage=0.05


Tree=170
num_leaves=7
num_cat=0
split_feature=2 2 2 2 2 2
split_gain=1.80081 5.07298 2.61152 2.0056 1.57158 1.42736
threshold=123241.00000000001 92799.500000000015 99649.000000000015 188874.50000000003 180370.00000000003 109786.50000000001
decision_type=2 2 2 2 2 2
left_child=1 -1 -3 4 -2 -4
right_child=3 2 5 -5 -6 -7
leaf_value=-0.00016008537886873 0.0044303797468354432 -0.024074074074074074 -0.0025316455696202532 0.00054844606946983544 0.018518518518518517 -0.013207547169811321
leaf_weight=936 78 26 78 546 26 52
leaf_count=936 78 26 78 546 26 52
internal_value=-0.000315548 -0.00155535 -0.00987261 0.00176651 0.00809524 -0.00687023
internal_weight=1742 1092 156 650 104 130
internal_count=1742 1092 156 650 104 130
is_linear=0
shrinkage=0.05


Tree=171
num_leaves=7
num_cat=0
split_feature=2 2 2 2 2 2
split_gain=0.385493 6.07234 2.5715 1.41989 1.26668 2.6443
threshold=130562.00000000001 155542.00000000003 81611.500000000015 60417.000000000007 188874.50000000003 180370.00000000003
decision_type=2 2 2 2 2 2
left_child=2 -2 3 -1 5 -3
right_child=1 4 -4 -5 -6 -7
leaf_value=6.1957868649318467e-05 -0.024074074074074074 -0.0037037037037037038 0.0053191489361702135 -0.006962025316455696 -0.00054844606946983544 0.018518518518518517
leaf_weight=806 26 26 234 78 546 26
leaf_count=806 26 26 234 78 546 26
internal_value=0.000114745 -0.00088 0.000670241 -0.000564972 0.000166945 0.00754717
internal_weight=1742 624 1118 884 598 52
internal_count=1742 624 1118 884 598 52
is_linear=0
shrinkage=0.05


Tree=172
num_leaves=7
num_cat=0
split_feature=2 2 2 2 2 2
split_gain=0.395038 3.65708 2.59818 1.14925 0.593228 0.95755
threshold=155542.00000000003 188874.50000000003 180370.00000000003 130562.00000000001 32714.500000000004 76340.500000000015
decision_type=2 2 2 2 2 2
left_child=3 2 -2 4 -1 -6
right_child=1 -3 -4 -5 5 -7
leaf_value=-0.00030721966205837174 -0.0018518518518518519 0.00054844606946983544 -0.024074074074074074 0.011111111111111112 0.0045454545454545461 0
leaf_weight=650 26 546 26 26 208 260
leaf_count=650 26 546 26 26 208 260
internal_value=0.00037292 -0.00066778 -0.0132075 0.000917031 0.000670241 0.00202559
internal_weight=1742 598 52 1144 1118 468
internal_count=1742 598 52 1144 1118 468
is_linear=0
shrinkage=0.05


Tree=173
num_leaves=7
num_cat=0
split_feature=2 2 3 2 2 2
split_gain=0.38754 1.27439 1.35131 0.795124 0.774604 1.209
threshold=209711.50000000003 113856.50000000001 1.0000000180025095e-35 200574.00000000003 130562.00000000001 197890.00000000003
decision_type=2 2 2 2 2 2
left_child=1 -1 3 -3 -4 -6
right_child=-2 2 4 -5 5 -7
leaf_value=0.00018744142455482662 -0.00079006772009029358 -0.0025316455696202532 0.0028301886792452833 0.0074074074074074077 0.01509433962264151 0.0018518518518518519
leaf_weight=1066 442 78 52 26 52 26
leaf_count=1066 442 78 52 26 52 26
internal_value=0.000487665 0.000922367 0.00425532 0 0.00763359 0.0107595
internal_weight=1742 1300 234 104 130 78
internal_count=1742 1300 234 104 130 78
is_linear=0
shrinkage=0.05


Tree=174
num_leaves=7
num_cat=0
split_feature=2 2 2 2 3 1
split_gain=1.05408 4.3892 2.62794 5.10254 4.19775 1.53114
threshold=66734.500000000015 60417.000000000007 188874.50000000003 130562.00000000001 1.0000000180025095e-35 0.75099500000000019
decision_type=2 2 2 2 2 2
left_child=1 5 3 -2 -5 -1
right_child=2 -3 -4 4 -6 -7
leaf_value=-0.0012598425196850395 -0.002090592334494774 0.020370370370370372 0.00027422303473491772 0 -0.024528301886792454 0.0040462427745664746
leaf_weight=634 286 26 546 26 52 172
leaf_count=634 286 26 546 26 52 172
internal_value=-0.000745841 0.000540216 -0.00192097 -0.00520548 -0.0164557 -0.000123916
internal_weight=1742 832 910 364 78 806
internal_count=1742 832 910 364 78 806
is_linear=0
shrinkage=0.05


Tree=175
num_leaves=7
num_cat=0
split_feature=3 2 2 2 2 2
split_gain=0.220705 0.450953 3.76815 0.516459 1.10656 1.05852
threshold=1.0000000180025095e-35 130562.00000000001 197890.00000000003 103148.50000000001 92799.500000000015 106179.50000000001
decision_type=2 2 2 2 2 2
left_child=-1 3 -3 4 -2 -5
right_child=1 2 -4 5 -6 -7
leaf_value=0.00030012004801920772 0.00058997050147492625 0.01509433962264151 0.00082191780821917802 -0.011111111111111112 0.011111111111111112 0
leaf_weight=832 338 52 364 26 26 104
leaf_count=832 338 52 364 26 26 104
internal_value=0.000889271 0.001427 0.00263789 0.00040404 0.00136986 -0.00229008
internal_weight=1742 910 416 494 364 130
internal_count=1742 910 416 494 364 130
is_linear=0
shrinkage=0.05


Tree=176
num_leaves=7
num_cat=0
split_feature=2 2 2 2 3 2
split_gain=0.642009 3.26155 1.29307 1.00818 1.2171 0.449946
threshold=188874.50000000003 180370.00000000003 92799.500000000015 106179.50000000001 1.0000000180025095e-35 130562.00000000001
decision_type=2 2 2 2 2 2
left_child=1 2 -1 4 -4 -5
right_child=-2 -3 3 5 -6 -7
leaf_value=0.00010672358591248667 -0.00073126142595978066 0.018518518518518517 0 0 0.013207547169811321 0.0056603773584905665
leaf_weight=936 546 26 26 104 52 52
leaf_count=936 546 26 26 104 52 52
internal_value=0.000688468 0.00133668 0.000939368 0.00425532 0.00886076 0.00191083
internal_weight=1742 1196 1170 234 78 156
internal_count=1742 1196 1170 234 78 156
is_linear=0
shrinkage=0.05


Tree=177
num_leaves=7
num_cat=0
split_feature=2 2 2 3 2 3
split_gain=1.71082 5.64417 3.86521 2.97881 1.7871 2.10728
threshold=81611.500000000015 188874.50000000003 130562.00000000001 1.0000000180025095e-35 106179.50000000001 1.0000000180025095e-35
decision_type=2 2 2 2 2 2
left_child=-1 2 4 -4 5 -2
right_child=1 -3 3 -5 -6 -7
leaf_value=0.00033898305084745765 -0.00094339622641509435 0.00027422303473491772 -0.0037037037037037038 -0.024528301886792454 0 -0.013924050632911392
leaf_weight=884 52 546 26 52 104 78
leaf_count=884 52 546 26 52 104 78
internal_value=-0.00120482 -0.00279395 -0.00814696 -0.0177215 -0.00489362 -0.00877863
internal_weight=1742 858 312 78 234 130
internal_count=1742 858 312 78 234 130
is_linear=0
shrinkage=0.05


Tree=178
num_leaves=7
num_cat=0
split_feature=2 2 2 2 3 2
split_gain=0.785709 3.3245 1.83005 1.27276 1.13153 0.738106
threshold=85316.500000000015 188874.50000000003 180370.00000000003 106179.50000000001 1.0000000180025095e-35 52166.000000000007
decision_type=2 2 2 2 2 2
left_child=5 2 3 4 -2 -1
right_child=1 -3 -4 -5 -6 -7
leaf_value=0.00026490066225165563 0 -0.00054844606946983544 0.018518518518518517 0.001910828025477707 0.012025316455696204 -0.0035031847133757963
leaf_weight=754 26 546 26 156 78 156
leaf_count=754 26 546 26 156 78 156
internal_value=0.000631096 0.0017407 0.00609756 0.00478927 0.00904762 -0.000384193
internal_weight=1742 832 286 260 104 910
internal_count=1742 832 286 260 104 910
is_linear=0
shrinkage=0.05


Tree=179
num_leaves=7
num_cat=0
split_feature=2 2 2 2 1 2
split_gain=0.790347 1.49848 3.48437 1.7624 1.67748 10.4298
threshold=312300.00000000006 85316.500000000015 99649.000000000015 92799.500000000015 0.23882000000000003 180370.00000000003
decision_type=2 2 2 2 2 2
left_child=1 -1 3 -3 5 -4
right_child=-2 2 4 -5 -6 -7
leaf_value=0.00038419319429198686 0.0021072796934865903 -0.0055555555555555558 -6.2500000000000001e-05 -0.024074074074074074 -6.2500000000000001e-05 -0.022265625000000001
leaf_weight=910 260 26 58 26 399 63
leaf_count=910 260 26 58 26 399 63
internal_value=-0.000430293 -0.000876601 -0.00287958 -0.0150943 -0.00163148 -0.0067623
internal_weight=1742 1482 572 52 520 121
internal_count=1742 1482 572 52 520 121
is_linear=0
shrinkage=0.05


Tree=180
num_leaves=7
num_cat=0
split_feature=2 2 2 2 2 2
split_gain=1.73653 2.2496 1.04813 3.27686 1.3935 1.90843
threshold=66734.500000000015 299770.50000000006 220356.50000000003 244286.50000000003 99649.000000000015 130562.00000000001
decision_type=2 2 2 2 2 2
left_child=-1 2 4 -4 -2 -6
right_child=1 -3 3 -5 5 -7
leaf_value=-0.00036014405762304925 0.0080152671755725196 -0.0008710801393728223 0.024074074074074074 0.00379746835443038 -0.0022292993630573248 0.0048936170212765962
leaf_weight=832 130 286 26 78 156 234
leaf_count=832 130 286 26 78 156 234
internal_value=0.00129088 0.00279912 0.00448 0.00904762 0.00355086 0.00204604
internal_weight=1742 910 624 104 520 390
internal_count=1742 910 624 104 520 390
is_linear=0
shrinkage=0.05


Tree=181
num_leaves=7
num_cat=0
split_feature=2 2 2 2 2 2
split_gain=0.47285 1.8705 1.48627 1.21638 0.848358 0.810063
threshold=106179.50000000001 197890.00000000003 180370.00000000003 103148.50000000001 188874.50000000003 92799.500000000015
decision_type=2 2 2 2 2 2
left_child=3 2 -2 5 -4 -1
right_child=1 -3 4 -5 -6 -7
leaf_value=-0.00069370330843116336 0.002547770700636943 -0.00057581573896353167 0.018518518518518517 -0.011111111111111112 0.0055555555555555558 0.0056603773584905665
leaf_weight=936 156 520 26 26 26 52
leaf_count=936 156 520 26 26 26 52
internal_value=5.73723e-05 0.00102881 0.00502392 -0.000640394 0.0122642 -0.000353893
internal_weight=1742 728 208 1014 52 988
internal_count=1742 728 208 1014 52 988
is_linear=0
shrinkage=0.05


Tree=182
num_leaves=7
num_cat=0
split_feature=2 2 2 2 2 2
split_gain=0.470009 3.81973 2.16212 1.56594 1.67572 0.779841
threshold=155542.00000000003 188874.50000000003 180370.00000000003 92799.500000000015 60417.000000000007 106179.50000000001
decision_type=2 2 2 2 2 2
left_child=3 2 -2 4 -1 -5
right_child=1 -3 -4 5 -6 -7
leaf_value=0.00037174721189591077 -0.0037037037037037038 -9.1407678244972583e-05 -0.024074074074074074 0.0082278481012658233 -0.0057251908396946565 0.0019083969465648856
leaf_weight=806 26 546 26 78 130 130
leaf_count=806 26 546 26 78 130 130
internal_value=-0.000200803 -0.00133556 -0.0141509 0.000393013 -0.000480256 0.00430622
internal_weight=1742 598 52 1144 936 208
internal_count=1742 598 52 1144 936 208
is_linear=0
shrinkage=0.05


Tree=183
num_leaves=7
num_cat=0
split_feature=2 2 3 2 2 2
split_gain=0.252222 2.45606 2.09668 1.37515 5.05523 0.826031
threshold=130562.00000000001 197890.00000000003 1.0000000180025095e-35 92799.500000000015 99649.000000000015 85316.500000000015
decision_type=2 2 2 2 2 2
left_child=3 2 -2 5 -5 -1
right_child=1 -3 -4 4 -6 -7
leaf_value=0.00038419319429198686 0.00094339622641509435 -0.00028790786948176584 0.01509433962264151 -0.024074074074074074 -0.00063694267515923574 0.0092592592592592587
leaf_weight=910 52 520 52 26 156 26
leaf_count=910 52 520 52 26 156 26
internal_value=0.000315548 0.00112 0.00809524 -0.000134048 -0.00409836 0.000640342
internal_weight=1742 624 104 1118 182 936
internal_count=1742 624 104 1118 182 936
is_linear=0
shrinkage=0.05


Tree=184
num_leaves=7
num_cat=0
split_feature=2 2 2 3 2 2
split_gain=0.96724 5.11329 3.91696 2.97881 0.856319 2.06028
threshold=109786.50000000001 188874.50000000003 130562.00000000001 1.0000000180025095e-35 92799.500000000015 99649.000000000015
decision_type=2 2 2 2 2 2
left_child=4 2 -2 -4 -1 -6
right_child=1 -3 3 -5 5 -7
leaf_value=0 -0.00189873417721519 0.00036563071297989033 -0.0037037037037037038 -0.024528301886792454 0.016666666666666666 0.0006329113924050633
leaf_weight=936 78 546 26 52 26 78
leaf_count=936 78 546 26 52 26 78
internal_value=-0.000487665 -0.00192034 -0.00987261 -0.0177215 0.000480307 0.0047619
internal_weight=1742 702 156 78 1040 104
internal_count=1742 702 156 78 1040 104
is_linear=0
shrinkage=0.05


Tree=185
num_leaves=7
num_cat=0
split_feature=2 2 3 2 2 2
split_gain=0.338114 1.55228 1.72365 1.209 0.60513 0.392992
threshold=209711.50000000003 130562.00000000001 1.0000000180025095e-35 197890.00000000003 200574.00000000003 220356.50000000003
decision_type=2 2 2 2 2 2
left_child=1 -1 4 -4 -3 -2
right_child=5 2 3 -5 -6 -7
leaf_value=0.00022341376228775692 -0.0047169811320754724 -0.0012658227848101266 0.01509433962264151 0.0018518518518518519 0.0074074074074074077 -0.00012787723785166242
leaf_weight=1118 52 78 52 26 26 390
leaf_count=1118 52 78 52 26 26 390
internal_value=0.000516351 0.000922367 0.00519126 0.0107595 0.000952381 -0.000677201
internal_weight=1742 1300 182 78 104 442
internal_count=1742 1300 182 78 104 442
is_linear=0
shrinkage=0.05


Tree=186
num_leaves=7
num_cat=0
split_feature=2 2 2 2 2 2
split_gain=0.616922 1.1209 1.6966 0.938057 0.848358 0.565997
threshold=92799.500000000015 197890.00000000003 180370.00000000003 99649.000000000015 188874.50000000003 130562.00000000001
decision_type=2 2 2 2 2 2
left_child=-1 2 3 -2 -4 -5
right_child=1 -3 4 5 -6 -7
leaf_value=-0.00021344717182497335 0.011111111111111112 0.00028790786948176584 0.018518518518518517 -0.00031847133757961787 0.0055555555555555558 0.0056603773584905665
leaf_weight=936 26 520 26 156 26 52
leaf_count=936 26 520 26 156 26 52
internal_value=0.000659782 0.00167286 0.00418118 0.00234043 0.0122642 0.00119617
internal_weight=1742 806 286 234 52 208
internal_count=1742 806 286 234 52 208
is_linear=0
shrinkage=0.05


Tree=187
num_leaves=7
num_cat=0
split_feature=2 2 2 2 2 1
split_gain=0.803331 3.39137 3.82354 1.78675 2.90292 0.798698
threshold=81611.500000000015 188874.50000000003 180370.00000000003 99649.000000000015 92799.500000000015 0.75099500000000019
decision_type=2 2 2 2 2 2
left_child=5 2 3 4 -2 -1
right_child=1 -3 -4 -5 -6 -7
leaf_value=-0.00058224163027656482 -0.0037735849056603774 0.00045703839122486294 -0.024074074074074074 -0.0019138755980861245 -0.024074074074074074 0.003015075376884422
leaf_weight=686 52 546 26 208 26 198
leaf_count=686 52 546 26 208 26 198
internal_value=-0.000831899 -0.00192084 -0.00607029 -0.0043554 -0.0107595 0.000225989
internal_weight=1742 858 312 286 78 884
internal_count=1742 858 312 286 78 884
is_linear=0
shrinkage=0.05


Tree=188
num_leaves=7
num_cat=0
split_feature=2 2 2 2 2 2
split_gain=0.425259 1.07277 0.684719 0.871283 1.0779 1.52458
threshold=299770.50000000006 284077.50000000006 66734.500000000015 199147.00000000003 180370.00000000003 188874.50000000003
decision_type=2 2 2 2 2 2
left_child=1 2 -1 4 -4 -6
right_child=-2 -3 3 -5 5 -7
leaf_value=0.00012004801920768306 -0.0008710801393728223 0.011111111111111112 0.002359882005899705 -0.00054644808743169399 0.018518518518518517 0.0037735849056603774
leaf_weight=832 286 26 338 182 26 52
leaf_count=832 286 26 338 182 26 52
internal_value=0.000889271 0.00123542 0.00104822 0.00233723 0.00359712 0.00886076
internal_weight=1742 1456 1430 598 416 78
internal_count=1742 1456 1430 598 416 78
is_linear=0
shrinkage=0.05


Tree=189
num_leaves=7
num_cat=0
split_feature=3 2 2 2 0 2
split_gain=0.69706 0.819884 10.9554 0.581351 3.45472 1.94831
threshold=1.0000000180025095e-35 197890.00000000003 130562.00000000001 92799.500000000015 1.0000000180025095e-35 66734.500000000015
decision_type=2 2 2 2 2 2
left_child=-1 2 3 4 -2 -6
right_child=1 -3 -4 -5 5 -7
leaf_value=0.00030012004801920772 -0.011940298507462687 0.00013698630136986303 -0.024528301886792454 0.001910828025477707 0.0028669724770642203 -0.0075892857142857142
leaf_weight=832 66 364 52 156 217 55
leaf_count=832 66 364 52 156 217 55
internal_value=-0.000745841 -0.00170143 -0.00292505 -0.000606061 -0.00176991 0.000732601
internal_weight=1742 910 546 494 338 272
internal_count=1742 910 546 494 338 272
is_linear=0
shrinkage=0.05


Tree=190
num_leaves=7
num_cat=0
split_feature=3 2 2 2 2 2
split_gain=0.834377 1.93471 2.9415 2.2535 1.14735 0.913505
threshold=1.0000000180025095e-35 103148.50000000001 60417.000000000007 109786.50000000001 66734.500000000015 299770.50000000006
decision_type=2 2 2 2 2 2
left_child=-1 2 -2 -3 -4 -5
right_child=1 3 4 5 -6 -7
leaf_value=6.0024009603841532e-05 0.0017021276595744683 -0.0094339622641509448 0.020370370370370372 0.0034482758620689655 0.0085714285714285719 -0.00085106382978723414
leaf_weight=832 234 52 26 260 104 234
leaf_count=832 234 52 26 260 104 234
internal_value=0.00120482 0.00225027 0.00506849 0.000365631 0.0110687 0.00141414
internal_weight=1742 910 364 546 130 494
internal_count=1742 910 364 546 130 494
is_linear=0
shrinkage=0.05


Tree=191
num_leaves=7
num_cat=0
split_feature=2 2 2 2 3 2
split_gain=0.724658 1.61158 1.34773 1.1072 1.59591 0.848358
threshold=92799.500000000015 197890.00000000003 180370.00000000003 106179.50000000001 1.0000000180025095e-35 188874.50000000003
decision_type=2 2 2 2 2 2
left_child=-1 2 3 4 -2 -4
right_child=1 -3 5 -5 -6 -7
leaf_value=0 -0.0018518518518518519 0.00038387715930902113 0.018518518518518517 0.00095541401273885351 0.013207547169811321 0.0055555555555555558
leaf_weight=936 26 520 26 156 52 26
leaf_count=936 26 520 26 156 52 26
internal_value=0.000946644 0.00204461 0.00505226 0.00340426 0.00822785 0.0122642
internal_weight=1742 806 286 234 78 52
internal_count=1742 806 286 234 78 52
is_linear=0
shrinkage=0.05


Tree=192
num_leaves=7
num_cat=0
split_feature=2 2 3 2 2 2
split_gain=1.08605 2.87162 1.25545 1.7973 0.781272 0.759931
threshold=76340.500000000015 106179.50000000001 1.0000000180025095e-35 92799.500000000015 103148.50000000001 312300.00000000006
decision_type=2 2 2 2 2 2
left_child=-1 2 -2 -4 -5 -3
right_child=1 5 3 4 -6 -7
leaf_value=0.00034924330616996509 -0.0018867924528301887 -0.0020255863539445631 -0.0047169811320754724 -0.024074074074074074 -0.011111111111111112 0.0013409961685823756
leaf_weight=858 52 468 52 26 26 260
leaf_count=858 52 468 52 26 26 260
internal_value=-0.000917958 -0.00214689 -0.00828025 -0.0114286 -0.0179245 -0.000823045
internal_weight=1742 884 156 104 52 728
internal_count=1742 884 156 104 52 728
is_linear=0
shrinkage=0.05


Tree=193
num_leaves=7
num_cat=0
split_feature=3 2 2 2 2 2
split_gain=0.477558 0.768591 1.97354 0.854546 0.875076 0.655271
threshold=1.0000000180025095e-35 109786.50000000001 85316.500000000015 14170.500000000002 55628.500000000007 11926.000000000002
decision_type=2 2 2 2 2 2
left_child=-1 2 3 5 -5 -2
right_child=1 -3 -4 4 -6 -7
leaf_value=-0.00012004801920768306 0.0012658227848101266 0.00020202020202020202 0.0090476190476190474 -0.0050632911392405064 0.001904761904761905 0.0084905660377358489
leaf_weight=832 78 494 104 78 104 52
leaf_count=832 78 494 104 78 104 52
internal_value=0.000745841 0.00153677 0.00311751 0.00111821 -0.0010929 0.00419847
internal_weight=1742 910 416 312 182 130
internal_count=1742 910 416 312 182 130
is_linear=0
shrinkage=0.05


Tree=194
num_leaves=7
num_cat=0
split_feature=2 2 2 2 2 2
split_gain=0.142909 0.561367 0.362189 0.63979 0.509892 0.399402
threshold=17370.500000000004 17951.000000000004 13475.500000000002 12751.500000000002 14170.500000000002 15055.000000000002
decision_type=2 2 2 2 2 2
left_child=2 -2 3 -1 -4 -6
right_child=1 -3 4 -5 5 -7
leaf_value=0.00058997050147492625 -0.0074074074074074077 -0.00012009607686148919 0.0092592592592592587 -0.0074074074074074077 -0.0037037037037037038 0.0037735849056603774
leaf_weight=338 26 1248 26 26 26 52
leaf_count=338 26 1248 26 26 26 52
internal_value=0 -0.00027451 0.000746269 0 0.00333333 0.00126582
internal_weight=1742 1274 468 364 104 78
internal_count=1742 1274 468 364 104 78
is_linear=0
shrinkage=0.05


Tree=195
num_leaves=7
num_cat=0
split_feature=2 2 2 3 2 2
split_gain=0.112643 0.365375 0.353347 0.223549 0.195301 0.752812
threshold=11576.500000000002 9208.5000000000018 8945.0000000000018 1.0000000180025095e-35 25864.000000000004 22520.500000000004
decision_type=2 2 2 2 2 2
left_child=1 2 -1 -3 5 -2
right_child=4 3 -4 -5 -6 -7
leaf_value=0.00063694267515923574 -0.00052264808362369349 0.0056603773584905665 -0.0055555555555555558 0 0.00012809564474807857 -0.0092592592592592587
leaf_weight=156 286 52 26 26 1170 26
leaf_count=156 286 52 26 26 1170 26
internal_value=0 0.000957854 -0.000273224 0.00379747 -0.000168577 -0.00127796
internal_weight=1742 260 182 78 1482 312
internal_count=1742 260 182 78 1482 312
is_linear=0
shrinkage=0.05


Tree=196
num_leaves=7
num_cat=0
split_feature=2 2 2 2 2 2
split_gain=0.161695 2.33211 1.34886 0.916387 0.445842 0.385732
threshold=85316.500000000015 92799.500000000015 99649.000000000015 106179.50000000001 103148.50000000001 19676.000000000004
decision_type=2 2 2 2 2 2
left_child=5 -2 -3 4 -4 -1
right_child=1 2 3 -5 -6 -7
leaf_value=-0.00028790786948176584 -0.014814814814814815 0.011111111111111112 -0.0018518518518518519 0.00020576131687242801 -0.011111111111111112 0.0017902813299232737
leaf_weight=520 26 26 26 728 26 390
leaf_count=520 26 26 26 728 26 390
internal_value=0.000143431 -0.000360144 0.000123916 -0.000256082 -0.00660377 0.000603732
internal_weight=1742 832 806 780 52 910
internal_count=1742 832 806 780 52 910
is_linear=0
shrinkage=0.05


Tree=197
num_leaves=7
num_cat=0
split_feature=2 2 2 2 2 2
split_gain=0.539217 3.27703 2.59818 2.24341 1.11046 1.31728
threshold=103148.50000000001 92799.500000000015 99649.000000000015 106179.50000000001 81611.500000000015 66734.500000000015
decision_type=2 2 2 2 2 2
left_child=1 4 -3 -2 5 -1
right_child=3 2 -4 -5 -6 -7
leaf_value=-0.00036014405762304925 0.014814814814814815 -0.024074074074074074 -0.0018518518518518519 0.00013717421124828533 0.0066037735849056606 -0.0084905660377358489
leaf_weight=832 26 26 26 728 52 52
leaf_count=832 26 26 26 728 52 52
internal_value=-0.000344234 -0.00111223 -0.0132075 0.000662252 -0.000426894 -0.000847458
internal_weight=1742 988 52 754 936 884
internal_count=1742 988 52 754 936 884
is_linear=0
shrinkage=0.05


Tree=198
num_leaves=7
num_cat=0
split_feature=2 2 2 2 2 2
split_gain=0.243096 2.84158 1.04187 0.661345 0.654088 0.460395
threshold=99649.000000000015 92799.500000000015 123241.00000000001 155542.00000000003 130562.00000000001 66734.500000000015
decision_type=2 2 2 2 2 2
left_child=1 5 -2 4 -4 -1
right_child=2 -3 3 -5 -6 -7
leaf_value=-0.00018007202881152462 -0.0045801526717557254 0.016666666666666666 0 -0.00016694490818030053 0.011111111111111112 0.0033333333333333335
leaf_weight=832 130 26 26 598 26 104
leaf_count=832 130 26 26 598 26 104
internal_value=0.000143431 0.000674974 -0.000512164 0.00030722 0.00566038 0.000213447
internal_weight=1742 962 780 650 52 936
internal_count=1742 962 780 650 52 936
is_linear=0
shrinkage=0.05


Tree=199
num_leaves=7
num_cat=0
split_feature=2 2 3 2 2 2
split_gain=0.312909 4.13268 1.51706 1.01807 0.781272 0.259539
threshold=106179.50000000001 85316.500000000015 1.0000000180025095e-35 92799.500000000015 103148.50000000001 155542.00000000003
decision_type=2 2 2 2 2 2
left_child=1 -1 -3 -4 -5 -2
right_child=5 2 3 4 -6 -7
leaf_value=0 0.0022900763358778627 0 -0.0055555555555555558 -0.024074074074074074 -0.011111111111111112 -0.00016694490818030053
leaf_weight=910 130 26 26 26 26 598
leaf_count=910 130 26 26 26 26 598
internal_value=-0.000516351 -0.00108374 -0.0104762 -0.0139241 -0.0179245 0.000274348
internal_weight=1742 1014 104 78 52 728
internal_count=1742 1014 104 78 52 728
is_linear=0
shrinkage=0.05


end of trees

feature_importances:
customers=1003
p64=94
coastal=60
p34=43

parameters:
[boosting: gbdt]
[objective: custom]
[metric: custom]
[tree_learner: serial]
[device_type: cpu]
[data_sample_strategy: bagging]
[data: ]
[valid: ]
[num_iterations: 200]
[learning_rate: 0.05]
[num_leaves: 7]
[num_threads: 1]
[seed: 0]
[deterministic: 1]
[force_col_wise: 0]
[force_row_wise: 1]
[histogram_pool_size: -1]
[max_depth: -1]
[min_data_in_leaf: 20]
[min_sum_hessian_in_leaf: 0.001]
[bagging_fraction: 1]
[pos_bagging_fraction: 1]
[neg_bagging_fraction: 1]
[bagging_freq: 0]
[bagging_seed: 7719]
[bagging_by_query: 0]
[feature_fraction: 1]
[feature_fraction_bynode: 1]
[feature_fraction_seed: 2437]
[extra_trees: 0]
[extra_seed: 11797]
[early_stopping_round: 0]
[early_stopping_min_delta: 0]
[first_metric_only: 0]
[max_delta_step: 0]
[lambda_l1: 0]
[lambda_l2: 1]
[linear_lambda: 0]
[min_gain_to_split: 0]
[drop_rate: 0.1]
[max_drop: 50]
[skip_drop: 0.5]
[xgboost_dart_mode: 0]
[uniform_drop: 0]
[drop_seed: 21238]
[top_rate: 0.2]
[other_rate: 0.1]
[min_data_per_group: 100]
[max_cat_threshold: 32]
[cat_l2: 10]
[cat_smooth: 10]
[max_cat_to_onehot: 4]
[top_k: 20]
[monotone_constraints: 1,1,0,0]
[monotone_constraints_method: advanced]
[monotone_penalty: 0]
[feature_contri: ]
[forcedsplits_filename: ]
[refit_decay_rate: 0.9]
[cegb_tradeoff: 1]
[cegb_penalty_split: 0]
[cegb_penalty_feature_lazy: ]
[cegb_penalty_feature_coupled: ]
[path_smooth: 0]
[interaction_constraints: ]
[verbosity: -1]
[saved_feature_importance_type: 0]
[use_quantized_grad: 0]
[num_grad_quant_bins: 4]
[quant_train_renew_leaf: 0]
[stochastic_rounding: 1]
[linear_tree: 0]
[max_bin: 255]
[max_bin_by_feature: ]
[min_data_in_bin: 3]
[bin_construct_sample_cnt: 200000]
[data_random_seed: 38]
[is_enable_sparse: 1]
[enable_bundle: 1]
[use_missing: 1]
[zero_as_missing: 0]
[feature_pre_filter: 1]
[pre_partition: 0]
[two_round: 0]
[header: 0]
[label_column: ]
[weight_column: ]
[group_column: ]
[ignore_column: ]
[categorical_feature: ]
[forcedbins_filename: ]
[precise_float_parser: 0]
[parser_config_file: ]
[objective_seed: 8855]
[num_class: 1]
[is_unbalance: 0]
[scale_pos_weight: 1]
[sigmoid: 1]
[boost_from_average: 1]
[reg_sqrt: 0]
[alpha: 0.9]
[fair_c: 1]
[poisson_max_delta_step: 0.7]
[tweedie_variance_power: 1.5]
[lambdarank_truncation_level: 30]
[lambdarank_norm: 1]
[label_gain: ]
[lambdarank_position_bias_regularization: 0]
[eval_at: ]
[multi_error_top_k: 1]
[auc_mu_weights: ]
[num_machines: 1]
[local_listen_port: 12400]
[time_out: 120]
[machine_list_filename: ]
[machines: ]
[gpu_platform_id: -1]
[gpu_device_id: -1]
[gpu_device_id_list: ]
[gpu_use_dp: 0]
[num_gpu: 1]

end of parameters

pandas_categorical:[]
