tree
version=v4
num_class=1
num_tree_per_iteration=1
label_index=0
max_feature_idx=3
feature_names=p64 p34 customers coastal
monotone_constraints=1 1 0 0
feature_infos=[0:0.94938999999999996] [0:0.94999999999999996] [4459:1298256] [0:1]
tree_sizes=751 746 753 771 752 754 750 751 764 765 753 762 757 763 766 759 757 763 765 763 759 766 759 757 763 772 771 759 767 771 776 763 768 768 771 768 762 768 766 768 764 767 772 770 768 768 768 758 763 763 767 763 762 761 769 761 767 764 775 767 767 766 762 767 768 765 769 765 764 764 770 765 763 770 769 766 769 776 773 771 773 773 773 768 765 760 768 765 778 768 758 771 765 766 771 765 769 767 769 766 773 768 762 759 766 770 767 754 771 778 765 760 775 763 771 771 767 774 756 775 760 749 765 766 764 773 772 755 764 771 770 778 771 753 773 767 773 774 771 775 765 771 773 763 770 769 771 776 773 772 762 764 766 774 768 765 759 767 770 765 763 763 763 759 760 767 771 766 759 752 769 778 771 773 766 768 750 766 773 763 772 788 753 760 758 761 764 764 767 782 772 757 766 773 766 767 776 775 781 775

Tree=0
num_leaves=7
num_cat=0
split_feature=0 2 2 1 2 3
split_gain=17.6248 10.4494 5.41949 5.44677 2.69232 3.09336
threshold=0.24251500000000004 60417.000000000007 28700.000000000004 0.34923000000000004 312300.00000000006 1.0000000180025095e-35
decision_type=2 2 2 2 2 2
left_child=2 -2 3 -1 5 -3
right_child=1 4 -4 -5 -6 -7
leaf_value=-0.0047135417466051882 0.026874999215149065 -0.003877032619741995 -0.003877032619741995 0.0044140622165286915 -0.003877032619741995 0.016517856590715901
leaf_weight=191 87 24 983 354 48 55
leaf_count=191 87 24 983 354 48 55
internal_value=0.000223752 0.0136279 -0.00166122 0.00233516 0.00441406 0.0100625
internal_weight=1742 214 1528 545 127 79
internal_count=1742 214 1528 545 127 79
is_linear=0
shrinkage=0.05


Tree=1
num_leaves=7
num_cat=0
split_feature=0 2 2 1 2 0
split_gain=13.9295 7.20383 4.64965 2.78355 1.61589 1.67676
threshold=0.24251500000000004 199147.00000000003 28700.000000000004 0.34923000000000004 10539.500000000002 0.48959000000000003
decision_type=2 2 2 2 2 2
left_child=2 4 3 -1 -2 -6
right_child=1 -3 -4 -5 5 -7
leaf_value=-0.0047135417466051882 0.032173912146169208 0.0013684208377411492 -0.003877032619741995 0.0013684208377411492 0.01243055509403348 0.027321427781134847
leaf_weight=191 22 94 983 354 71 27
leaf_count=191 22 94 983 354 71 27
internal_value=-0.000149168 0.0117674 -0.00182472 0.00187729 0.0198347 0.0167677
internal_weight=1742 214 1528 545 120 98
internal_count=1742 214 1528 545 120 98
is_linear=0
shrinkage=0.05


Tree=2
num_leaves=7
num_cat=0
split_feature=0 2 0 0 2 2
split_gain=13.6268 8.95456 4.17701 3.30023 2.74464 1.93915
threshold=0.11413500000000001 45444.500000000007 0.25028000000000006 0.61591000000000007 45444.500000000007 27900.500000000004
decision_type=2 2 2 2 2 2
left_child=4 2 5 -3 -1 -2
right_child=1 3 -4 -5 -6 -7
leaf_value=0.00020999980941414833 0.0066399996668100357 -0.00064960647022395618 0.023373493269444948 0.0191304341768441 -0.0045878379213044771 0.022291665989905597
leaf_weight=499 124 253 82 22 739 23
leaf_count=499 124 253 82 22 739 23
internal_value=0.00016638 0.00708911 0.0143696 0.000996377 -0.00265537 0.00922297
internal_weight=1742 504 229 275 1238 147
internal_count=1742 504 229 275 1238 147
is_linear=0
shrinkage=0.05


Tree=3
num_leaves=7
num_cat=0
split_feature=0 2 0 2 1 3
split_gain=9.70906 8.44489 3.64613 1.62676 1.57894 1.42367
threshold=0.075080000000000022 45444.500000000007 0.25028000000000006 45444.500000000007 0.34923000000000004 1.0000000180025095e-35
decision_type=2 2 2 2 2 2
left_child=3 2 -2 4 -1 -3
right_child=1 5 -4 -5 -6 -7
leaf_value=-0.0047727273515433327 0.0072836534979824844 -0.0046962963773144618 0.019759035518909077 -0.0046962963773144618 -0.00073313799924340072 0.0017361108869038248
leaf_weight=241 207 125 82 674 198 215
leaf_count=241 207 125 82 674 198 215
internal_value=-0.000349971 0.00461111 0.0108793 -0.0031553 -0.000784091 -0.000733138
internal_weight=1742 629 289 1113 439 340
internal_count=1742 629 289 1113 439 340
is_linear=0
shrinkage=0.05


Tree=4
num_leaves=7
num_cat=0
split_feature=0 2 1 2 2 3
split_gain=6.96047 5.36312 3.67916 2.90609 5.22441 9.84564
threshold=0.075080000000000022 9568.5000000000018 0.65534500000000018 199147.00000000003 123241.00000000001 1.0000000180025095e-35
decision_type=2 2 2 2 2 2
left_child=-1 2 -2 4 -3 -6
right_child=1 3 -4 -5 5 -7
leaf_value=-0.0031552963453734591 0.0024999997633344991 0.0020900319219593834 0.024270832608453932 -0.0031552963453734591 -0.0031552963453734591 0.043043477120606799
leaf_weight=1113 33 310 47 197 20 22
leaf_count=1113 33 310 47 197 20 22
internal_value=-0.000780264 0.00342063 0.0154321 0.00164545 0.00436261 0.0206977
internal_weight=1742 629 80 549 352 42
internal_count=1742 629 80 549 352 42
is_linear=0
shrinkage=0.05


Tree=5
num_leaves=7
num_cat=0
split_feature=0 2 2 2 1 2
split_gain=7.05247 6.96714 2.13024 4.29242 3.06441 2.13656
threshold=0.024985000000000004 45444.500000000007 4552.5000000000009 9568.5000000000018 0.65534500000000018 11926.000000000002
decision_type=2 2 2 2 2 2
left_child=-1 2 -2 4 -4 -5
right_child=1 -3 3 5 -6 -7
leaf_value=-0.0044964539862059538 -0.0044964539862059538 -0.0016927084814394929 0.0087903222009058923 -0.0044964539862059538 0.02622222145398458 0.0063736260455824955
leaf_weight=704 37 575 61 49 44 272
leaf_count=704 37 575 61 49 44 272
internal_value=-0.000636833 0.00198268 0.00654095 0.00754098 0.0162736 0.00464286
internal_weight=1742 1038 463 426 105 321
internal_count=1742 1038 463 426 105 321
is_linear=0
shrinkage=0.05


Tree=6
num_leaves=7
num_cat=0
split_feature=0 2 2 2 1 2
split_gain=7.25142 6.55769 2.06785 4.28403 2.62542 1.77606
threshold=0.025570000000000006 45444.500000000007 4552.5000000000009 9568.5000000000018 0.65534500000000018 11926.000000000002
decision_type=2 2 2 2 2 2
left_child=-1 2 -2 4 -4 -5
right_child=1 -3 3 5 -6 -7
leaf_value=-0.0040747549969191643 -0.0040747549969191643 -0.0013910507384673168 0.0089361698307255481 -0.0038297873307415777 0.02622222145398458 0.0068089427517318141
leaf_weight=815 33 513 46 46 44 245
leaf_count=815 33 513 46 46 44 245
internal_value=-0.000636833 0.00238685 0.00706024 0.00810209 0.0175824 0.00511986
internal_weight=1742 927 414 381 90 291
internal_count=1742 927 414 381 90 291
is_linear=0
shrinkage=0.05


Tree=7
num_leaves=7
num_cat=0
split_feature=0 2 0 2 2 2
split_gain=6.74163 6.43088 2.06594 1.60231 1.55183 1.77835
threshold=0.024985000000000004 45444.500000000007 0.27046000000000009 12751.500000000002 4552.5000000000009 8085.5000000000009
decision_type=2 2 2 2 2 2
left_child=-1 2 4 -4 -2 -6
right_child=1 -3 3 -5 5 -7
leaf_value=-0.0044964539862059538 -0.0044964539862059538 -0.0016927084814394929 0.021527777115503948 0.0062499996792111136 0.015111110591226155 0.0044408942837589468
leaf_weight=704 37 575 35 35 44 312
leaf_count=704 37 575 35 35 44 312
internal_value=-0.000722892 0.00183831 0.00621767 0.0140845 0.00478426 0.00579832
internal_weight=1742 1038 463 70 393 356
internal_count=1742 1038 463 70 393 356
is_linear=0
shrinkage=0.05


Tree=8
num_leaves=7
num_cat=0
split_feature=0 2 2 3 2 2
split_gain=5.47551 4.35518 1.53802 1.25211 1.51645 12.563
threshold=0.024985000000000004 45444.500000000007 4552.5000000000009 1.0000000180025095e-35 220356.50000000003 123241.00000000001
decision_type=2 2 2 2 2 2
left_child=-1 2 -2 -3 5 -5
right_child=1 3 -4 4 -6 -7
leaf_value=-0.0044964539862059538 -0.0044964539862059538 -0.0044964539862059538 0.0056674469942859518 -0.0033333334438746275 -0.0031510417815297843 0.028461537643884999
leaf_weight=704 37 194 426 152 191 38
leaf_count=704 37 194 426 152 191 38
internal_value=-0.00109581 0.0012127 0.00481681 -0.00169271 -1.30892e-05 0.00314136
internal_weight=1742 1038 463 575 381 190
internal_count=1742 1038 463 575 381 190
is_linear=0
shrinkage=0.05


Tree=9
num_leaves=7
num_cat=0
split_feature=0 2 2 3 2 2
split_gain=5.29238 4.07162 1.47072 1.25211 1.51645 12.563
threshold=0.024985000000000004 45444.500000000007 4552.5000000000009 1.0000000180025095e-35 220356.50000000003 123241.00000000001
decision_type=2 2 2 2 2 2
left_child=-1 2 -2 -3 5 -5
right_child=1 3 -4 4 -6 -7
leaf_value=-0.0044964539862059538 -0.0044964539862059538 -0.0044964539862059538 0.0054332549620498263 -0.0033333334438746275 -0.0031510417815297843 0.028461537643884999
leaf_weight=704 37 194 426 152 191 38
leaf_count=704 37 194 426 152 191 38
internal_value=-0.00115318 0.00111646 0.00460129 -0.00169271 -1.30892e-05 0.00314136
internal_weight=1742 1038 463 575 381 190
internal_count=1742 1038 463 575 381 190
is_linear=0
shrinkage=0.05


Tree=10
num_leaves=7
num_cat=0
split_feature=0 2 2 3 2 2
split_gain=4.93546 3.59817 3.3102 8.12374 3.711 1.49085
threshold=0.024985000000000004 199147.00000000003 123241.00000000001 1.0000000180025095e-35 45444.500000000007 37288.000000000007
decision_type=2 2 2 2 2 2
left_child=-1 2 4 -4 5 -2
right_child=1 -3 3 -5 -6 -7
leaf_value=-0.0044964539862059538 0.0033642688805017012 -0.0037842466763845862 -0.0044964539862059538 0.028461537643884999 -0.003802817001798903 0.014264705382725774
leaf_weight=704 430 291 34 38 212 33
leaf_count=704 430 291 34 38 212 33
internal_value=-0.00126793 0.000923965 0.00276069 0.0128767 0.0016642 0.00417026
internal_weight=1742 1038 747 72 675 463
internal_count=1742 1038 747 72 675 463
is_linear=0
shrinkage=0.05


Tree=11
num_leaves=7
num_cat=0
split_feature=0 2 2 2 2 3
split_gain=5.02352 3.42924 1.49085 1.79015 6.13744 3.24377
threshold=0.024985000000000004 45444.500000000007 37288.000000000007 22520.500000000004 17951.000000000004 1.0000000180025095e-35
decision_type=2 2 2 2 2 2
left_child=-1 2 3 4 5 -2
right_child=1 -3 -4 -5 -6 -7
leaf_value=-0.0044964539862059538 -0.00088942324241193446 -0.0016059029278241927 0.014264705382725774 -0.0036184211555672324 0.027321427781134847 0.0093852455071249952
leaf_weight=704 207 575 33 75 27 121
leaf_count=704 207 575 33 75 27 121
internal_value=-0.00123924 0.000972088 0.00417026 0.00336427 0.00484551 0.00291793
internal_weight=1742 1038 463 430 355 328
internal_count=1742 1038 463 430 355 328
is_linear=0
shrinkage=0.05


Tree=12
num_leaves=7
num_cat=0
split_feature=0 2 2 0 2 3
split_gain=5.29238 3.46373 2.58 3.92374 2.18626 1.79619
threshold=0.024985000000000004 60417.000000000007 38806.000000000007 0.14713500000000004 19676.000000000004 1.0000000180025095e-35
decision_type=2 2 2 2 2 2
left_child=-1 2 4 -4 5 -2
right_child=1 -3 3 -5 -6 -7
leaf_value=-0.0044964539862059538 0.0018099545252538915 -0.0017926358047497364 0.0052777774769950797 0.030952380083146547 -0.0035909091952172193 0.0093852455071249952
leaf_weight=704 220 515 53 20 109 121
leaf_count=704 220 515 53 20 109 121
internal_value=-0.00115318 0.00111646 0.00397901 0.0126351 0.00254989 0.00451754
internal_weight=1742 1038 523 73 450 341
internal_count=1742 1038 523 73 450 341
is_linear=0
shrinkage=0.05


Tree=13
num_leaves=7
num_cat=0
split_feature=0 2 2 2 3 2
split_gain=5.02352 3.66418 1.46161 4.91658 2.51411 2.18008
threshold=0.024985000000000004 45444.500000000007 17951.000000000004 22520.500000000004 1.0000000180025095e-35 37288.000000000007
decision_type=2 2 2 2 2 2
left_child=-1 2 4 -4 -2 -5
right_child=1 -3 3 5 -6 -7
leaf_value=-0.0044964539862059538 -0.00088942324241193446 -0.0016927084814394929 0.027321427781134847 -0.00098684226701918403 0.0081557373378853323 0.014264705382725774
leaf_weight=704 207 575 27 75 121 33
leaf_count=704 207 575 27 75 121 33
internal_value=-0.00123924 0.000972088 0.00427802 0.00863971 0.00246201 0.00376147
internal_weight=1742 1038 463 135 328 108
internal_count=1742 1038 463 135 328 108
is_linear=0
shrinkage=0.05


Tree=14
num_leaves=7
num_cat=0
split_feature=0 2 3 2 2 2
split_gain=3.95322 2.01774 1.28869 1.47451 4.97914 1.36246
threshold=0.024500000000000004 45444.500000000007 1.0000000180025095e-35 326041.50000000006 299770.50000000006 123241.00000000001
decision_type=2 2 2 2 2 2
left_child=-1 -2 -3 4 5 -4
right_child=1 2 3 -5 -6 -7
leaf_value=-0.0045573295471197641 0.0027436438206015 -0.0045573295471197641 -0.0030194806370448758 -0.0045573295471197641 0.024772726541215723 0.0043055552747790458
leaf_weight=688 471 195 153 107 21 107
leaf_count=688 471 195 153 107 21 107
internal_value=-0.00161216 0.000312796 -0.0016524 2.57068e-05 0.00193262 -1.85551e-10
internal_weight=1742 1054 583 388 281 260
internal_count=1742 1054 583 388 281 260
is_linear=0
shrinkage=0.05


Tree=15
num_leaves=7
num_cat=0
split_feature=0 2 2 2 3 2
split_gain=3.5047 2.51691 1.00833 1.24885 1.61104 1.11056
threshold=0.024500000000000004 45444.500000000007 4552.5000000000009 9568.5000000000018 1.0000000180025095e-35 11926.000000000002
decision_type=2 2 2 2 2 2
left_child=-1 2 -2 4 -4 -5
right_child=1 -3 3 5 -6 -7
leaf_value=-0.0045573295471197641 -0.0045573295471197641 -0.0021660960279405116 0.0049418601705584417 -0.0045573295471197641 0.020227272097360006 0.0031407939680324136
leaf_weight=688 39 583 85 50 21 276
leaf_count=688 39 583 85 50 21 276
internal_value=-0.00178428 2.84358e-05 0.00274364 0.00344111 0.00813084 0.00189602
internal_weight=1742 1054 471 432 106 326
internal_count=1742 1054 471 432 106 326
is_linear=0
shrinkage=0.05


Tree=16
num_leaves=7
num_cat=0
split_feature=0 2 2 2 2 3
split_gain=3.08312 2.40906 3.73126 1.36744 1.95988 1.61104
threshold=0.024500000000000004 12378.000000000002 11926.000000000002 9568.5000000000018 4552.5000000000009 1.0000000180025095e-35
decision_type=2 2 2 2 2 2
left_child=-1 2 3 4 -2 -6
right_child=1 -3 -4 -5 5 -7
leaf_value=-0.0045573295471197641 -0.0045573295471197641 -0.0014737471698078736 0.023478260166619136 -0.0045573295471197641 0.0049418601705584417 0.020227272097360006
leaf_weight=688 39 837 22 50 85 21
leaf_count=688 39 837 22 50 85 21
internal_value=-0.0019564 -0.000255924 0.00442661 0.00216837 0.00462329 0.00813084
internal_weight=1742 1054 217 195 145 106
internal_count=1742 1054 217 195 145 106
is_linear=0
shrinkage=0.05


Tree=17
num_leaves=7
num_cat=0
split_feature=0 2 2 2 2 2
split_gain=2.75238 1.82623 2.08894 1.15015 1.07682 0.689273
threshold=0.024500000000000004 199147.00000000003 188874.50000000003 60417.000000000007 123241.00000000001 38806.000000000007
decision_type=2 2 2 2 2 2
left_child=-1 2 3 5 -5 -2
right_child=1 -3 -4 4 -6 -7
leaf_value=-0.0045573295471197641 0.00067538106266190026 -0.0038087249327225974 0.012236841650385607 -0.0045573295471197641 0.0045945943106670646 0.0058783780632389558
leaf_weight=688 458 297 37 153 36 73
leaf_count=688 458 297 37 153 36 73
internal_value=-0.00209983 -0.000492891 0.000811345 0.000208044 -0.00313158 0.00140038
internal_weight=1742 1054 757 720 189 531
internal_count=1742 1054 757 720 189 531
is_linear=0
shrinkage=0.05


Tree=18
num_leaves=7
num_cat=0
split_feature=0 2 2 2 2 2
split_gain=2.56291 1.67306 2.16195 1.11835 0.857677 0.691012
threshold=0.024500000000000004 199147.00000000003 188874.50000000003 19676.000000000004 4552.5000000000009 123241.00000000001
decision_type=2 2 2 2 2 2
left_child=-1 2 3 4 -2 -5
right_child=1 -3 -4 5 -6 -7
leaf_value=-0.0045573295471197641 -0.0045573295471197641 -0.0038087249327225974 0.012236841650385607 -0.0026112760917369267 0.0029193545877933503 0.0045945943106670646
leaf_weight=688 39 297 37 336 309 36
leaf_count=688 39 297 37 336 309 36
internal_value=-0.00218589 -0.000635071 0.000613456 -1.86006e-10 0.00203438 -0.00190349
internal_weight=1742 1054 757 720 348 372
internal_count=1742 1054 757 720 348 372
is_linear=0
shrinkage=0.05


Tree=19
num_leaves=7
num_cat=0
split_feature=0 2 2 2 2 2
split_gain=2.81703 1.87877 2.06488 1.19833 1.07682 0.698642
threshold=0.024500000000000004 199147.00000000003 188874.50000000003 60417.000000000007 123241.00000000001 4552.5000000000009
decision_type=2 2 2 2 2 2
left_child=-1 2 3 5 -5 -2
right_child=1 -3 -4 4 -6 -7
leaf_value=-0.0045573295471197641 -0.0045573295471197641 -0.0038087249327225974 0.012236841650385607 -0.0045573295471197641 0.0045945943106670646 0.0020081133594921589
leaf_weight=688 39 297 37 153 36 492
leaf_count=688 39 297 37 153 36 492
internal_value=-0.00207114 -0.000445498 0.000877309 0.000277392 -0.00313158 0.00149436
internal_weight=1742 1054 757 720 189 531
internal_count=1742 1054 757 720 189 531
is_linear=0
shrinkage=0.05


Tree=20
num_leaves=7
num_cat=0
split_feature=1 2 2 2 2 2
split_gain=2.19291 1.95704 1.60408 1.09471 5.88576 0.727007
threshold=0.34923000000000004 9568.5000000000018 4552.5000000000009 199147.00000000003 197890.00000000003 9208.5000000000018
decision_type=2 2 2 2 2 2
left_child=-1 2 -2 4 -3 -4
right_child=1 3 5 -5 -6 -7
leaf_value=-0.0049048443669678851 -0.0048571429295199264 -0.0015330190196305327 0.0053012045167655829 -0.0040482574679336983 0.024772726541215723 0.015681817653504286
leaf_weight=577 34 635 82 372 21 21
leaf_count=577 34 635 82 372 21 21
internal_value=-0.00238669 -0.00113636 0.00445652 -0.00188533 -0.00065449 0.00754808
internal_weight=1742 1165 137 1028 656 103
internal_count=1742 1165 137 1028 656 103
is_linear=0
shrinkage=0.05


Tree=21
num_leaves=7
num_cat=0
split_feature=0 2 0 2 2 2
split_gain=2.94858 1.45935 1.05474 0.698642 0.783295 0.802536
threshold=0.024500000000000004 60417.000000000007 0.61591000000000007 4552.5000000000009 9568.5000000000018 11926.000000000002
decision_type=2 2 2 2 2 2
left_child=-1 3 -3 -2 -5 -6
right_child=1 2 -4 4 5 -7
leaf_value=-0.0045573295471197641 -0.0045573295471197641 -0.0026992033128125734 0.0082608692024065105 0.0057943922093259964 -0.0045573295471197641 0.0018397623844422645
leaf_weight=688 39 501 22 106 50 336
leaf_count=688 39 501 22 106 50 336
internal_value=-0.00201377 -0.000350711 -0.00222328 0.00149436 0.00200811 0.000956072
internal_weight=1742 1054 523 531 492 386
internal_count=1742 1054 523 531 492 386
is_linear=0
shrinkage=0.05


Tree=22
num_leaves=7
num_cat=0
split_feature=1 2 2 2 2 2
split_gain=2.04543 1.79666 1.48278 0.998441 2.4746 0.819314
threshold=0.34923000000000004 9568.5000000000018 4552.5000000000009 199147.00000000003 197890.00000000003 9208.5000000000018
decision_type=2 2 2 2 2 2
left_child=-1 2 -2 4 -3 -4
right_child=1 3 5 -5 -6 -7
leaf_value=-0.0049048443669678851 -0.0048571429295199264 -0.0013757863187424417 0.0046987948916762711 -0.0040482574679336983 0.015681817653504286 0.015681817653504286
leaf_weight=577 34 635 82 372 21 21
leaf_count=577 34 635 82 372 21 21
internal_value=-0.00247275 -0.00126501 0.0040942 -0.00198251 -0.000806697 0.00706731
internal_weight=1742 1165 137 1028 656 103
internal_count=1742 1165 137 1028 656 103
is_linear=0
shrinkage=0.05


Tree=23
num_leaves=7
num_cat=0
split_feature=1 2 2 2 2 2
split_gain=2.24321 2.04623 0.660948 1.48278 0.915756 0.819314
threshold=0.34923000000000004 60417.000000000007 9568.5000000000018 4552.5000000000009 17951.000000000004 9208.5000000000018
decision_type=2 2 2 2 2 2
left_child=-1 2 3 -2 -4 -5
right_child=1 -3 4 5 -6 -7
leaf_value=-0.0049048443669678851 -0.0048571429295199264 -0.003100329064028828 -0.0022926830609397192 0.0046987948916762711 0.0023623850828874003 0.015681817653504286
leaf_weight=577 34 607 204 82 217 21
leaf_count=577 34 607 204 82 217 21
internal_value=-0.002358 -0.00109348 0.00109123 0.0040942 0.000106635 0.00706731
internal_weight=1742 1165 558 137 421 103
internal_count=1742 1165 558 137 421 103
is_linear=0
shrinkage=0.05


Tree=24
num_leaves=7
num_cat=0
split_feature=0 2 2 2 2 2
split_gain=2.62532 1.28047 0.822638 0.660113 6.10457 0.638935
threshold=0.024500000000000004 19676.000000000004 4552.5000000000009 312300.00000000006 299770.50000000006 17370.500000000004
decision_type=2 2 2 2 2 2
left_child=-1 2 -2 4 -3 -4
right_child=1 3 5 -5 -6 -7
leaf_value=-0.0045573295471197641 -0.0045573295471197641 -0.0020871144768438844 0.0019272724986076355 -0.0045573295471197641 0.024772726541215723 0.0090277773949007205
leaf_weight=688 39 550 274 135 21 35
leaf_count=688 39 550 274 135 21 35
internal_value=-0.0021572 -0.000587678 0.00189112 -0.00181047 -0.00105769 0.00275806
internal_weight=1742 1054 348 706 571 309
internal_count=1742 1054 348 706 571 309
is_linear=0
shrinkage=0.05


Tree=25
num_leaves=7
num_cat=0
split_feature=0 2 2 3 2 2
split_gain=2.50126 1.69504 0.658136 0.533771 0.779682 4.34224
threshold=0.024500000000000004 60417.000000000007 4552.5000000000009 1.0000000180025095e-35 123241.00000000001 220356.50000000003
decision_type=2 2 2 2 2 2
left_child=-1 2 -2 -3 -5 -6
right_child=1 3 -4 4 5 -7
leaf_value=-0.0045573295471197641 -0.0045573295471197641 -0.0045573295471197641 0.0018052736074336889 -0.0045573295471197641 0.015124999480322004 -0.0029441625560600749
leaf_weight=688 39 175 492 113 39 196
leaf_count=688 39 175 492 113 39 196
internal_value=-0.00221457 -0.000682465 0.00130639 -0.00270038 -0.00154728 0.000105932
internal_weight=1742 1054 531 523 348 235
internal_count=1742 1054 531 523 348 235
is_linear=0
shrinkage=0.05


Tree=26
num_leaves=7
num_cat=0
split_feature=0 2 3 2 2 2
split_gain=2.03493 0.991839 0.580852 0.847183 1.83407 2.24167
threshold=0.024500000000000004 60417.000000000007 1.0000000180025095e-35 123241.00000000001 326041.50000000006 284077.50000000006
decision_type=2 2 2 2 2 2
left_child=-1 -2 -3 -4 5 -5
right_child=1 2 3 4 -6 -7
leaf_value=-0.0045573295471197641 0.00046052611958151478 -0.0045573295471197641 -0.0045573295471197641 0.00031578928232192996 -0.0044907408249047071 0.01514285662344524
leaf_weight=688 531 175 113 94 107 34
leaf_count=688 531 175 113 94 107 34
internal_value=-0.00244406 -0.00106161 -0.00260496 -0.00140401 0.000317796 0.00434108
internal_weight=1742 1054 523 348 235 128
internal_count=1742 1054 523 348 235 128
is_linear=0
shrinkage=0.05


Tree=27
num_leaves=7
num_cat=0
split_feature=2 1 2 2 2 2
split_gain=1.91516 2.02613 0.698804 1.49413 0.788505 0.608416
threshold=60417.000000000007 0.34923000000000004 9568.5000000000018 9208.5000000000018 4552.5000000000009 55628.500000000007
decision_type=2 2 2 2 2 2
left_child=1 -1 3 4 -3 -4
right_child=-2 2 5 -5 -6 -7
leaf_value=-0.0047791165445583419 -0.0043543223939684949 -0.0047791165445583419 -0.00084170870969642948 0.015681817653504286 0.0040963852665869584 0.0071999996602535258
leaf_weight=248 936 34 397 21 82 24
leaf_count=248 936 34 397 21 82 24
internal_value=-0.00281698 -0.0010285 0.000644007 0.00373188 0.00145299 -0.000367299
internal_weight=1742 806 558 137 116 421
internal_count=1742 806 558 137 116 421
is_linear=0
shrinkage=0.05


Tree=28
num_leaves=7
num_cat=0
split_feature=1 2 2 2 2 2
split_gain=1.72118 1.48823 0.681649 0.555873 1.04499 0.418136
threshold=0.34923000000000004 45444.500000000007 37288.000000000007 9568.5000000000018 4552.5000000000009 11926.000000000002
decision_type=2 2 2 2 2 2
left_child=-1 2 3 4 -2 -5
right_child=1 -3 -4 5 -6 -7
leaf_value=-0.0049048443669678851 -0.0048571429295199264 -0.0030780560818441838 0.0069736838732895106 -0.0049048443669678851 0.0051442304697747422 -0.00027450998331986221
leaf_weight=577 34 678 37 59 103 254
leaf_count=577 34 678 37 59 103 254
internal_value=-0.00267355 -0.00156518 0.000543033 -1.85852e-10 0.00264493 -0.00116242
internal_weight=1742 1165 487 450 137 313
internal_count=1742 1165 487 450 137 313
is_linear=0
shrinkage=0.05


Tree=29
num_leaves=7
num_cat=0
split_feature=1 2 3 0 2 2
split_gain=2.09402 1.04348 0.901842 1.03422 0.99382 4.69008
threshold=0.34923000000000004 45444.500000000007 1.0000000180025095e-35 0.061935000000000011 123241.00000000001 220356.50000000003
decision_type=2 2 2 2 2 2
left_child=-1 -2 -3 -4 -5 -6
right_child=1 2 3 4 5 -7
leaf_value=-0.0049048443669678851 0.00054303258886469186 -0.0049048443669678851 -0.0039267016682013175 -0.0032777778887086448 0.02319999930262566 -0.00032142874917813713
leaf_weight=577 487 236 190 89 24 139
leaf_count=577 487 236 190 89 24 139
internal_value=-0.00244406 -0.00122213 -0.00248895 -0.00115124 0.000948616 0.00326219
internal_weight=1742 1165 678 442 252 163
internal_count=1742 1165 678 442 252 163
is_linear=0
shrinkage=0.05


Tree=30
num_leaves=7
num_cat=0
split_feature=0 2 2 3 2 2
split_gain=1.73196 1.01686 0.772628 0.437928 0.688227 0.745028
threshold=0.020995000000000003 60417.000000000007 55628.500000000007 1.0000000180025095e-35 123241.00000000001 220356.50000000003
decision_type=2 2 2 2 2 2
left_child=-1 2 -2 -3 -5 -6
right_child=1 3 -4 4 5 -7
leaf_value=-0.0046806854396083649 -0.00025568199837862544 -0.0046806854396083649 0.0095238091335410179 -0.0046806854396083649 0.0055813950421505195 -0.0016428572915139655
leaf_weight=641 527 178 20 125 42 209
leaf_count=641 527 178 20 125 42 209
internal_value=-0.00261618 -0.00141107 0.000118613 -0.00291892 -0.00193634 -0.000416667
internal_weight=1742 1101 547 554 376 251
internal_count=1742 1101 547 554 376 251
is_linear=0
shrinkage=0.05


Tree=31
num_leaves=7
num_cat=0
split_feature=0 2 2 0 2 2
split_gain=1.7805 0.843167 0.825284 0.663051 0.442214 0.400346
threshold=0.020995000000000003 60417.000000000007 584181.50000000012 0.13481500000000005 55628.500000000007 45444.500000000007
decision_type=2 2 2 2 2 2
left_child=-1 4 -3 -4 5 -2
right_child=1 2 3 -5 -6 -7
leaf_value=-0.0046806854396083649 0.00015432079832372353 -0.0033202358680705897 -0.0026086957720310791 0.0091999996155500419 0.007142856805807069 -0.0046806854396083649
leaf_weight=641 485 508 22 24 20 42
leaf_count=641 485 508 22 24 20 42
internal_value=-0.00258749 -0.0013657 -0.00273874 0.00361702 2.73721e-05 -0.000255682
internal_weight=1742 1101 554 46 547 527
internal_count=1742 1101 554 46 547 527
is_linear=0
shrinkage=0.05


Tree=32
num_leaves=7
num_cat=0
split_feature=1 2 2 2 2 2
split_gain=1.43313 1.58897 0.728235 0.464414 0.915915 0.408812
threshold=0.33150500000000011 45444.500000000007 37288.000000000007 9568.5000000000018 4552.5000000000009 11926.000000000002
decision_type=2 2 2 2 2 2
left_child=-1 2 3 4 -2 -5
right_child=1 -3 -4 5 -6 -7
leaf_value=-0.0049017857906541659 -0.0048571429295199264 -0.0033892129382265207 0.0069736838732895106 -0.0049017857906541659 0.0044811317908032893 -0.00040076353537444849
leaf_weight=559 34 685 37 61 105 261
leaf_count=559 34 685 37 61 105 261
internal_value=-0.00281698 -0.00182855 0.000320641 -0.000227273 0.00217857 -0.00126935
internal_weight=1742 1183 498 461 139 322
internal_count=1742 1183 498 461 139 322
is_linear=0
shrinkage=0.05


Tree=33
num_leaves=7
num_cat=0
split_feature=1 2 2 2 2 2
split_gain=1.59561 1.48926 0.706479 0.423662 0.915915 0.35893
threshold=0.33150500000000011 45444.500000000007 37288.000000000007 9568.5000000000018 4552.5000000000009 123241.00000000001
decision_type=2 2 2 2 2 2
left_child=-1 2 3 4 -2 -3
right_child=1 5 -4 -5 -6 -7
leaf_value=-0.0049017857906541659 -0.0048571429295199264 -0.0047649573439206838 0.0069736838732895106 -0.0011145512443670178 0.0044811317908032893 -0.0023399559834408712
leaf_weight=559 34 233 37 322 105 452
leaf_count=559 34 233 37 322 105 452
internal_value=-0.00270224 -0.00165963 0.000420841 -0.000119048 0.00217857 -0.00317055
internal_weight=1742 1183 498 461 139 685
internal_count=1742 1183 498 461 139 685
is_linear=0
shrinkage=0.05


Tree=34
num_leaves=7
num_cat=0
split_feature=0 2 3 2 2 2
split_gain=2.56291 1.09263 0.974523 0.757845 0.882871 2.40546
threshold=0.024500000000000004 45444.500000000007 1.0000000180025095e-35 123241.00000000001 326041.50000000006 284077.50000000006
decision_type=2 2 2 2 2 2
left_child=-1 -2 -3 -4 5 -5
right_child=1 2 3 4 -6 -7
leaf_value=-0.0045573295471197641 0.001154660805270581 -0.0045573295471197641 -0.0033441559544631415 -0.00021052649538767966 -0.0021759260618300354 0.01514285662344524
leaf_weight=688 471 195 153 94 107 34
leaf_count=688 471 195 153 94 107 34
internal_value=-0.00218589 -0.000635071 -0.00208048 -0.000616967 0.00116525 0.00395349
internal_weight=1742 1054 583 388 235 128
internal_count=1742 1054 583 388 235 128
is_linear=0
shrinkage=0.05


Tree=35
num_leaves=7
num_cat=0
split_feature=1 2 2 2 2 2
split_gain=1.5066 1.82759 0.394939 0.844513 0.450276 0.891885
threshold=0.34923000000000004 60417.000000000007 4552.5000000000009 9568.5000000000018 17951.000000000004 22520.500000000004
decision_type=2 2 2 2 2 2
left_child=-1 2 -2 -4 -5 -6
right_child=1 -3 3 4 5 -7
leaf_value=-0.0049048443669678851 -0.0048571429295199264 -0.0036759869458987135 0.0046634612497515405 -0.0020487806273669731 0.0087878784108342545 -0.00013440878440936407
leaf_weight=577 34 607 103 204 32 185
leaf_count=577 34 607 103 204 32 185
internal_value=-0.00281698 -0.00177959 0.000286225 0.000628571 -0.000367299 0.0012156
internal_weight=1742 1165 558 524 421 217
internal_count=1742 1165 558 524 421 217
is_linear=0
shrinkage=0.05


Tree=36
num_leaves=7
num_cat=0
split_feature=0 2 2 3 2 2
split_gain=2.0906 1.13285 0.954306 1.02015 0.854897 1.68695
threshold=0.024500000000000004 19676.000000000004 17370.500000000004 1.0000000180025095e-35 14170.500000000002 11926.000000000002
decision_type=2 2 2 2 2 2
left_child=-1 2 3 -2 5 -5
right_child=1 -3 -4 4 -6 -7
leaf_value=-0.0045573295471197641 -0.0018489584773002815 -0.0021640736878424083 0.0090277773949007205 0.0002586205008214918 -0.0045573295471197641 0.013295454066246749
leaf_weight=688 191 706 35 57 22 43
leaf_count=688 191 706 35 57 22 43
internal_value=-0.00241538 -0.00101422 0.00131805 0.000429936 0.00398374 0.00594059
internal_weight=1742 1054 348 313 122 100
internal_count=1742 1054 348 313 122 100
is_linear=0
shrinkage=0.05


Tree=37
num_leaves=7
num_cat=0
split_feature=0 2 2 2 2 2
split_gain=1.73196 0.788361 0.825284 0.757068 1.37057 0.87936
threshold=0.020995000000000003 60417.000000000007 584181.50000000012 17951.000000000004 22520.500000000004 12378.000000000002
decision_type=2 2 2 2 2 2
left_child=-1 3 -3 5 -5 -2
right_child=1 2 -4 4 -6 -7
leaf_value=-0.0046806854396083649 0.00035555536217159699 -0.0033202358680705897 0.0036170210134475788 0.012413792646136778 0.00067796590132901901 -0.0046806854396083649
leaf_weight=641 224 508 46 28 176 119
leaf_count=641 224 508 46 28 176 119
internal_value=-0.00261618 -0.00141107 -0.00273874 -6.38688e-05 0.00234146 -0.00149709
internal_weight=1742 1101 554 547 204 343
internal_count=1742 1101 554 547 204 343
is_linear=0
shrinkage=0.05


Tree=38
num_leaves=7
num_cat=0
split_feature=0 2 0 2 2 2
split_gain=1.68409 0.50434 0.663051 0.610546 0.531546 1.20763
threshold=0.020995000000000003 584181.50000000012 0.13481500000000005 60417.000000000007 27900.500000000004 28700.000000000004
decision_type=2 2 2 2 2 2
left_child=-1 3 -3 4 -2 -6
right_child=1 2 -4 -5 5 -7
leaf_value=-0.0046806854396083649 -0.0014338236831712957 -0.0026086957720310791 0.0091999996155500419 -0.0029273085684052621 0.012608695192181546 8.4033426867813625e-05
leaf_weight=641 407 22 24 508 22 118
leaf_count=641 407 22 24 508 22 118
internal_value=-0.00264487 -0.00145644 0.00361702 -0.00168087 -0.000520073 0.00212766
internal_weight=1742 1101 46 1055 547 140
internal_count=1742 1101 46 1055 547 140
is_linear=0
shrinkage=0.05


Tree=39
num_leaves=7
num_cat=0
split_feature=1 2 2 2 2 2
split_gain=1.43313 1.01754 0.915915 0.502364 3.63748 0.328938
threshold=0.33150500000000011 9568.5000000000018 4552.5000000000009 312300.00000000006 284077.50000000006 199147.00000000003
decision_type=2 2 2 2 2 2
left_child=-1 2 -2 4 5 -3
right_child=1 3 -4 -5 -6 -7
leaf_value=-0.0049017857906541659 -0.0048571429295199264 -0.0020689656569816543 0.0044811317908032893 -0.0047074468885647492 0.013076922603142568 -0.0046428572241362038
leaf_weight=559 34 666 105 187 38 153
leaf_count=559 34 666 105 187 38 153
internal_value=-0.00281698 -0.00182855 0.00217857 -0.00236364 -0.00184732 -0.00255488
internal_weight=1742 1183 139 1044 857 819
internal_count=1742 1183 139 1044 857 819
is_linear=0
shrinkage=0.05


Tree=40
num_leaves=7
num_cat=0
split_feature=1 2 2 2 2 2
split_gain=1.1928 0.616648 0.655565 0.404185 0.702513 0.311751
threshold=0.34923000000000004 12378.000000000002 11926.000000000002 9568.5000000000018 6820.0000000000009 209711.50000000003
decision_type=2 2 2 2 2 2
left_child=-1 2 3 4 -2 -3
right_child=1 5 -4 -5 -6 -7
leaf_value=-0.0049048443669678851 -0.002753623310422552 -0.002008064657209381 0.0082608692024065105 -0.0040833334252238273 0.0043571425761495313 -0.0039209727424346936
leaf_weight=577 68 619 22 59 69 328
leaf_count=577 68 619 22 59 69 328
internal_value=-0.00304647 -0.00212264 0.000273972 -0.000659899 0.000833333 -0.00267405
internal_weight=1742 1165 218 196 137 947
internal_count=1742 1165 218 196 137 947
is_linear=0
shrinkage=0.05


Tree=41
num_leaves=7
num_cat=0
split_feature=0 2 2 2 2 2
split_gain=2.2621 0.531657 0.614781 1.26292 0.601609 2.78137
threshold=0.024500000000000004 584181.50000000012 312300.00000000006 299770.50000000006 209711.50000000003 197890.00000000003
decision_type=2 2 2 2 2 2
left_child=-1 2 3 4 5 -2
right_child=1 -3 -4 -5 -6 -7
leaf_value=-0.0045573295471197641 -0.0012870621518545717 0.0046428568572515535 -0.0045573295471197641 0.011136363209648566 -0.0044907408249047071 0.010784313301829732
leaf_weight=688 741 41 94 21 107 50
leaf_count=688 741 41 94 21 107 50
internal_value=-0.00232932 -0.000872038 -0.00109961 -0.000701087 -0.000989989 -0.000511364
internal_weight=1742 1054 1013 919 898 791
internal_count=1742 1054 1013 919 898 791
is_linear=0
shrinkage=0.05


Tree=42
num_leaves=7
num_cat=0
split_feature=1 2 2 3 2 2
split_gain=1.55418 1.03229 0.56747 0.452603 0.518519 1.59367
threshold=0.33150500000000011 60417.000000000007 55628.500000000007 1.0000000180025095e-35 123241.00000000001 220356.50000000003
decision_type=2 2 2 2 2 2
left_child=-1 2 -2 -3 -5 -6
right_child=1 3 -4 4 5 -7
leaf_value=-0.0049017857906541659 -0.00050366317832862943 -0.0049017857906541659 0.0071999996602535258 -0.0049017857906541659 0.0079069763855185628 -0.0025306123738386196
leaf_weight=559 545 214 24 114 42 244
leaf_count=559 545 214 24 114 42 244
internal_value=-0.00273092 -0.00170186 -0.000166667 -0.00312195 -0.0021197 -0.00097561
internal_weight=1742 1183 569 614 400 286
internal_count=1742 1183 569 614 400 286
is_linear=0
shrinkage=0.05


Tree=43
num_leaves=7
num_cat=0
split_feature=0 2 2 2 2 2
split_gain=1.68409 0.635672 0.503794 0.632112 0.476803 0.352619
threshold=0.020995000000000003 60417.000000000007 123241.00000000001 155542.00000000003 55628.500000000007 45444.500000000007
decision_type=2 2 2 2 2 2
left_child=-1 4 -3 -4 5 -2
right_child=1 2 3 -5 -6 -7
leaf_value=-0.0046806854396083649 -0.00015432117008623274 -0.0046806854396083649 0.006590908765792847 -0.0021409215471205026 0.007142856805807069 -0.0046806854396083649
leaf_weight=641 485 165 21 368 20 42
leaf_count=641 485 165 21 368 20 42
internal_value=-0.00264487 -0.00145644 -0.00264865 -0.00165385 -0.000246351 -0.000539773
internal_weight=1742 1101 554 389 547 527
internal_count=1742 1101 554 389 547 527
is_linear=0
shrinkage=0.05


Tree=44
num_leaves=7
num_cat=0
split_feature=0 2 2 0 2 2
split_gain=1.73196 0.546976 0.733105 0.663051 0.457708 0.411958
threshold=0.020995000000000003 45444.500000000007 584181.50000000012 0.13481500000000005 37288.000000000007 123241.00000000001
decision_type=2 2 2 2 2 2
left_child=-1 4 5 -4 -2 -3
right_child=1 2 3 -5 -6 -7
leaf_value=-0.0046806854396083649 -0.00057395160790310791 -0.0045394737681929481 -0.0026086957720310791 0.0091999996155500419 0.0054411761681823177 -0.0017877908434372311
leaf_weight=641 452 227 22 24 33 343
leaf_count=641 452 227 22 24 33 343
internal_value=-0.00261618 -0.00141107 -0.0023987 0.00361702 -0.000154321 -0.00288967
internal_weight=1742 1101 616 46 485 570
internal_count=1742 1101 616 46 485 570
is_linear=0
shrinkage=0.05


Tree=45
num_leaves=7
num_cat=0
split_feature=1 2 2 2 2 2
split_gain=1.63759 0.921867 0.795429 0.451592 0.826104 0.372736
threshold=0.33150500000000011 45444.500000000007 37288.000000000007 9568.5000000000018 4552.5000000000009 312300.00000000006
decision_type=2 2 2 2 2 2
left_child=-1 2 3 4 -2 -3
right_child=1 5 -4 -5 -6 -7
leaf_value=-0.0049017857906541659 -0.0048571429295199264 -0.0020841684759797937 0.0069736838732895106 -0.0015789475188166735 0.004009433688139016 -0.0047074468885647492
leaf_weight=559 34 498 37 322 105 187
leaf_count=559 34 498 37 322 105 187
internal_value=-0.00267355 -0.0016174 2.00399e-05 -0.000551948 0.00182143 -0.00280612
internal_weight=1742 1183 498 461 139 685
internal_count=1742 1183 498 461 139 685
is_linear=0
shrinkage=0.05


Tree=46
num_leaves=7
num_cat=0
split_feature=0 2 2 2 2 2
split_gain=1.87958 0.381178 0.721812 0.641589 0.488609 0.433842
threshold=0.020995000000000003 60417.000000000007 123241.00000000001 209711.50000000003 55628.500000000007 197890.00000000003
decision_type=2 2 2 2 2 2
left_child=-1 4 -3 5 -2 -4
right_child=1 2 3 -5 -6 -7
leaf_value=-0.0046806854396083649 -0.00063446986869993536 -0.0046806854396083649 -0.00075000016639630007 -0.0022939069443599302 0.007142856805807069 0.0054716978081554742
leaf_weight=641 527 165 59 278 20 52
leaf_count=641 527 165 59 278 20 52
internal_value=-0.00253012 -0.00127495 -0.0021982 -0.00101282 -0.000337591 0.0021875
internal_weight=1742 1101 554 389 547 111
internal_count=1742 1101 554 389 547 111
is_linear=0
shrinkage=0.05


Tree=47
num_leaves=7
num_cat=0
split_feature=0 2 2 2 2 2
split_gain=2.0906 0.934079 4.03416 0.717558 0.566374 0.487617
threshold=0.024500000000000004 284077.50000000006 326041.50000000006 45444.500000000007 584181.50000000012 37288.000000000007
decision_type=2 2 2 2 2 2
left_child=-1 3 -3 5 -4 -2
right_child=1 2 4 -5 -6 -7
leaf_value=-0.0045573295471197641 -0.00077448764005527411 0.014489795412031973 -0.0045573295471197641 -0.0031807230062872536 0.002261904529517605 0.0054411761681823177
leaf_weight=688 438 48 80 414 41 33
leaf_count=688 438 48 80 414 41 33
internal_value=-0.00241538 -0.00101422 0.00238235 -0.00166479 -0.0025 -0.00032839
internal_weight=1742 1054 169 885 121 471
internal_count=1742 1054 169 885 121 471
is_linear=0
shrinkage=0.05


Tree=48
num_leaves=7
num_cat=0
split_feature=1 2 2 2 2 2
split_gain=1.63759 1.29216 0.728235 0.576727 0.596222 0.381268
threshold=0.33150500000000011 45444.500000000007 37288.000000000007 14170.500000000002 4552.5000000000009 5501.0000000000009
decision_type=2 2 2 2 2 2
left_child=-1 2 3 4 -2 -6
right_child=1 -3 -4 -5 5 -7
leaf_value=-0.0049017857906541659 -0.0048571429295199264 -0.0030247814594917327 0.0069736838732895106 -0.002342105396091938 0.0082608692024065105 0.0014746541595129373
leaf_weight=559 34 685 37 189 22 216
leaf_count=559 34 685 37 189 22 216
internal_value=-0.00267355 -0.0016174 0.000320641 -0.000227273 0.00124542 0.00213389
internal_weight=1742 1183 498 461 272 238
internal_count=1742 1183 498 461 272 238
is_linear=0
shrinkage=0.05


Tree=49
num_leaves=7
num_cat=0
split_feature=0 2 2 2 2 2
split_gain=1.73196 0.898983 0.700821 1.37057 0.572545 1.20763
threshold=0.020995000000000003 60417.000000000007 17951.000000000004 22520.500000000004 27900.500000000004 28700.000000000004
decision_type=2 2 2 2 2 2
left_child=-1 2 -2 -4 -5 -6
right_child=1 -3 3 4 5 -7
leaf_value=-0.0046806854396083649 -0.0013517443415557232 -0.0028288289515284808 0.012413792646136778 -0.0046806854396083649 0.012608695192181546 8.4033426867813625e-05
leaf_weight=641 343 554 28 36 22 118
leaf_count=641 343 554 28 36 22 118
internal_value=-0.00261618 -0.00141107 2.73721e-05 0.00234146 0.000677966 0.00212766
internal_weight=1742 1101 547 204 176 140
internal_count=1742 1101 547 204 176 140
is_linear=0
shrinkage=0.05


Tree=50
num_leaves=7
num_cat=0
split_feature=0 2 2 2 2 2
split_gain=2.0906 0.55931 0.650167 3.31898 0.662148 0.45886
threshold=0.024500000000000004 584181.50000000012 209711.50000000003 197890.00000000003 60417.000000000007 38806.000000000007
decision_type=2 2 2 2 2 2
left_child=-1 2 3 4 5 -2
right_child=1 -3 -4 -5 -6 -7
leaf_value=-0.0045573295471197641 -0.0010675382883590292 0.0046428568572515535 -0.0036322870997570022 0.011764705436779004 -0.0037914692949486007 0.0031756754209463661
leaf_weight=688 458 41 222 50 210 73
leaf_count=688 458 41 222 50 210 73
internal_value=-0.00241538 -0.00101422 -0.00124753 -0.000574495 -0.00142183 -0.000479323
internal_weight=1742 1054 1013 791 741 531
internal_count=1742 1054 1013 791 741 531
is_linear=0
shrinkage=0.05


Tree=51
num_leaves=7
num_cat=0
split_feature=1 2 2 3 2 2
split_gain=1.59561 0.785279 0.494296 0.413284 0.394427 0.348973
threshold=0.33150500000000011 14170.500000000002 4552.5000000000009 1.0000000180025095e-35 11926.000000000002 12378.000000000002
decision_type=2 2 2 2 2 2
left_child=-1 2 -2 5 -5 -4
right_child=1 -3 3 4 -6 -7
leaf_value=-0.0049017857906541659 -0.0048571429295199264 -0.0023629387297357126 0.0011450379575026854 0.0005405403472281792 0.0076136360114270997 -0.0048333334053556123
leaf_weight=559 34 911 130 36 43 29
leaf_count=559 34 911 130 36 43 29
internal_value=-0.00270224 -0.00165963 0.00069597 0.00150628 0.0044375 3.12498e-05
internal_weight=1742 1183 272 238 79 159
internal_count=1742 1183 272 238 79 159
is_linear=0
shrinkage=0.05


Tree=52
num_leaves=7
num_cat=0
split_feature=1 2 2 2 2 2
split_gain=1.59561 0.691273 1.0022 0.43569 0.462345 0.80043
threshold=0.33150500000000011 12378.000000000002 11576.500000000002 17951.000000000004 45444.500000000007 37288.000000000007
decision_type=2 2 2 2 2 2
left_child=-1 2 -2 -3 5 -5
right_child=1 3 -4 4 -6 -7
leaf_value=-0.0049017857906541659 -0.00080555572277969797 -0.0049017857906541659 0.0076136360114270997 -0.0014159293565074954 -0.0023688047977691142 0.0069736838732895106
leaf_weight=559 179 127 43 112 685 37
leaf_count=559 179 127 43 112 685 37
internal_value=-0.00270224 -0.00165963 0.000852018 -0.00224012 -0.00182036 0.0007
internal_weight=1742 1183 222 961 834 149
internal_count=1742 1183 222 961 834 149
is_linear=0
shrinkage=0.05


Tree=53
num_leaves=7
num_cat=0
split_feature=0 2 2 2 2 2
split_gain=2.14702 0.617025 3.1403 0.955983 0.500922 0.623384
threshold=0.024500000000000004 284077.50000000006 312300.00000000006 584181.50000000012 209711.50000000003 123241.00000000001
decision_type=2 2 2 2 2 2
left_child=-1 4 -3 -4 5 -2
right_child=1 2 3 -5 -6 -7
leaf_value=-0.0045573295471197641 -0.0016350366457970472 0.01514285662344524 -0.004421052717064557 0.0046428568572515535 -0.0045573295471197641 0.0024537034643193085
leaf_weight=688 684 34 94 41 94 107
leaf_count=688 684 34 94 41 94 107
internal_value=-0.00238669 -0.000966825 0.00179412 -0.00165441 -0.00149549 -0.00107955
internal_weight=1742 1054 169 135 885 791
internal_count=1742 1054 169 135 885 791
is_linear=0
shrinkage=0.05


Tree=54
num_leaves=7
num_cat=0
split_feature=0 2 2 2 2 2
split_gain=1.68409 0.380036 0.630031 1.43366 0.512635 0.307838
threshold=0.020995000000000003 60417.000000000007 123241.00000000001 155542.00000000003 55628.500000000007 45444.500000000007
decision_type=2 2 2 2 2 2
left_child=-1 4 -3 -4 5 -2
right_child=1 2 3 -5 -6 -7
leaf_value=-0.0046806854396083649 -0.00046296313849618901 -0.0046806854396083649 0.011136363209648566 -0.0020054201951356441 0.007142856805807069 -0.0046806854396083649
leaf_weight=641 485 165 21 368 20 42
leaf_count=641 485 165 21 368 20 42
internal_value=-0.00264487 -0.00145644 -0.00237838 -0.00126923 -0.000520073 -0.000823864
internal_weight=1742 1101 554 389 547 527
internal_count=1742 1101 554 389 547 527
is_linear=0
shrinkage=0.05


Tree=55
num_leaves=7
num_cat=0
split_feature=0 2 2 2 2 2
split_gain=1.87958 0.286926 2.30411 0.5869 0.512635 0.464704
threshold=0.020995000000000003 312300.00000000006 349638.00000000006 60417.000000000007 55628.500000000007 584181.50000000012
decision_type=2 2 2 2 2 2
left_child=-1 3 -3 4 -2 -4
right_child=1 2 5 -5 -6 -7
leaf_value=-0.0046806854396083649 -0.00082386380386059027 0.01290322533778606 -0.0046806854396083649 -0.003026960902463864 0.007142856805807069 0.0014893614865363913
leaf_weight=641 527 30 71 407 20 46
leaf_count=641 527 30 71 407 20 46
internal_value=-0.00253012 -0.00127495 0.000777027 -0.00159162 -0.000520073 -0.00241525
internal_weight=1742 1101 147 954 547 117
internal_count=1742 1101 147 954 547 117
is_linear=0
shrinkage=0.05


Tree=56
num_leaves=7
num_cat=0
split_feature=1 2 2 2 2 2
split_gain=1.43313 0.823224 0.865512 0.581523 0.862212 1.04871
threshold=0.33150500000000011 45444.500000000007 37288.000000000007 123241.00000000001 209711.50000000003 200574.00000000003
decision_type=2 2 2 2 2 2
left_child=-1 2 -2 -3 5 -5
right_child=1 3 -4 4 -6 -7
leaf_value=-0.0049017857906541659 -0.00087662354289066232 -0.0049017857906541659 0.0069736838732895106 -0.00040404057939245246 -0.0031940299650626402 0.011904761461274964
leaf_weight=559 461 233 37 98 334 20
leaf_count=559 461 233 37 98 334 20
internal_value=-0.00281698 -0.00182855 -0.000280561 -0.0029519 -0.00189845 0.00176471
internal_weight=1742 1183 498 685 452 118
internal_count=1742 1183 498 685 452 118
is_linear=0
shrinkage=0.05


Tree=57
num_leaves=7
num_cat=0
split_feature=1 2 2 2 2 2
split_gain=1.39386 0.868771 0.865512 0.473638 2.00763 0.277226
threshold=0.33150500000000011 45444.500000000007 37288.000000000007 584181.50000000012 790013.00000000012 14170.500000000002
decision_type=2 2 2 2 2 2
left_child=-1 2 5 -3 -5 -2
right_child=1 3 -4 4 -6 -7
leaf_value=-0.0049017857906541659 0.00014651995766293873 -0.0034571891232289872 0.0069736838732895106 0.013409090431576426 -0.004893617094197172 -0.002342105396091938
leaf_weight=559 272 618 37 21 46 189
leaf_count=559 272 618 37 21 46 189
internal_value=-0.00284567 -0.00187078 -0.000280561 -0.00302478 0.000955882 -0.000876624
internal_weight=1742 1183 498 685 67 461
internal_count=1742 1183 498 685 67 461
is_linear=0
shrinkage=0.05


Tree=58
num_leaves=7
num_cat=0
split_feature=1 2 0 2 2 2
split_gain=1.55418 0.809393 0.362268 0.502125 0.962457 0.427047
threshold=0.33150500000000011 60417.000000000007 0.026395000000000005 123241.00000000001 188874.50000000003 326041.50000000006
decision_type=2 2 2 2 2 2
left_child=-1 -2 -3 -4 -5 -6
right_child=1 2 3 4 5 -7
leaf_value=-0.0049017857906541659 -0.00034210544144898131 -0.0049017857906541659 -0.0049017857906541659 0.0076785710773297731 -0.00059278367720928392 -0.0045000000839883637
leaf_weight=559 569 164 121 27 193 109
leaf_count=559 569 164 121 27 193 109
internal_value=-0.00273092 -0.00170186 -0.00295935 -0.0022173 -0.00119697 -0.0020132
internal_weight=1742 1183 614 450 329 302
internal_count=1742 1183 614 450 329 302
is_linear=0
shrinkage=0.05


Tree=59
num_leaves=7
num_cat=0
split_feature=1 2 2 2 2 2
split_gain=1.51329 0.860474 0.327499 0.734599 0.384394 1.7442
threshold=0.33150500000000011 60417.000000000007 123241.00000000001 155542.00000000003 326041.50000000006 284077.50000000006
decision_type=2 2 2 2 2 2
left_child=-1 -2 -3 -4 5 -5
right_child=1 2 3 4 -6 -7
leaf_value=-0.0049017857906541659 -0.00034210544144898131 -0.0049017857906541659 0.006590908765792847 -0.003768116043169718 -0.0046706587633865322 0.0059166663512587557
leaf_weight=559 569 162 21 206 166 59
leaf_count=559 569 162 21 206 166 59
internal_value=-0.00275961 -0.00174409 -0.00304065 -0.00233996 -0.00278935 -0.00159774
internal_weight=1742 1183 614 452 431 265
internal_count=1742 1183 614 452 431 265
is_linear=0
shrinkage=0.05


Tree=60
num_leaves=7
num_cat=0
split_feature=0 2 2 2 2 2
split_gain=1.8297 0.789139 0.503794 0.632112 0.442214 0.400346
threshold=0.020995000000000003 60417.000000000007 123241.00000000001 155542.00000000003 55628.500000000007 45444.500000000007
decision_type=2 2 2 2 2 2
left_child=-1 4 -3 -4 5 -2
right_child=1 2 3 -5 -6 -7
leaf_value=-0.0046806854396083649 0.00015432079832372353 -0.0046806854396083649 0.006590908765792847 -0.0021409215471205026 0.007142856805807069 -0.0046806854396083649
leaf_weight=641 485 165 21 368 20 42
leaf_count=641 485 165 21 368 20 42
internal_value=-0.00255881 -0.00132033 -0.00264865 -0.00165385 2.73721e-05 -0.000255682
internal_weight=1742 1101 554 389 547 527
internal_count=1742 1101 554 389 547 527
is_linear=0
shrinkage=0.05


Tree=61
num_leaves=7
num_cat=0
split_feature=0 2 2 2 2 2
split_gain=1.7805 0.800891 0.836669 0.556514 0.452801 0.566817
threshold=0.020995000000000003 45444.500000000007 123241.00000000001 155542.00000000003 4552.5000000000009 5501.0000000000009
decision_type=2 2 2 2 2 2
left_child=-1 4 -3 -4 -2 -6
right_child=1 2 3 -5 5 -7
leaf_value=-0.0046806854396083649 -0.0046806854396083649 -0.0046806854396083649 0.006590908765792847 -0.0015989161391810674 0.0082608692024065105 0.00020047150780710409
leaf_weight=641 40 227 21 368 22 423
leaf_count=641 40 227 21 368 22 423
internal_value=-0.00258749 -0.0013657 -0.00256078 -0.00114103 0.000154321 0.000616592
internal_weight=1742 1101 616 389 485 445
internal_count=1742 1101 616 389 485 445
is_linear=0
shrinkage=0.05


Tree=62
num_leaves=7
num_cat=0
split_feature=0 2 0 2 2 2
split_gain=1.98132 0.4519 0.663051 0.46784 0.512253 0.557487
threshold=0.020995000000000003 584181.50000000012 0.13481500000000005 326041.50000000006 284077.50000000006 209711.50000000003
decision_type=2 2 2 2 2 2
left_child=-1 3 -3 4 5 -2
right_child=1 2 -4 -5 -6 -7
leaf_value=-0.0046806854396083649 -0.0009283982235395793 -0.0026086957720310791 0.0091999996155500419 -0.0046806854396083649 0.0037499997334984633 -0.0046806854396083649
leaf_weight=641 823 22 24 85 51 96
leaf_count=641 823 22 24 85 51 96
internal_value=-0.00247275 -0.00118421 0.00361702 -0.00139678 -0.00108136 -0.00135326
internal_weight=1742 1101 46 1055 970 919
internal_count=1742 1101 46 1055 970 919
is_linear=0
shrinkage=0.05


Tree=63
num_leaves=7
num_cat=0
split_feature=0 2 2 2 2 2
split_gain=1.7805 0.833494 2.61912 0.835574 0.476803 0.352619
threshold=0.020995000000000003 209711.50000000003 197890.00000000003 60417.000000000007 55628.500000000007 45444.500000000007
decision_type=2 2 2 2 2 2
left_child=-1 2 3 4 5 -2
right_child=1 -3 -4 -5 -6 -7
leaf_value=-0.0046806854396083649 -0.00015432117008623274 -0.0037275986685868234 0.010188678834798202 -0.003866666765676605 0.007142856805807069 -0.0046806854396083649
leaf_weight=641 485 278 52 224 20 42
leaf_count=641 485 278 52 224 20 42
internal_value=-0.00258749 -0.0013657 -0.000564321 -0.00130181 -0.000246351 -0.000539773
internal_weight=1742 1101 823 771 547 527
internal_count=1742 1101 823 771 547 527
is_linear=0
shrinkage=0.05


Tree=64
num_leaves=7
num_cat=0
split_feature=1 2 2 2 2 2
split_gain=1.43313 1.17494 0.795429 0.461859 0.71673 0.302375
threshold=0.33150500000000011 45444.500000000007 37288.000000000007 123241.00000000001 155542.00000000003 19676.000000000004
decision_type=2 2 2 2 2 2
left_child=-1 2 5 -3 -5 -2
right_child=1 3 -4 4 -6 -7
leaf_value=-0.0049017857906541659 0.00012430920373668989 -0.0049017857906541659 0.0069736838732895106 0.006590908765792847 -0.0026736112371845929 -0.0029702971477319701
leaf_weight=559 361 233 37 21 431 100
leaf_count=559 361 233 37 21 431 100
internal_value=-0.00281698 -0.00182855 2.00399e-05 -0.00317055 -0.00222958 -0.000551948
internal_weight=1742 1183 498 685 452 461
internal_count=1742 1183 498 685 452 461
is_linear=0
shrinkage=0.05


Tree=65
num_leaves=7
num_cat=0
split_feature=0 2 2 2 2 2
split_gain=1.7805 0.695965 0.752471 1.57859 0.741286 1.26831
threshold=0.020995000000000003 45444.500000000007 284077.50000000006 326041.50000000006 17951.000000000004 22520.500000000004
decision_type=2 2 2 2 2 2
left_child=-1 4 -3 -4 -2 -6
right_child=1 2 3 -5 5 -7
leaf_value=-0.0046806854396083649 -0.0012063955075952203 -0.0036091955074633677 0.0075961534936840715 -0.0026893940641347209 0.012413792646136778 0.00069565197371918225
leaf_weight=641 343 434 51 131 28 114
leaf_count=641 343 434 51 131 28 114
internal_value=-0.00258749 -0.0013657 -0.00247974 0.000218579 5.14401e-05 0.00307692
internal_weight=1742 1101 616 182 485 142
internal_count=1742 1101 616 182 485 142
is_linear=0
shrinkage=0.05


Tree=66
num_leaves=7
num_cat=0
split_feature=0 2 0 2 2 2
split_gain=1.68409 0.50434 0.663051 0.610546 0.512635 0.404046
threshold=0.020995000000000003 584181.50000000012 0.13481500000000005 60417.000000000007 55628.500000000007 123241.00000000001
decision_type=2 2 2 2 2 2
left_child=-1 3 -3 4 -2 -5
right_child=1 2 -4 5 -6 -7
leaf_value=-0.0046806854396083649 -0.00082386380386059027 -0.0026086957720310791 0.0091999996155500419 -0.0046806854396083649 0.007142856805807069 -0.0019331396773977336
leaf_weight=641 527 22 24 165 20 343
leaf_count=641 527 22 24 165 20 343
internal_value=-0.00264487 -0.00145644 0.00361702 -0.00168087 -0.000520073 -0.00292731
internal_weight=1742 1101 46 1055 547 508
internal_count=1742 1101 46 1055 547 508
is_linear=0
shrinkage=0.05


Tree=67
num_leaves=7
num_cat=0
split_feature=1 2 2 2 2 3
split_gain=1.24221 1.18811 0.842109 0.840792 0.602288 0.653669
threshold=0.33150500000000011 45444.500000000007 27900.500000000004 28700.000000000004 14170.500000000002 1.0000000180025095e-35
decision_type=2 2 2 2 2 2
left_child=-1 2 4 -4 5 -2
right_child=1 -3 3 -5 -6 -7
leaf_value=-0.0049017857906541659 -0.0015229886568997098 -0.0033892129382265207 0.012608695192181546 0.0012280699649923727 -0.0036241611778336084 0.0035499997362494471
leaf_weight=559 173 685 22 56 148 99
leaf_count=559 173 685 22 56 148 99
internal_value=-0.00296041 -0.0020397 -0.000180361 0.00455696 -0.00106888 0.00032967
internal_weight=1742 1183 498 78 420 272
internal_count=1742 1183 498 78 420 272
is_linear=0
shrinkage=0.05


Tree=68
num_leaves=7
num_cat=0
split_feature=0 2 2 2 2 2
split_gain=1.73196 0.603262 0.510613 2.29023 1.02029 0.88616
threshold=0.020995000000000003 326041.50000000006 197890.00000000003 209711.50000000003 284077.50000000006 45444.500000000007
decision_type=2 2 2 2 2 2
left_child=-1 2 5 -4 -5 -2
right_child=1 -3 3 4 -6 -7
leaf_value=-0.0046806854396083649 -0.00025720182622288485 -0.0045833334157412706 0.010188678834798202 -0.0046806854396083649 0.0037499997334984633 -0.0037630663035950183
leaf_weight=641 485 131 52 96 51 286
leaf_count=641 485 131 52 96 51 286
internal_value=-0.00261618 -0.00141107 -0.000978373 0.001275 -0.00192568 -0.00156088
internal_weight=1742 1101 970 199 147 771
internal_count=1742 1101 970 199 147 771
is_linear=0
shrinkage=0.05


Tree=69
num_leaves=7
num_cat=0
split_feature=1 2 2 2 2 2
split_gain=1.47294 1.02769 0.315998 0.525674 0.679871 0.66021
threshold=0.33150500000000011 60417.000000000007 4552.5000000000009 12378.000000000002 11576.500000000002 9568.5000000000018
decision_type=2 2 2 2 2 2
left_child=-1 2 -2 4 5 -4
right_child=1 -3 3 -5 -6 -7
leaf_value=-0.0049017857906541659 -0.0048571429295199264 -0.0032032521468837089 0.0025943393801461977 -0.0011063220000815117 0.0076136360114270997 -0.004878048853176397
leaf_weight=559 34 614 105 347 43 40
leaf_count=559 34 614 105 347 43 40
internal_value=-0.0027883 -0.00178632 -0.000254386 4.66416e-05 0.00216931 0.000513698
internal_weight=1742 1183 569 535 188 145
internal_count=1742 1183 569 535 188 145
is_linear=0
shrinkage=0.05


Tree=70
num_leaves=7
num_cat=0
split_feature=0 2 0 2 2 2
split_gain=1.93012 0.460442 0.663051 0.250031 0.436901 0.368954
threshold=0.020995000000000003 584181.50000000012 0.13481500000000005 19676.000000000004 17370.500000000004 14170.500000000002
decision_type=2 2 2 2 2 2
left_child=-1 3 -3 4 5 -2
right_child=1 2 -4 -5 -6 -7
leaf_value=-0.0046806854396083649 -0.00021978040044997639 -0.0026086957720310791 0.0091999996155500419 -0.0019928572843117376 0.0048611108213663101 -0.0046806854396083649
leaf_weight=641 272 22 24 699 35 49
leaf_count=641 272 22 24 699 35 49
internal_value=-0.00250143 -0.00122958 0.00361702 -0.00144413 -0.000364146 -0.000947205
internal_weight=1742 1101 46 1055 356 321
internal_count=1742 1101 46 1055 356 321
is_linear=0
shrinkage=0.05


Tree=71
num_leaves=7
num_cat=0
split_feature=0 2 2 2 2 2
split_gain=1.73196 0.295559 1.12847 0.609705 0.444731 0.782518
threshold=0.020995000000000003 442826.00000000006 284077.50000000006 326041.50000000006 209711.50000000003 197890.00000000003
decision_type=2 2 2 2 2 2
left_child=-1 2 4 -4 5 -2
right_child=1 -3 3 -5 -6 -7
leaf_value=-0.0046806854396083649 -0.0017551814939421385 -0.0043209877417043404 0.0075961534936840715 -9.6154026687145239e-05 -0.0046806854396083649 0.0045283016028269283
leaf_weight=641 771 80 51 51 96 52
leaf_count=641 771 80 51 51 96 52
internal_value=-0.00261618 -0.00141107 -0.00117906 0.00378641 -0.0017337 -0.00135316
internal_weight=1742 1101 1021 102 919 823
internal_count=1742 1101 1021 102 919 823
is_linear=0
shrinkage=0.05


Tree=72
num_leaves=7
num_cat=0
split_feature=1 2 2 2 2 2
split_gain=1.27931 0.649594 0.401749 0.316217 0.433731 0.436104
threshold=0.33150500000000011 14170.500000000002 4552.5000000000009 13475.500000000002 9568.5000000000018 9208.5000000000018
decision_type=2 2 2 2 2 2
left_child=-1 2 -2 4 5 -4
right_child=1 -3 3 -5 -6 -7
leaf_value=-0.0049017857906541659 -0.0048571429295199264 -0.0026370615306261342 0.00094117626547813411 0.006590908765792847 -0.0018584072227235391 0.0088636359877207072
leaf_weight=559 34 911 84 21 112 21
leaf_count=559 34 911 84 21 112 21
internal_value=-0.00293173 -0.00199747 0.00014652 0.000878661 0.000298165 0.00259434
internal_weight=1742 1183 272 238 217 105
internal_count=1742 1183 272 238 217 105
is_linear=0
shrinkage=0.05


Tree=73
num_leaves=7
num_cat=0
split_feature=0 2 0 2 2 2
split_gain=1.98132 0.708862 1.10882 0.528751 0.512635 0.473028
threshold=0.020995000000000003 381882.50000000006 0.055305000000000007 60417.000000000007 55628.500000000007 123241.00000000001
decision_type=2 2 2 2 2 2
left_child=-1 3 -3 4 -2 -5
right_child=1 2 -4 5 -6 -7
leaf_value=-0.0046806854396083649 -0.00082386380386059027 -0.0035897436909950696 0.0073684207049378187 -0.0046806854396083649 0.007142856805807069 -0.0016047298794964683
leaf_weight=641 527 38 56 165 20 295
leaf_count=641 527 38 56 165 20 295
internal_value=-0.00247275 -0.00118421 0.00294737 -0.00157242 -0.000520073 -0.00281996
internal_weight=1742 1101 94 1007 547 460
internal_count=1742 1101 94 1007 547 460
is_linear=0
shrinkage=0.05


Tree=74
num_leaves=7
num_cat=0
split_feature=1 2 2 2 0 2
split_gain=1.55418 0.708084 0.38588 0.770067 0.401037 0.331299
threshold=0.33150500000000011 60417.000000000007 123241.00000000001 209711.50000000003 0.024985000000000004 55628.500000000007
decision_type=2 2 2 2 2 2
left_child=-1 5 -3 4 -4 -2
right_child=1 2 3 -5 -6 -7
leaf_value=-0.0049017857906541659 -0.0006868133573850869 -0.0049017857906541659 -0.0047727273438464514 -0.0033432836930698422 0.0027040813878482701 0.0051999997049570089
leaf_weight=559 545 162 21 334 97 24
leaf_count=559 545 162 21 334 97 24
internal_value=-0.00273092 -0.00170186 -0.00287805 -0.00211921 0.00134454 -0.000429825
internal_weight=1742 1183 614 452 118 569
internal_count=1742 1183 614 452 118 569
is_linear=0
shrinkage=0.05


Tree=75
num_leaves=7
num_cat=0
split_feature=0 2 2 2 2 2
split_gain=1.73196 0.78615 1.04978 0.974897 0.509413 0.353266
threshold=0.020995000000000003 284077.50000000006 326041.50000000006 45444.500000000007 37288.000000000007 381882.50000000006
decision_type=2 2 2 2 2 2
left_child=-1 3 -3 4 -2 -4
right_child=1 2 5 -5 -6 -7
leaf_value=-0.0046806854396083649 -0.00090507742831643842 0.0075961534936840715 -0.0046806854396083649 -0.0037241380336298343 0.0054411761681823177 0.00084210506003153964
leaf_weight=641 452 51 37 434 33 94
leaf_count=641 452 51 37 434 33 94
internal_value=-0.00261618 -0.00141107 0.0015847 -0.00200543 -0.000462963 -0.000795455
internal_weight=1742 1101 182 919 485 131
internal_count=1742 1101 182 919 485 131
is_linear=0
shrinkage=0.05


Tree=76
num_leaves=7
num_cat=0
split_feature=0 2 2 2 2 2
split_gain=1.93012 0.686451 0.586427 0.616252 0.695696 0.588604
threshold=0.020995000000000003 60417.000000000007 123241.00000000001 209711.50000000003 381882.50000000006 790013.00000000012
decision_type=2 2 2 2 2 2
left_child=-1 -2 -3 -4 -5 -6
right_child=1 2 3 4 5 -7
leaf_value=-0.0046806854396083649 2.7372076237288707e-05 -0.0046806854396083649 0.0017410712050540105 -0.0044324325186175266 0.0035384612759718527 -0.0046806854396083649
leaf_weight=641 547 165 111 184 64 30
leaf_count=641 547 165 111 184 64 30
internal_value=-0.00250143 -0.00122958 -0.00246847 -0.00139744 -0.00265233 0.000842105
internal_weight=1742 1101 554 389 278 94
internal_count=1742 1101 554 389 278 94
is_linear=0
shrinkage=0.05


Tree=77
num_leaves=7
num_cat=0
split_feature=0 2 2 2 3 0
split_gain=1.87958 0.736901 0.544348 0.620305 0.713302 0.652155
threshold=0.020995000000000003 60417.000000000007 123241.00000000001 299770.50000000006 1.0000000180025095e-35 0.026395000000000005
decision_type=2 2 2 2 2 2
left_child=-1 -2 -3 4 -4 -6
right_child=1 2 3 -5 5 -7
leaf_value=-0.0046806854396083649 2.7372076237288707e-05 -0.0046806854396083649 -0.0026605505838033258 -0.0037941177474225271 -0.0046806854396083649 0.004836956229384827
leaf_weight=641 547 165 108 169 21 91
leaf_count=641 547 165 108 169 21 91
internal_value=-0.00253012 -0.00127495 -0.00255856 -0.00152564 0.000226244 0.00300885
internal_weight=1742 1101 554 389 220 112
internal_count=1742 1101 554 389 220 112
is_linear=0
shrinkage=0.05


Tree=78
num_leaves=7
num_cat=0
split_feature=0 2 2 2 2 2
split_gain=2.14702 0.391986 0.790654 0.543522 0.407907 0.374036
threshold=0.024500000000000004 60417.000000000007 123241.00000000001 155542.00000000003 4552.5000000000009 312300.00000000006
decision_type=2 2 2 2 2 2
left_child=-1 4 -3 -4 -2 -5
right_child=1 2 3 5 -6 -7
leaf_value=-0.0045573295471197641 -0.0045573295471197641 -0.0045573295471197641 0.007142856805807069 -0.0024305556866305849 0.00038539534302439705 0.00091911744162002029
leaf_weight=688 39 153 20 215 492 135
leaf_count=688 39 153 20 215 492 135
internal_value=-0.00238669 -0.000966825 -0.00193702 -0.000673855 -9.39868e-06 -0.0011396
internal_weight=1742 1054 523 370 531 350
internal_count=1742 1054 523 370 531 350
is_linear=0
shrinkage=0.05


Tree=79
num_leaves=7
num_cat=0
split_feature=0 2 2 3 2 2
split_gain=1.98132 0.343737 0.643569 1.27377 0.557487 0.927324
threshold=0.020995000000000003 442826.00000000006 284077.50000000006 1.0000000180025095e-35 209711.50000000003 197890.00000000003
decision_type=2 2 2 2 2 2
left_child=-1 2 4 -4 5 -2
right_child=1 -3 3 -5 -6 -7
leaf_value=-0.0046806854396083649 -0.0013665804663586184 -0.0043209877417043404 0.011290322148030805 -0.00082191797356082974 -0.0046806854396083649 0.0054716978081554742
leaf_weight=641 771 80 30 72 96 52
leaf_count=641 771 80 30 72 96 52
internal_value=-0.00247275 -0.00118421 -0.000934442 0.00281553 -0.00135326 -0.000928398
internal_weight=1742 1101 1021 102 919 823
internal_count=1742 1101 1021 102 919 823
is_linear=0
shrinkage=0.05


Tree=80
num_leaves=7
num_cat=0
split_feature=0 2 2 2 2 2
split_gain=2.32077 0.288182 0.678882 0.489015 0.430129 0.292949
threshold=0.024500000000000004 45444.500000000007 123241.00000000001 155542.00000000003 4552.5000000000009 197890.00000000003
decision_type=2 2 2 2 2 2
left_child=-1 4 -3 -4 -2 -5
right_child=1 2 3 5 -6 -7
leaf_value=-0.0045573295471197641 -0.0045573295471197641 -0.0038084113152227674 0.007142856805807069 -0.0045573295471197641 0.00055427231909771718 -0.00020700655047111452
leaf_weight=688 39 213 20 37 432 313
leaf_count=688 39 213 20 37 432 313
internal_value=-0.00230063 -0.000824645 -0.00156678 -0.000269542 9.53388e-05 -0.000712251
internal_weight=1742 1054 583 370 471 350
internal_count=1742 1054 583 370 471 350
is_linear=0
shrinkage=0.05


Tree=81
num_leaves=7
num_cat=0
split_feature=0 2 2 2 2 2
split_gain=2.32077 0.288182 0.678882 0.489015 0.430129 0.292949
threshold=0.024500000000000004 45444.500000000007 123241.00000000001 155542.00000000003 4552.5000000000009 197890.00000000003
decision_type=2 2 2 2 2 2
left_child=-1 4 -3 -4 -2 -5
right_child=1 2 3 5 -6 -7
leaf_value=-0.0045573295471197641 -0.0045573295471197641 -0.0038084113152227674 0.007142856805807069 -0.0045573295471197641 0.00055427231909771718 -0.00020700655047111452
leaf_weight=688 39 213 20 37 432 313
leaf_count=688 39 213 20 37 432 313
internal_value=-0.00230063 -0.000824645 -0.00156678 -0.000269542 9.53388e-05 -0.000712251
internal_weight=1742 1054 583 370 471 350
internal_count=1742 1054 583 370 471 350
is_linear=0
shrinkage=0.05


Tree=82
num_leaves=7
num_cat=0
split_feature=0 2 2 2 2 2
split_gain=2.32077 0.288182 0.678882 0.489015 0.430129 0.292949
threshold=0.024500000000000004 45444.500000000007 123241.00000000001 155542.00000000003 4552.5000000000009 197890.00000000003
decision_type=2 2 2 2 2 2
left_child=-1 4 -3 -4 -2 -5
right_child=1 2 3 5 -6 -7
leaf_value=-0.0045573295471197641 -0.0045573295471197641 -0.0038084113152227674 0.007142856805807069 -0.0045573295471197641 0.00055427231909771718 -0.00020700655047111452
leaf_weight=688 39 213 20 37 432 313
leaf_count=688 39 213 20 37 432 313
internal_value=-0.00230063 -0.000824645 -0.00156678 -0.000269542 9.53388e-05 -0.000712251
internal_weight=1742 1054 583 370 471 350
internal_count=1742 1054 583 370 471 350
is_linear=0
shrinkage=0.05


Tree=83
num_leaves=7
num_cat=0
split_feature=0 2 2 2 2 2
split_gain=1.73196 0.276951 0.989343 0.896826 0.493472 1.9838
threshold=0.020995000000000003 60417.000000000007 197890.00000000003 55628.500000000007 312300.00000000006 284077.50000000006
decision_type=2 2 2 2 2 2
left_child=-1 3 -3 -2 5 -4
right_child=1 2 4 -5 -6 -7
leaf_value=-0.0046806854396083649 -0.0010132577390212453 -0.0046806854396083649 -0.0012751679417470959 0.0095238091335410179 -0.0026013514782125889 0.011805555110590326
leaf_weight=641 527 224 148 20 147 35
leaf_count=641 527 224 148 20 147 35
internal_value=-0.00261618 -0.00141107 -0.0021982 -0.000611314 -0.000453172 0.00127717
internal_weight=1742 1101 554 547 330 183
internal_count=1742 1101 554 547 330 183
is_linear=0
shrinkage=0.05


Tree=84
num_leaves=7
num_cat=0
split_feature=0 2 2 0 2 2
split_gain=1.87958 0.736901 0.779415 0.663051 0.442214 0.400346
threshold=0.020995000000000003 60417.000000000007 584181.50000000012 0.13481500000000005 55628.500000000007 45444.500000000007
decision_type=2 2 2 2 2 2
left_child=-1 4 -3 -4 5 -2
right_child=1 2 3 -5 -6 -7
leaf_value=-0.0046806854396083649 0.00015432079832372353 -0.0031237722182379259 -0.0026086957720310791 0.0091999996155500419 0.007142856805807069 -0.0046806854396083649
leaf_weight=641 485 508 22 24 20 42
leaf_count=641 485 508 22 24 20 42
internal_value=-0.00253012 -0.00127495 -0.00255856 0.00361702 2.73721e-05 -0.000255682
internal_weight=1742 1101 554 46 547 527
internal_count=1742 1101 554 46 547 527
is_linear=0
shrinkage=0.05


Tree=85
num_leaves=7
num_cat=0
split_feature=1 2 2 2 2 2
split_gain=1.47294 1.52715 0.673686 0.840792 0.566122 0.527229
threshold=0.33150500000000011 45444.500000000007 27900.500000000004 28700.000000000004 14170.500000000002 4552.5000000000009
decision_type=2 2 2 2 2 2
left_child=-1 2 4 -4 5 -2
right_child=1 -3 3 -5 -6 -7
leaf_value=-0.0049017857906541659 -0.0048571429295199264 -0.0033163266424795627 0.012608695192181546 0.0012280699649923727 -0.002953020253237462 0.0017154809477189594
leaf_weight=559 34 685 22 56 148 238
leaf_count=559 34 685 22 56 148 238
internal_value=-0.0027883 -0.00178632 0.000320641 0.00455696 -0.00047506 0.000879121
internal_weight=1742 1183 498 78 420 272
internal_count=1742 1183 498 78 420 272
is_linear=0
shrinkage=0.05


Tree=86
num_leaves=7
num_cat=0
split_feature=0 2 2 3 2 2
split_gain=1.73196 0.452856 1.28872 0.491889 0.449376 0.67224
threshold=0.020995000000000003 19676.000000000004 17370.500000000004 1.0000000180025095e-35 14170.500000000002 11926.000000000002
decision_type=2 2 2 2 2 2
left_child=-1 2 3 -2 5 -5
right_child=1 -3 -4 4 -6 -7
leaf_value=-0.0046806854396083649 -0.0024750001300126315 -0.0021112601924437942 0.0090277773949007205 -0.00060344844542700672 -0.0046806854396083649 0.0076136360114270997
leaf_weight=641 199 745 35 57 22 43
leaf_count=641 199 745 35 57 22 43
internal_value=-0.00261618 -0.00141107 5.60222e-05 -0.000947205 0.00154472 0.0029703
internal_weight=1742 1101 356 321 122 100
internal_count=1742 1101 356 321 122 100
is_linear=0
shrinkage=0.05


Tree=87
num_leaves=7
num_cat=0
split_feature=0 2 2 2 3 2
split_gain=2.38018 1.09945 2.96915 0.709383 1.66564 0.680895
threshold=0.024500000000000004 197890.00000000003 209711.50000000003 284077.50000000006 1.0000000180025095e-35 12378.000000000002
decision_type=2 2 2 2 2 2
left_child=-1 5 -3 -4 -5 -2
right_child=1 2 3 4 -6 -7
leaf_value=-0.0045573295471197641 0.00052752273857866957 0.012745097571728276 -0.0038947369393549469 0.012413792646136778 -0.00073943678814340644 -0.0028000001233248486
leaf_weight=688 217 50 94 28 141 524
leaf_count=688 217 50 94 28 141 524
internal_value=-0.00227195 -0.000777251 0.00170382 -0.000435606 0.0015 -0.00182615
internal_weight=1742 1054 313 263 169 741
internal_count=1742 1054 313 263 169 741
is_linear=0
shrinkage=0.05


Tree=88
num_leaves=7
num_cat=0
split_feature=1 2 2 3 0 2
split_gain=1.56748 1.10438 0.374627 0.370306 0.531634 0.746746
threshold=0.28534000000000004 60417.000000000007 4552.5000000000009 1.0000000180025095e-35 0.026395000000000005 123241.00000000001
decision_type=2 2 2 2 2 2
left_child=-1 2 -2 -3 -5 -6
right_child=1 3 -4 4 5 -7
leaf_value=-0.0049901186514336605 -0.0048717949443902731 -0.0047566372472628033 0.00019677977389214504 -0.0049600000739097594 -0.0049425288092816017 0.00057970994660531841
leaf_weight=505 38 225 558 124 86 206
leaf_count=505 38 225 558 124 86 206
internal_value=-0.00264487 -0.00168417 -0.000134004 -0.00312305 -0.00223022 -0.00105802
internal_weight=1742 1237 596 641 416 292
internal_count=1742 1237 596 641 416 292
is_linear=0
shrinkage=0.05


Tree=89
num_leaves=7
num_cat=0
split_feature=1 2 2 2 2 2
split_gain=1.63759 0.795379 0.936964 0.43569 0.740346 0.639887
threshold=0.33150500000000011 12378.000000000002 11576.500000000002 17951.000000000004 45444.500000000007 37288.000000000007
decision_type=2 2 2 2 2 2
left_child=-1 2 -2 -3 5 -5
right_child=1 3 -4 4 -6 -7
leaf_value=-0.0049017857906541659 -0.00052777795121073724 -0.0049017857906541659 0.0076136360114270997 -0.00053097362407540855 -0.0025145773892630294 0.0069736838732895106
leaf_weight=559 179 127 43 112 685 37
leaf_count=559 179 127 43 112 685 37
internal_value=-0.00267355 -0.0016174 0.00107623 -0.00224012 -0.00182036 0.00136667
internal_weight=1742 1183 222 961 834 149
internal_count=1742 1183 222 961 834 149
is_linear=0
shrinkage=0.05


Tree=90
num_leaves=7
num_cat=0
split_feature=0 2 2 2 2 2
split_gain=2.0058 0.55931 0.42193 2.53661 0.256154 1.075
threshold=0.024500000000000004 584181.50000000012 312300.00000000006 284077.50000000006 209711.50000000003 197890.00000000003
decision_type=2 2 2 2 2 2
left_child=-1 2 3 4 5 -2
right_child=1 -3 -4 -5 -6 -7
leaf_value=-0.0044847606082483371 -0.0016239893680433379 0.0046428568572515535 -0.004421052717064557 0.012285713830164502 -0.0038947369393549469 0.0058823526270833674
leaf_weight=688 741 41 94 34 94 50
leaf_count=688 741 41 94 34 94 50
internal_value=-0.00238669 -0.00101422 -0.00124753 -0.000918478 -0.00143905 -0.00114268
internal_weight=1742 1054 1013 919 885 791
internal_count=1742 1054 1013 919 885 791
is_linear=0
shrinkage=0.05


Tree=91
num_leaves=7
num_cat=0
split_feature=1 2 2 0 2 2
split_gain=1.46487 0.730685 0.371951 0.788064 0.331539 0.372676
threshold=0.34923000000000004 60417.000000000007 381882.50000000006 0.055305000000000007 55628.500000000007 45444.500000000007
decision_type=2 2 2 2 2 2
left_child=-1 4 -3 -4 5 -2
right_child=1 2 3 -5 -6 -7
leaf_value=-0.0048183391785900078 -0.00027663952396174922 -0.0035523615027844785 -0.0041666667569767342 0.0038596488535404209 0.0051999997049570089 -0.0048183391785900078
leaf_weight=577 487 486 65 56 24 47
leaf_count=577 487 486 65 56 24 47
internal_value=-0.00275961 -0.00173671 -0.00293586 -0.00045082 -0.000429338 -0.000691589
internal_weight=1742 1165 607 121 558 534
internal_count=1742 1165 607 121 558 534
is_linear=0
shrinkage=0.05


Tree=92
num_leaves=7
num_cat=0
split_feature=0 2 2 2 2 2
split_gain=1.8975 0.506523 1.05145 2.34432 0.439226 0.583095
threshold=0.024500000000000004 326041.50000000006 244286.50000000003 272834.00000000006 60417.000000000007 123241.00000000001
decision_type=2 2 2 2 2 2
left_child=-1 2 4 -4 -2 -6
right_child=1 -3 3 -5 5 -7
leaf_value=-0.0044847606082483371 -0.00038533852316607214 -0.0041393443545112846 0.019047618444476808 -1.8364107105093944e-10 -0.0044847606082483371 -0.00059375017182901509
leaf_weight=688 531 121 20 70 153 159
leaf_count=688 531 121 20 70 153 159
internal_value=-0.00244406 -0.001109 -0.000711992 0.0043956 -0.00126185 -0.0027476
internal_weight=1742 1054 933 90 843 312
internal_count=1742 1054 933 90 843 312
is_linear=0
shrinkage=0.05


Tree=93
num_leaves=7
num_cat=0
split_feature=0 2 2 2 3 2
split_gain=2.06107 0.251312 0.774441 0.236547 1.94617 0.526362
threshold=0.024500000000000004 4552.5000000000009 5501.0000000000009 312300.00000000006 1.0000000180025095e-35 584181.50000000012
decision_type=2 2 2 2 2 2
left_child=-1 -2 -3 -4 -5 -6
right_child=1 2 3 4 5 -7
leaf_value=-0.0044847606082483371 -0.0044847606082483371 0.0082608692024065105 -0.001327124719829998 0.012413792646136778 -0.0044847606082483371 0.002261904529517605
leaf_weight=688 39 22 858 28 66 41
leaf_count=688 39 22 858 28 66 41
internal_value=-0.002358 -0.000966825 -0.000812008 -0.00102113 0.000919117 -0.00217593
internal_weight=1742 1054 1015 993 135 107
internal_count=1742 1054 1015 993 135 107
is_linear=0
shrinkage=0.05


Tree=94
num_leaves=7
num_cat=0
split_feature=1 2 2 2 2 2
split_gain=1.34534 0.975417 0.335218 0.374876 0.348566 0.375131
threshold=0.28534000000000004 60417.000000000007 55628.500000000007 45444.500000000007 4552.5000000000009 9568.5000000000018
decision_type=2 2 2 2 2 2
left_child=-1 2 3 4 -2 -6
right_child=1 -3 -4 -5 5 -7
leaf_value=-0.0049901186514336605 -0.0048717949443902731 -0.0032788163120640772 0.0051999997049570089 -0.0048979592566587493 0.0025663714394368962 -0.00072000016967455548
leaf_weight=505 38 641 24 48 112 374
leaf_count=505 38 641 24 48 112 374
internal_value=-0.00281698 -0.00192649 -0.000469012 -0.000715532 -0.00032381 4.10676e-05
internal_weight=1742 1237 596 572 524 486
internal_count=1742 1237 596 572 524 486
is_linear=0
shrinkage=0.05


Tree=95
num_leaves=7
num_cat=0
split_feature=1 2 2 2 2 2
split_gain=1.49156 0.674345 0.402071 0.816255 1.03021 0.593813
threshold=0.28534000000000004 60417.000000000007 123241.00000000001 209711.50000000003 200574.00000000003 155542.00000000003
decision_type=2 2 2 2 2 2
left_child=-1 -2 -3 4 5 -4
right_child=1 2 3 -5 -6 -7
leaf_value=-0.0049901186514336605 -0.00055276399269275727 -0.004970760307988229 0.006590908765792847 -0.0033913044577491454 0.011136363209648566 -0.0026162791953876965
leaf_weight=505 596 170 21 344 21 85
leaf_count=505 596 170 21 344 21 85
internal_value=-0.00270224 -0.00176494 -0.00288941 -0.00212924 0.00128906 -0.000747664
internal_weight=1742 1237 641 471 127 106
internal_count=1742 1237 641 471 127 106
is_linear=0
shrinkage=0.05


Tree=96
num_leaves=7
num_cat=0
split_feature=1 2 2 2 0 2
split_gain=1.52929 0.630116 0.433039 0.682541 0.371758 0.820411
threshold=0.28534000000000004 60417.000000000007 123241.00000000001 155542.00000000003 0.024985000000000004 584181.50000000012
decision_type=2 2 2 2 2 2
left_child=-1 -2 -3 -4 -5 -6
right_child=1 2 3 4 5 -7
leaf_value=-0.0049901186514336605 -0.00055276399269275727 -0.004970760307988229 0.006590908765792847 -0.0049549550287895372 -0.002500000129768391 0.0051249997038394215
leaf_weight=505 596 170 21 110 301 39
leaf_count=505 596 170 21 110 301 39
internal_value=-0.00267355 -0.00172456 -0.00281153 -0.00202331 -0.00243902 -0.0016129
internal_weight=1742 1237 641 471 450 340
internal_count=1742 1237 641 471 450 340
is_linear=0
shrinkage=0.05


Tree=97
num_leaves=7
num_cat=0
split_feature=0 2 2 2 2 2
split_gain=2.40842 1.26213 3.46911 0.324485 0.502382 0.622332
threshold=0.024500000000000004 284077.50000000006 326041.50000000006 66734.500000000015 123241.00000000001 155542.00000000003
decision_type=2 2 2 2 2 2
left_child=-1 3 -3 -2 -5 -6
right_child=1 2 -4 4 5 -7
leaf_value=-0.0044847606082483371 -0.00067889925331697564 0.014489795412031973 -0.0012704919596187405 -0.0044847606082483371 0.007142856805807069 -0.0019505495921923563
leaf_weight=688 544 48 121 140 20 181
leaf_count=688 544 48 121 140 20 181
internal_value=-0.00218589 -0.000682465 0.00326471 -0.00143905 -0.0026462 -0.00101485
internal_weight=1742 1054 169 885 341 201
internal_count=1742 1054 169 885 341 201
is_linear=0
shrinkage=0.05


Tree=98
num_leaves=7
num_cat=0
split_feature=0 2 2 2 2 2
split_gain=1.65036 0.505834 0.510036 0.667468 0.416635 0.360481
threshold=0.020995000000000003 66734.500000000015 123241.00000000001 209711.50000000003 584181.50000000012 4552.5000000000009
decision_type=2 2 2 2 2 2
left_child=-1 5 -3 -4 -5 -2
right_child=1 2 3 4 -6 -7
leaf_value=-0.0046028038214114596 -0.0046028038214114596 -0.0046028038214114596 0.0017410712050540105 -0.0036909872274286243 0.0014893614865363913 -1.8590700145875194e-10
leaf_weight=641 40 152 111 232 46 520
leaf_count=641 40 152 111 232 46 520
internal_value=-0.00258749 -0.00141107 -0.0025 -0.00152564 -0.00283154 -0.000356506
internal_weight=1742 1101 541 389 278 560
internal_count=1742 1101 541 389 278 560
is_linear=0
shrinkage=0.05


Tree=99
num_leaves=7
num_cat=0
split_feature=0 2 2 2 0 2
split_gain=2.46893 2.17549 3.79959 0.511292 0.429012 0.409826
threshold=0.024500000000000004 349638.00000000006 442826.00000000006 66734.500000000015 0.13481500000000005 123241.00000000001
decision_type=2 2 2 2 2 2
left_child=-1 3 -3 -2 -4 -5
right_child=1 2 4 5 -6 -7
leaf_value=-0.0044847606082483371 -0.00040366990167066592 0.018815788871755727 -0.0037777778754631685 -0.0044847606082483371 0.0041071425857288502 -0.0015589355119280943
leaf_weight=688 544 37 44 140 27 262
leaf_count=688 544 37 44 140 27 262
internal_value=-0.0021572 -0.000635071 0.00605505 -0.00140444 -0.000763889 -0.00275434
internal_weight=1742 1054 108 946 71 402
internal_count=1742 1054 108 946 71 402
is_linear=0
shrinkage=0.05


Tree=100
num_leaves=7
num_cat=0
split_feature=0 2 2 2 2 2
split_gain=1.74581 0.730162 3.13957 0.410334 0.650688 0.633743
threshold=0.020995000000000003 272834.00000000006 244286.50000000003 66734.500000000015 123241.00000000001 209711.50000000003
decision_type=2 2 2 2 2 2
left_child=-1 2 3 -2 -5 -6
right_child=1 -3 -4 4 5 -7
leaf_value=-0.0046028038214114596 -0.00035650641682313729 -0.0040048544647768866 0.017954544875432143 -0.0046028038214114596 0.0017410712050540105 -0.0046028038214114596
leaf_weight=641 560 205 21 152 111 52
leaf_count=641 560 205 21 152 111 52
internal_value=-0.00253012 -0.00132033 -0.000702341 -0.00117009 -0.00261076 -0.000396342
internal_weight=1742 1101 896 875 315 163
internal_count=1742 1101 896 875 315 163
is_linear=0
shrinkage=0.05


Tree=101
num_leaves=7
num_cat=0
split_feature=0 2 2 2 3 2
split_gain=1.8975 0.816813 0.700638 1.93726 0.726869 0.544593
threshold=0.024500000000000004 60417.000000000007 17951.000000000004 22520.500000000004 1.0000000180025095e-35 27900.500000000004
decision_type=2 2 2 2 2 2
left_child=-1 2 4 -4 -2 -5
right_child=1 -3 3 5 -6 -7
leaf_value=-0.0044847606082483371 -0.0028738318968599091 -0.0025095421145492382 0.014821428060531617 -0.0044847606082483371 0.001951219283831798 0.0020740738428301282
leaf_weight=688 213 523 27 35 122 134
leaf_count=688 213 523 27 35 122 134
internal_value=-0.00244406 -0.001109 0.000272556 0.00263959 -0.00111607 0.000617647
internal_weight=1742 1054 531 196 335 169
internal_count=1742 1054 531 196 335 169
is_linear=0
shrinkage=0.05


Tree=102
num_leaves=7
num_cat=0
split_feature=0 2 2 2 2 2
split_gain=1.74581 0.486324 0.685721 0.655498 0.641278 0.281843
threshold=0.020995000000000003 14170.500000000002 11576.500000000002 12378.000000000002 13475.500000000002 4552.5000000000009
decision_type=2 2 2 2 2 2
left_child=-1 2 5 -4 -5 -2
right_child=1 -3 3 4 -6 -7
leaf_value=-0.0046028038214114596 -0.0046028038214114596 -0.0019216868900750056 0.0088749996200203889 -0.0046028038214114596 0.006590908765792847 -0.00017123305787370631
leaf_weight=641 40 829 39 27 21 145
leaf_count=641 40 829 39 27 21 145
internal_value=-0.00253012 -0.00132033 0.00051282 0.00414773 0.000204081 -0.00120968
internal_weight=1742 1101 272 87 48 185
internal_count=1742 1101 272 87 48 185
is_linear=0
shrinkage=0.05


Tree=103
num_leaves=7
num_cat=0
split_feature=0 2 2 2 2 2
split_gain=2.53019 0.938025 2.00827 0.872609 3.00383 0.84849
threshold=0.024500000000000004 197890.00000000003 209711.50000000003 284077.50000000006 312300.00000000006 584181.50000000012
decision_type=2 2 2 2 2 2
left_child=-1 -2 -3 -4 -5 -6
right_child=1 2 3 4 5 -7
leaf_value=-0.0044847606082483371 -0.0015566039248055847 0.010784313301829732 -0.0038947369393549469 0.01514285662344524 -0.0038947369393549469 0.0046428568572515535
leaf_weight=688 741 50 94 34 94 41
leaf_count=688 741 50 94 34 94 41
internal_value=-0.00212851 -0.000587678 0.00170382 -5.68184e-05 0.00208824 -0.00128676
internal_weight=1742 1054 313 263 169 135
internal_count=1742 1054 313 263 169 135
is_linear=0
shrinkage=0.05


Tree=104
num_leaves=7
num_cat=0
split_feature=0 2 2 2 2 2
split_gain=1.65036 0.505834 0.510036 0.612774 0.413066 1.25171
threshold=0.020995000000000003 66734.500000000015 123241.00000000001 155542.00000000003 27900.500000000004 28700.000000000004
decision_type=2 2 2 2 2 2
left_child=-1 4 -3 -4 -2 -6
right_child=1 2 3 -5 5 -7
leaf_value=-0.0046028038214114596 -0.0011887256494339776 -0.0046028038214114596 0.006590908765792847 -0.0020054201951356441 0.012608695192181546 -3.7878971885551108e-05
leaf_weight=641 407 152 21 368 22 131
leaf_count=641 407 152 21 368 22 131
internal_value=-0.00258749 -0.00141107 -0.0025 -0.00152564 -0.000356506 0.00185065
internal_weight=1742 1101 541 389 560 153
internal_count=1742 1101 541 389 560 153
is_linear=0
shrinkage=0.05


Tree=105
num_leaves=7
num_cat=0
split_feature=1 2 2 0 2 2
split_gain=1.84795 0.421525 0.691982 0.609396 1.12098 2.11834
threshold=0.28534000000000004 45444.500000000007 37288.000000000007 0.024985000000000004 312300.00000000006 349638.00000000006
decision_type=2 2 2 2 2 2
left_child=-1 2 -2 -3 -5 -6
right_child=1 3 -4 4 5 -7
leaf_value=-0.0049901186514336605 -0.00085743818324336338 -0.004967742009508995 0.0058333330211185275 -0.0026573427837767523 0.014821428060531617 -0.00066666683625607264
leaf_weight=505 483 154 41 428 27 104
leaf_count=505 483 154 41 428 27 104
internal_value=-0.00244406 -0.00140145 -0.00032381 -0.00219188 -0.00141964 0.00261364
internal_weight=1742 1237 524 713 559 131
internal_count=1742 1237 524 713 559 131
is_linear=0
shrinkage=0.05


Tree=106
num_leaves=7
num_cat=0
split_feature=1 2 2 2 3 2
split_gain=1.3812 0.834772 0.309008 0.605468 0.373573 0.547984
threshold=0.28534000000000004 66734.500000000015 4552.5000000000009 9568.5000000000018 1.0000000180025095e-35 9208.5000000000018
decision_type=2 2 2 2 2 2
left_child=-1 2 -2 4 5 -4
right_child=1 -3 3 -5 -6 -7
leaf_value=-0.0049901186514336605 -0.0048717949443902731 -0.003163752102534419 -0.00064285731209175927 -0.0010760871183289134 0.0088636359877207072 0.0082608692024065105
leaf_weight=505 38 628 69 459 21 22
leaf_count=505 38 628 69 459 21 22
internal_value=-0.0027883 -0.00188611 -0.000565574 -0.000270979 0.00300885 0.00157609
internal_weight=1742 1237 609 571 112 91
internal_count=1742 1237 609 571 112 91
is_linear=0
shrinkage=0.05


Tree=107
num_leaves=7
num_cat=0
split_feature=0 2 2 2 2 2
split_gain=2.20086 2.91914 3.27293 0.63896 0.303424 0.829152
threshold=0.024500000000000004 349638.00000000006 442826.00000000006 584181.50000000012 209711.50000000003 197890.00000000003
decision_type=2 2 2 2 2 2
left_child=-1 4 -3 -4 5 -2
right_child=1 2 3 -5 -6 -7
leaf_value=-0.00441219166937691 -0.0016913748112810914 0.018815788871755727 -0.00441219166937691 0.0046428568572515535 -0.0036858975385817201 0.0049019604921340942
leaf_weight=688 741 37 30 41 155 50
leaf_count=688 741 37 30 41 155 50
internal_value=-0.00221457 -0.000777251 0.00697248 0.000625 -0.00166843 -0.00126894
internal_weight=1742 1054 108 71 946 791
internal_count=1742 1054 108 71 946 791
is_linear=0
shrinkage=0.05


Tree=108
num_leaves=7
num_cat=0
split_feature=1 2 2 2 0 2
split_gain=2.15134 0.912195 0.581706 0.38789 0.365636 0.584496
threshold=0.28534000000000004 19676.000000000004 4552.5000000000009 5501.0000000000009 0.024500000000000004 244286.50000000003
decision_type=2 2 2 2 2 2
left_child=-1 2 -2 -4 -3 -6
right_child=1 4 3 -5 5 -7
leaf_value=-0.0049901186514336605 -0.0048717949443902731 -0.0040935673451388786 0.0077083329825351644 0.0011093747895210982 -0.0024737946798466539 0.00068396206347728678
leaf_weight=505 38 170 23 319 476 211
leaf_count=505 38 170 23 319 476 211
internal_value=-0.00224326 -0.00111874 0.000918635 0.00157434 -0.00202214 -0.00150436
internal_weight=1742 1237 380 342 857 687
internal_count=1742 1237 380 342 857 687
is_linear=0
shrinkage=0.05


Tree=109
num_leaves=7
num_cat=0
split_feature=1 2 2 2 0 3
split_gain=1.84795 0.743706 0.469179 0.649678 0.440709 0.573117
threshold=0.28534000000000004 66734.500000000015 123241.00000000001 155542.00000000003 0.024985000000000004 1.0000000180025095e-35
decision_type=2 2 2 2 2 2
left_child=-1 -2 -3 -4 -5 -6
right_child=1 2 3 4 5 -7
leaf_value=-0.0049901186514336605 -0.00015573788739618711 -0.0049683545044139979 0.006590908765792847 -0.0049549550287895372 -0.0038518519506410319 0.0003381640582844831
leaf_weight=505 609 157 21 110 134 206
leaf_count=505 609 157 21 110 134 206
internal_value=-0.00244406 -0.00140145 -0.00260731 -0.00181144 -0.0022173 -0.00131965
internal_weight=1742 1237 628 471 450 340
internal_count=1742 1237 628 471 450 340
is_linear=0
shrinkage=0.05


Tree=110
num_leaves=7
num_cat=0
split_feature=0 2 2 2 2 2
split_gain=2.20086 0.275674 0.232061 0.322373 0.267493 3.14342
threshold=0.024500000000000004 4552.5000000000009 9568.5000000000018 9208.5000000000018 244286.50000000003 272834.00000000006
decision_type=2 2 2 2 2 2
left_child=-1 -2 3 -3 -4 -6
right_child=1 2 4 -5 5 -7
leaf_value=-0.00441219166937691 -0.00441219166937691 0.00022988486820938944 -0.0013447784105894052 0.007142856805807069 0.019047618444476808 -0.0013281251556084804
leaf_weight=688 39 86 698 20 20 191
leaf_count=688 39 86 698 20 20 191
internal_value=-0.00221457 -0.000777251 -0.000615158 0.00158878 -0.000873627 0.000683962
internal_weight=1742 1054 1015 106 909 211
internal_count=1742 1054 1015 106 909 211
is_linear=0
shrinkage=0.05


Tree=111
num_leaves=7
num_cat=0
split_feature=0 2 2 2 2 2
split_gain=2.25873 0.282194 0.458436 1.19614 0.382686 0.378878
threshold=0.024500000000000004 4552.5000000000009 12378.000000000002 11576.500000000002 9568.5000000000018 9208.5000000000018
decision_type=2 2 2 2 2 2
left_child=-1 -2 3 4 5 -3
right_child=1 2 -4 -5 -6 -7
leaf_value=-0.00441219166937691 -0.00441219166937691 -0.0003448277626229429 -0.0010560860812912976 0.0096052627618375581 -0.00441219166937691 0.007142856805807069
leaf_weight=688 39 86 837 37 35 20
leaf_count=688 39 86 837 37 35 20
internal_value=-0.00218589 -0.000729858 -0.000565945 0.00173184 -0.000387324 0.0011215
internal_weight=1742 1054 1015 178 141 106
internal_count=1742 1054 1015 178 141 106
is_linear=0
shrinkage=0.05


Tree=112
num_leaves=7
num_cat=0
split_feature=1 2 2 0 2 2
split_gain=2.15134 0.445581 0.652124 1.01959 0.627874 0.561302
threshold=0.28534000000000004 60417.000000000007 123241.00000000001 0.026395000000000005 209711.50000000003 55628.500000000007
decision_type=2 2 2 2 2 2
left_child=-1 5 -3 -4 -5 -2
right_child=1 2 3 4 -6 -7
leaf_value=-0.0049901186514336605 -0.00045375235729816699 -0.0046783626537051119 -0.0046126761381894768 0.0040449435456415238 -0.00086419769704587179 0.0071999996602535258
leaf_weight=505 572 170 141 88 242 24
leaf_count=505 572 170 141 88 242 24
internal_value=-0.00224326 -0.00111874 -0.00203271 -0.00106992 0.000453172 -0.000134004
internal_weight=1742 1237 641 471 330 596
internal_count=1742 1237 641 471 330 596
is_linear=0
shrinkage=0.05


Tree=113
num_leaves=7
num_cat=0
split_feature=0 2 2 2 2 2
split_gain=2.25873 0.643121 2.95422 0.477694 0.422059 0.498158
threshold=0.024500000000000004 284077.50000000006 326041.50000000006 584181.50000000012 66734.500000000015 123241.00000000001
decision_type=2 2 2 2 2 2
left_child=-1 4 -3 -4 -2 -6
right_child=1 2 3 -5 5 -7
leaf_value=-0.00441219166937691 -0.00040366990167066592 0.012448979131117159 -0.0043209877417043404 0.002261904529517605 -0.00441219166937691 -0.0010148516478072299
leaf_weight=688 544 48 80 41 140 201
leaf_count=688 544 48 80 41 140 201
internal_value=-0.00218589 -0.000729858 0.00208824 -0.00209016 -0.00126975 -0.0026462
internal_weight=1742 1054 169 121 885 341
internal_count=1742 1054 169 121 885 341
is_linear=0
shrinkage=0.05


Tree=114
num_leaves=7
num_cat=0
split_feature=1 2 2 2 2 2
split_gain=1.56748 1.00258 0.357886 0.348479 0.397051 0.656312
threshold=0.28534000000000004 66734.500000000015 4552.5000000000009 9568.5000000000018 11926.000000000002 12378.000000000002
decision_type=2 2 2 2 2 2
left_child=-1 2 -2 -4 -5 -6
right_child=1 -3 3 4 5 -7
leaf_value=-0.0049901186514336605 -0.0048717949443902731 -0.0030842608483493423 0.0025663714394368962 -0.0041538462443993637 0.0082608692024065105 -0.00044117664649365418
leaf_weight=505 38 628 112 64 22 373
leaf_count=505 38 628 112 64 22 373
internal_value=-0.00264487 -0.00168417 -0.000237705 7.86711e-05 -0.000532609 6.31311e-05
internal_weight=1742 1237 609 571 459 395
internal_count=1742 1237 609 571 459 395
is_linear=0
shrinkage=0.05


Tree=115
num_leaves=7
num_cat=0
split_feature=1 2 2 2 2 3
split_gain=1.64528 0.691609 0.407624 0.958681 0.950275 1.30368
threshold=0.28534000000000004 66734.500000000015 123241.00000000001 209711.50000000003 200574.00000000003 1.0000000180025095e-35
decision_type=2 2 2 2 2 2
left_child=-1 -2 -3 4 5 -4
right_child=1 2 3 -5 -6 -7
leaf_value=-0.0049901186514336605 -0.00040163952124411939 -0.0049683545044139979 -0.0049206349939580948 -0.0033913044577491454 0.011136363209648566 0.0062222219010194145
leaf_weight=505 609 157 62 344 21 44
leaf_count=505 609 157 62 344 21 44
internal_value=-0.00258749 -0.00160339 -0.0027663 -0.00202331 0.00167969 -0.000280374
internal_weight=1742 1237 628 471 127 106
internal_count=1742 1237 628 471 127 106
is_linear=0
shrinkage=0.05


Tree=116
num_leaves=7
num_cat=0
split_feature=1 2 2 2 2 2
split_gain=1.60615 0.839902 0.429299 2.03519 0.345339 0.256072
threshold=0.28534000000000004 66734.500000000015 584181.50000000012 790013.00000000012 4552.5000000000009 9568.5000000000018
decision_type=2 2 2 2 2 2
left_child=-1 4 -3 -4 -2 -6
right_child=1 2 3 -5 5 -7
leaf_value=-0.0049901186514336605 -0.0048717949443902731 -0.0033839286817237734 0.013409090431576426 -0.0048979592566587493 0.0021238935732208523 -0.0005326088696070339
leaf_weight=505 38 559 21 48 112 459
leaf_count=505 38 559 21 48 112 459
internal_value=-0.00261618 -0.00164378 -0.00292528 0.000785714 -0.000319672 -8.74144e-06
internal_weight=1742 1237 628 69 609 571
internal_count=1742 1237 628 69 609 571
is_linear=0
shrinkage=0.05


Tree=117
num_leaves=7
num_cat=0
split_feature=1 2 2 2 0 2
split_gain=1.60615 0.738907 0.378433 0.699268 0.339428 0.333011
threshold=0.28534000000000004 66734.500000000015 123241.00000000001 155542.00000000003 0.024985000000000004 4552.5000000000009
decision_type=2 2 2 2 2 2
left_child=-1 5 -3 -4 -5 -2
right_child=1 2 3 4 -6 -7
leaf_value=-0.0049901186514336605 -0.0048717949443902731 -0.0049683545044139979 0.006590908765792847 -0.0049549550287895372 -0.0017595309381785631 -9.6154029943517868e-05
leaf_weight=505 38 157 21 110 340 571
leaf_count=505 38 157 21 110 340 571
internal_value=-0.00261618 -0.00164378 -0.00284579 -0.00212924 -0.00254989 -0.00040164
internal_weight=1742 1237 628 471 450 609
internal_count=1742 1237 628 471 450 609
is_linear=0
shrinkage=0.05


Tree=118
num_leaves=7
num_cat=0
split_feature=0 2 2 2 2 2
split_gain=2.55929 1.97263 3.71537 2.8393 0.715394 0.356106
threshold=0.024500000000000004 284077.50000000006 442826.00000000006 349638.00000000006 66734.500000000015 4552.5000000000009
decision_type=2 2 2 2 2 2
left_child=-1 4 3 -3 5 -2
right_child=1 2 -4 -5 -6 -7
leaf_value=-0.00441219166937691 -0.00441219166937691 0.0039516126316401267 -0.0042361112001041571 0.021447367760303773 -0.0032309942655483186 4.9406927623767629e-05
leaf_weight=688 39 61 71 37 341 505
leaf_count=688 39 61 71 37 341 505
internal_value=-0.00204246 -0.000492891 0.00444118 0.0107071 -0.00143905 -0.000311927
internal_weight=1742 1054 169 98 885 544
internal_count=1742 1054 169 98 885 544
is_linear=0
shrinkage=0.05


Tree=119
num_leaves=7
num_cat=0
split_feature=1 2 2 0 2 2
split_gain=1.93229 0.433088 0.670799 0.640671 0.606964 0.768769
threshold=0.28534000000000004 45444.500000000007 37288.000000000007 0.024985000000000004 123241.00000000001 272834.00000000006
decision_type=2 2 2 2 2 2
left_child=-1 2 -2 -3 -5 -6
right_child=1 3 -4 4 5 -7
leaf_value=-0.0049901186514336605 -0.0007541324004284607 -0.004967742009508995 0.0058333330211185275 -0.0035049020677951036 0.0023391810490896825 -0.002299465374513106
leaf_weight=505 483 154 41 203 170 186
leaf_count=505 483 154 41 203 170 186
internal_value=-0.00238669 -0.00132068 -0.000228572 -0.00212185 -0.00133036 -8.40338e-05
internal_weight=1742 1237 524 713 559 356
internal_count=1742 1237 524 713 559 356
is_linear=0
shrinkage=0.05


Tree=120
num_leaves=7
num_cat=0
split_feature=1 2 2 2 2 2
split_gain=2.1066 0.959024 0.499106 0.510439 0.866094 0.716935
threshold=0.28534000000000004 60417.000000000007 55628.500000000007 45444.500000000007 27900.500000000004 28700.000000000004
decision_type=2 2 2 2 2 2
left_child=-1 2 3 4 -2 -6
right_child=1 -3 -4 -5 5 -7
leaf_value=-0.0049901186514336605 -0.000453514914934327 -0.002500000130095029 0.0071999996602535258 -0.0048979592566587493 0.012608695192181546 0.0022222219892437498
leaf_weight=505 440 641 24 48 22 62
leaf_count=505 440 641 24 48 22 62
internal_value=-0.00227195 -0.00115913 0.000284757 -1.74522e-05 0.000438095 0.00505882
internal_weight=1742 1237 596 572 524 84
internal_count=1742 1237 596 572 524 84
is_linear=0
shrinkage=0.05


Tree=121
num_leaves=7
num_cat=0
split_feature=0 2 2 2 2 2
split_gain=2.87856 1.50784 2.59199 0.89563 1.83827 0.888311
threshold=0.024500000000000004 244286.50000000003 326041.50000000006 272834.00000000006 284077.50000000006 584181.50000000012
decision_type=2 2 2 2 2 2
left_child=-1 -2 3 -3 -5 -4
right_child=1 2 5 4 -6 -7
leaf_value=-0.00441219166937691 -0.0012026067942345594 0.019047618444476808 -0.0043209877417043404 -0.00441219166937691 0.012448979131117159 0.0046428568572515535
leaf_weight=688 843 20 80 22 48 41
leaf_count=688 843 20 80 22 48 41
internal_value=-0.00189902 -0.000255924 0.00351415 0.00989011 0.00704225 -0.00127049
internal_weight=1742 1054 211 90 70 121
internal_count=1742 1054 211 90 70 121
is_linear=0
shrinkage=0.05


Tree=122
num_leaves=7
num_cat=0
split_feature=1 2 2 0 2 2
split_gain=1.97517 0.973585 1.49666 1.46192 0.940278 0.396831
threshold=0.28534000000000004 209711.50000000003 197890.00000000003 0.026395000000000005 66734.500000000015 4552.5000000000009
decision_type=2 2 2 2 2 2
left_child=-1 2 4 -4 5 -2
right_child=1 -3 3 -5 -6 -7
leaf_value=-0.0049901186514336605 -0.0048717949443902731 -0.0035362319907416475 -0.0028846154992397018 0.012159090455282819 -0.0038248848925400442 0.00034090889735030128
leaf_weight=505 38 344 25 43 216 571
leaf_count=505 38 344 25 43 216 571
internal_value=-0.002358 -0.00128029 -0.000408278 0.00666667 -0.00099879 8.19654e-06
internal_weight=1742 1237 893 68 825 609
internal_count=1742 1237 893 68 825 609
is_linear=0
shrinkage=0.05


Tree=123
num_leaves=7
num_cat=0
split_feature=1 2 2 2 2 2
split_gain=1.56748 1.37323 0.396831 0.303573 0.782032 0.359582
threshold=0.28534000000000004 66734.500000000015 4552.5000000000009 19676.000000000004 17370.500000000004 14170.500000000002
decision_type=2 2 2 2 2 2
left_child=-1 2 -2 4 5 -4
right_child=1 -3 3 -5 -6 -7
leaf_value=-0.0049901186514336605 -0.0048717949443902731 -0.0033227346109045708 0.0012449797063347806 -0.0010652175529495529 0.0079487175895617563 -0.0031578948492543739
leaf_weight=505 38 628 248 229 38 56
leaf_count=505 38 628 248 229 38 56
internal_value=-0.00264487 -0.00168417 8.19654e-06 0.000340909 0.0012828 0.000426229
internal_weight=1742 1237 609 571 342 304
internal_count=1742 1237 609 571 342 304
is_linear=0
shrinkage=0.05


Tree=124
num_leaves=7
num_cat=0
split_feature=1 2 2 2 2 2
split_gain=1.52929 0.7373 0.429299 2.03519 0.320901 0.26536
threshold=0.28534000000000004 66734.500000000015 584181.50000000012 790013.00000000012 4552.5000000000009 14170.500000000002
decision_type=2 2 2 2 2 2
left_child=-1 4 -3 -4 -2 -6
right_child=1 2 3 -5 5 -7
leaf_value=-0.0049901186514336605 -0.0048717949443902731 -0.0033839286817237734 0.013409090431576426 -0.0048979592566587493 0.0010441764979716767 -0.0011265433703859648
leaf_weight=505 38 559 21 48 248 323
leaf_count=505 38 559 21 48 248 323
internal_value=-0.00267355 -0.00172456 -0.00292528 0.000785714 -0.000483607 -0.000183567
internal_weight=1742 1237 628 69 609 571
internal_count=1742 1237 628 69 609 571
is_linear=0
shrinkage=0.05


Tree=125
num_leaves=7
num_cat=0
split_feature=1 2 2 0 2 3
split_gain=1.76547 0.57076 0.670799 0.520194 0.559168 1.91001
threshold=0.28534000000000004 45444.500000000007 37288.000000000007 0.024985000000000004 284077.50000000006 1.0000000180025095e-35
decision_type=2 2 2 2 2 2
left_child=-1 2 -2 -3 -5 -6
right_child=1 3 -4 4 5 -7
leaf_value=-0.0049901186514336605 -0.0007541324004284607 -0.004967742009508995 0.0058333330211185275 -0.0027088608847388742 0.012413792646136778 -0.0017028986975766609
leaf_weight=505 483 154 41 394 28 137
leaf_count=505 483 154 41 394 28 137
internal_value=-0.00250143 -0.00148223 -0.000228572 -0.00240196 -0.0016875 0.000753012
internal_weight=1742 1237 524 713 559 165
internal_count=1742 1237 524 713 559 165
is_linear=0
shrinkage=0.05


Tree=126
num_leaves=7
num_cat=0
split_feature=1 2 2 2 2 0
split_gain=1.68487 0.841605 0.378433 0.699268 0.357886 0.339428
threshold=0.28534000000000004 66734.500000000015 123241.00000000001 155542.00000000003 4552.5000000000009 0.024985000000000004
decision_type=2 2 2 2 2 2
left_child=-1 4 -3 -4 -2 -5
right_child=1 2 3 5 -6 -7
leaf_value=-0.0049901186514336605 -0.0048717949443902731 -0.0049683545044139979 0.006590908765792847 -0.0049549550287895372 7.8671140974009802e-05 -0.0017595309381785631
leaf_weight=505 38 157 21 110 571 340
leaf_count=505 38 157 21 110 571 340
internal_value=-0.00255881 -0.001563 -0.00284579 -0.00212924 -0.000237705 -0.00254989
internal_weight=1742 1237 628 471 609 450
internal_count=1742 1237 628 471 609 450
is_linear=0
shrinkage=0.05


Tree=127
num_leaves=7
num_cat=0
split_feature=0 2 2 2 2 2
split_gain=2.34173 1.29921 3.70016 1.70691 2.45963 0.368796
threshold=0.024500000000000004 284077.50000000006 381882.50000000006 349638.00000000006 312300.00000000006 66734.500000000015
decision_type=2 2 2 2 2 2
left_child=-1 5 3 4 -3 -2
right_child=1 2 -4 -5 -6 -7
leaf_value=-0.0041944848527626305 -0.00040366990167066592 0.01514285662344524 -0.0037790698670717177 0.022291665989905597 -0.0041944848527626305 -0.0025000001298405277
leaf_weight=688 544 34 85 23 27 341
leaf_count=688 544 34 85 23 27 341
internal_value=-0.00192771 -0.000445498 0.00355882 0.0109412 0.00637097 -0.00121332
internal_weight=1742 1054 169 84 61 885
internal_count=1742 1054 169 84 61 885
is_linear=0
shrinkage=0.05


Tree=128
num_leaves=7
num_cat=0
split_feature=1 2 2 0 2 2
split_gain=1.65799 0.895925 1.55425 1.46192 0.853511 0.365443
threshold=0.27996000000000004 209711.50000000003 197890.00000000003 0.026395000000000005 66734.500000000015 4552.5000000000009
decision_type=2 2 2 2 2 2
left_child=-1 2 4 -4 5 -2
right_child=1 -3 3 -5 -6 -7
leaf_value=-0.0047900000788271427 -0.0047900000788271427 -0.0035404625343363411 -0.0028846154992397018 0.012159090455282819 -0.0038302753291545658 0.00013020814448181126
leaf_weight=499 38 345 25 43 217 575
leaf_count=499 38 345 25 43 217 575
internal_value=-0.002358 -0.00137862 -0.00054505 0.00666667 -0.0011432 -0.000187297
internal_weight=1742 1243 898 68 830 613
internal_count=1742 1243 898 68 830 613
is_linear=0
shrinkage=0.05


Tree=129
num_leaves=7
num_cat=0
split_feature=1 2 0 2 3 2
split_gain=1.6974 0.640204 0.614671 1.02828 0.504727 1.02307
threshold=0.27996000000000004 66734.500000000015 0.13481500000000005 584181.50000000012 1.0000000180025095e-35 272834.00000000006
decision_type=2 2 2 2 2 2
left_child=-1 -2 -3 4 -4 -6
right_child=1 2 3 -5 5 -7
leaf_value=-0.0047900000788271427 -0.00018729659871286213 -0.0036262377285131136 -0.0036262377285131136 0.0091999996155500419 0.0047761191127460396 -0.0036262377285131136
leaf_weight=499 613 403 75 24 66 62
leaf_count=499 613 403 75 24 66 62
internal_value=-0.00232932 -0.00133842 -0.00245642 -0.000372807 -0.00154412 0.000465116
internal_weight=1742 1243 630 227 203 128
internal_count=1742 1243 630 227 203 128
is_linear=0
shrinkage=0.05


Tree=130
num_leaves=7
num_cat=0
split_feature=1 2 2 2 2 2
split_gain=1.43123 0.991508 0.365443 0.318757 0.734992 0.288684
threshold=0.27996000000000004 66734.500000000015 4552.5000000000009 123241.00000000001 155542.00000000003 55628.500000000007
decision_type=2 2 2 2 2 2
left_child=-1 2 -2 -3 -5 -4
right_child=1 3 5 4 -6 -7
leaf_value=-0.0047900000788271427 -0.0047900000788271427 -0.0047900000788271427 -0.00016697606344833447 0.006590908765792847 -0.0027814570773253117 0.0043421049847414623
leaf_weight=499 38 157 538 21 452 37
leaf_count=499 38 157 538 21 452 37
internal_value=-0.00253012 -0.00161978 -0.000187297 -0.00301109 -0.00235232 0.000130208
internal_weight=1742 1243 613 630 473 575
internal_count=1742 1243 613 630 473 575
is_linear=0
shrinkage=0.05


Tree=131
num_leaves=7
num_cat=0
split_feature=1 2 2 2 2 0
split_gain=1.81838 0.493243 1.20861 0.417708 0.696899 0.607517
threshold=0.27996000000000004 442826.00000000006 381882.50000000006 66734.500000000015 123241.00000000001 0.026395000000000005
decision_type=2 2 2 2 2 2
left_child=-1 2 3 -2 -5 -6
right_child=1 -3 -4 4 5 -7
leaf_value=-0.0047900000788271427 -0.00026872982164838805 -0.0044811321598178938 0.010434782197294028 -0.0047900000788271427 -0.0044086022362593682 0.00031372529764970149
leaf_weight=499 613 105 22 157 92 254
leaf_count=499 613 105 22 157 92 254
internal_value=-0.00224326 -0.00121785 -0.000913082 -0.00114593 -0.0022123 -0.000951009
internal_weight=1742 1243 1138 1116 503 346
internal_count=1742 1243 1138 1116 503 346
is_linear=0
shrinkage=0.05


Tree=132
num_leaves=7
num_cat=0
split_feature=1 2 2 2 2 0
split_gain=1.43123 0.88177 0.35285 0.345633 0.717924 0.311644
threshold=0.27996000000000004 66734.500000000015 4552.5000000000009 123241.00000000001 155542.00000000003 0.024985000000000004
decision_type=2 2 2 2 2 2
left_child=-1 2 -2 -3 -5 -6
right_child=1 3 -4 4 5 -7
leaf_value=-0.0047900000788271427 -0.0047900000788271427 -0.0047900000788271427 4.3402590866511069e-05 0.006590908765792847 -0.0047900000788271427 -0.0019061585008835862
leaf_weight=499 38 157 575 21 112 340
leaf_count=499 38 157 575 21 112 340
internal_value=-0.00253012 -0.00161978 -0.00026873 -0.00293185 -0.00224684 -0.00267108
internal_weight=1742 1243 613 630 473 452
internal_count=1742 1243 613 630 473 452
is_linear=0
shrinkage=0.05


Tree=133
num_leaves=7
num_cat=0
split_feature=0 2 2 2 2 2
split_gain=2.58487 1.50784 2.59199 0.89563 1.83635 0.887792
threshold=0.024500000000000004 244286.50000000003 326041.50000000006 272834.00000000006 284077.50000000006 584181.50000000012
decision_type=2 2 2 2 2 2
left_child=-1 -2 3 -3 -5 -4
right_child=1 2 5 4 -6 -7
leaf_value=-0.0041944848527626305 -0.0012026067942345594 0.019047618444476808 -0.0041944848527626305 -0.0041944848527626305 0.012448979131117159 0.0046428568572515535
leaf_weight=688 843 20 80 22 48 41
leaf_count=688 843 20 80 22 48 41
internal_value=-0.00181297 -0.000255924 0.00351415 0.00989011 0.00704225 -0.00127049
internal_weight=1742 1054 211 90 70 121
internal_count=1742 1054 211 90 70 121
is_linear=0
shrinkage=0.05


Tree=134
num_leaves=7
num_cat=0
split_feature=1 2 0 2 2 2
split_gain=1.65799 0.685705 0.504178 0.683895 0.553338 0.706128
threshold=0.27996000000000004 66734.500000000015 0.026395000000000005 123241.00000000001 209711.50000000003 349638.00000000006
decision_type=2 2 2 2 2 2
left_child=-1 -2 -3 -4 -5 -6
right_child=1 2 3 4 5 -7
leaf_value=-0.0047900000788271427 -0.00018729659871286213 -0.0047074468885647492 -0.0047074468885647492 0.0029213480651378632 -0.0039236112083825799 0.0015499997809529306
leaf_weight=499 613 187 113 88 143 99
leaf_count=499 613 187 113 88 143 99
internal_value=-0.002358 -0.00137862 -0.00253566 -0.00161036 -0.000453172 -0.00168724
internal_weight=1742 1243 630 443 330 242
internal_count=1742 1243 630 443 330 242
is_linear=0
shrinkage=0.05


Tree=135
num_leaves=7
num_cat=0
split_feature=2 1 2 0 2 2
split_gain=1.316 1.15211 0.367114 0.27529 0.265832 0.322625
threshold=60417.000000000007 0.27996000000000004 4552.5000000000009 0.024985000000000004 55628.500000000007 45444.500000000007
decision_type=2 2 2 2 2 2
left_child=1 -1 -3 -2 5 -4
right_child=3 2 4 -5 -6 -7
leaf_value=-0.0044927537081322234 -0.0049881517330970246 -0.0044927537081322234 0.00031632633765741268 -0.0032461241443547634 0.0051999997049570089 -0.0039000000953674317
leaf_weight=206 421 38 489 515 24 49
leaf_count=206 421 38 489 515 24 49
internal_value=-0.00275961 -0.00127633 -0.00016639 -0.00403415 0.000159858 -7.42117e-05
internal_weight=1742 806 600 936 562 538
internal_count=1742 806 600 936 562 538
is_linear=0
shrinkage=0.05


Tree=136
num_leaves=7
num_cat=0
split_feature=1 2 2 0 2 2
split_gain=1.90133 0.436906 0.646842 1.03177 0.369251 0.297862
threshold=0.27996000000000004 60417.000000000007 123241.00000000001 0.026395000000000005 4552.5000000000009 790013.00000000012
decision_type=2 2 2 2 2 2
left_child=-1 4 -3 -4 -2 -5
right_child=1 2 3 5 -6 -7
leaf_value=-0.0047900000788271427 -0.0047900000788271427 -0.0046783626537051119 -0.0046180556373049816 0.00087947862204588968 0.00015985771457848288 -0.0046180556373049816
leaf_weight=499 38 170 143 306 562 24
leaf_count=499 38 170 143 306 562 24
internal_value=-0.00218589 -0.00113746 -0.00204193 -0.0010865 -0.00016639 0.000453172
internal_weight=1742 1243 643 473 600 330
internal_count=1742 1243 643 473 600 330
is_linear=0
shrinkage=0.05


Tree=137
num_leaves=7
num_cat=0
split_feature=1 2 2 0 2 2
split_gain=2.07276 0.601352 1.07644 0.750278 0.9893 0.334667
threshold=0.27996000000000004 66734.500000000015 55628.500000000007 0.026395000000000005 123241.00000000001 4552.5000000000009
decision_type=2 2 2 2 2 2
left_child=-1 2 5 -3 -5 -2
right_child=1 3 -4 4 -6 -7
leaf_value=-0.0047900000788271427 -0.0047900000788271427 -0.0047074468885647492 0.0082894733175635348 -0.0047074468885647492 0.0004531720096070961 -7.4211687043115689e-05
leaf_weight=499 38 187 37 113 330 538
leaf_count=499 38 187 37 113 330 538
internal_value=-0.00207114 -0.000976688 0.000138436 -0.00206022 -0.000934685 -0.000398614
internal_weight=1742 1243 613 630 443 576
internal_count=1742 1243 613 630 443 576
is_linear=0
shrinkage=0.05


Tree=138
num_leaves=7
num_cat=0
split_feature=1 2 2 0 2 3
split_gain=1.54254 0.750812 0.601203 0.80001 0.458988 1.43668
threshold=0.27996000000000004 45444.500000000007 123241.00000000001 0.026395000000000005 209711.50000000003 1.0000000180025095e-35
decision_type=2 2 2 2 2 2
left_child=-1 -2 -3 -4 5 -5
right_child=1 2 3 4 -6 -7
leaf_value=-0.0047900000788271427 -6.6288063217970463e-05 -0.0045696722145085458 -0.0046180556373049816 -0.001583333481103182 -0.0012757203215924802 0.011833332888782026
leaf_weight=499 527 243 143 59 242 29
leaf_count=499 527 243 143 59 242 29
internal_value=-0.00244406 -0.0014992 -0.0025523 -0.00150844 -0.000151058 0.00292135
internal_weight=1742 1243 716 473 330 88
internal_count=1742 1243 716 473 330 88
is_linear=0
shrinkage=0.05


Tree=139
num_leaves=7
num_cat=0
split_feature=1 2 2 0 2 2
split_gain=1.77759 0.735594 0.698827 0.830991 0.523105 0.36237
threshold=0.27996000000000004 66734.500000000015 197890.00000000003 0.026395000000000005 55628.500000000007 312300.00000000006
decision_type=2 2 2 2 2 2
left_child=-1 4 -3 -4 -2 -5
right_child=1 2 3 5 -6 -7
leaf_value=-0.0047900000788271427 -0.00039861369522956676 -0.0047477065013089318 -0.0045736434934444212 -0.0012883437146072739 0.0056578944290154864 0.002298386860638857
leaf_weight=499 576 217 128 162 37 123
leaf_count=499 576 217 128 162 37 123
internal_value=-0.00227195 -0.00125804 -0.00245642 -0.00124396 -2.44302e-05 0.000262238
internal_weight=1742 1243 630 413 613 285
internal_count=1742 1243 630 413 613 285
is_linear=0
shrinkage=0.05


Tree=140
num_leaves=7
num_cat=0
split_feature=1 2 2 2 2 2
split_gain=1.18761 1.23114 0.388836 0.322671 0.952016 0.84592
threshold=0.27996000000000004 45444.500000000007 4552.5000000000009 197890.00000000003 209711.50000000003 200574.00000000003
decision_type=2 2 2 2 2 2
left_child=-1 2 -2 -3 5 -5
right_child=1 3 -4 4 -6 -7
leaf_value=-0.0047900000788271427 -0.0047900000788271427 -0.004490131664236909 0.00031632633765741268 -0.00072916683275252585 -0.0033959538670461304 0.011136363209648566
leaf_weight=499 38 303 489 47 345 21
leaf_count=499 38 303 489 47 345 21
internal_value=-0.00273092 -0.00190113 -6.62881e-05 -0.00324965 -0.00233092 0.00304348
internal_weight=1742 1243 527 716 413 68
internal_count=1742 1243 527 716 413 68
is_linear=0
shrinkage=0.05


Tree=141
num_leaves=7
num_cat=0
split_feature=1 2 2 3 0 0
split_gain=1.50497 0.793527 0.820209 1.60621 0.623679 0.519708
threshold=0.27996000000000004 45444.500000000007 312300.00000000006 1.0000000180025095e-35 0.069560000000000025 0.073950000000000002
decision_type=2 2 2 2 2 2
left_child=-1 -2 -3 4 -4 -5
right_child=1 2 3 5 -6 -7
leaf_value=-0.0047900000788271427 -6.6288063217970463e-05 -0.0036520077524631934 0.0020454543219371279 -0.0047900000788271427 0.013958332842836776 0.00095588214805021002
leaf_weight=499 527 522 21 83 23 67
leaf_count=499 527 522 21 83 23 67
internal_value=-0.00247275 -0.00153939 -0.00262204 0.000153846 0.00844444 -0.00231788
internal_weight=1742 1243 716 194 44 150
internal_count=1742 1243 716 194 44 150
is_linear=0
shrinkage=0.05


Tree=142
num_leaves=7
num_cat=0
split_feature=0 2 2 2 2 2
split_gain=1.45867 0.830787 0.483066 1.94022 0.761185 0.788666
threshold=0.024500000000000004 10539.500000000002 284077.50000000006 312300.00000000006 66734.500000000015 55628.500000000007
decision_type=2 2 2 2 2 2
left_child=1 -1 4 -4 5 -2
right_child=2 -3 3 -5 -6 -7
leaf_value=-0.00087203808128833772 -0.00070175455618090576 -0.0045040651259383542 0.012285713830164502 -0.00091911781140986606 -0.0032309942655483186 0.0072727269295490143
leaf_weight=74 512 614 34 135 341 32
leaf_count=74 512 614 34 135 341 32
internal_value=-0.00204246 -0.00383164 -0.000872038 0.00179412 -0.000872038 -0.000220184
internal_weight=1742 688 1054 169 885 544
internal_count=1742 688 1054 169 885 544
is_linear=0
shrinkage=0.05


Tree=143
num_leaves=7
num_cat=0
split_feature=0 2 2 2 2 2
split_gain=1.45867 0.830787 0.622747 1.42491 0.408539 1.33606
threshold=0.024500000000000004 10539.500000000002 14170.500000000002 13475.500000000002 11576.500000000002 12378.000000000002
decision_type=2 2 2 2 2 2
left_child=1 -1 3 4 -2 -6
right_child=2 -3 -4 -5 5 -7
leaf_value=-0.00087203808128833772 -0.00087203808128833772 -0.0045040651259383542 -0.0015759495178921314 0.013409090431576426 0.0096052627618375581 -0.0045040651259383542
leaf_weight=74 180 614 789 21 37 27
leaf_count=74 180 614 789 21 37 27
internal_value=-0.00204246 -0.00383164 -0.000872038 0.0012218 0.000122449 0.00353846
internal_weight=1742 688 1054 265 244 64
internal_count=1742 688 1054 265 244 64
is_linear=0
shrinkage=0.05


Tree=144
num_leaves=7
num_cat=0
split_feature=0 2 2 2 2 2
split_gain=1.23112 0.689397 0.228692 0.401855 0.214588 0.19478
threshold=0.010435000000000002 10539.500000000002 45444.500000000007 37288.000000000007 28700.000000000004 17951.000000000004
decision_type=2 2 2 2 2 2
left_child=1 -1 3 4 5 -2
right_child=2 -3 -4 -5 -6 -7
leaf_value=-0.0012238056910257827 -0.0010644259322591188 -0.0047861507917373106 -0.0018262151672624174 0.0045945943106670646 -0.0047861507917373106 0.0015053761261765676
leaf_weight=60 356 490 678 36 30 92
leaf_count=60 356 490 678 36 30 92
internal_value=-0.00212851 -0.00408348 -0.00122381 -0.000427185 -0.000814196 -0.000534521
internal_weight=1742 550 1192 514 478 448
internal_count=1742 550 1192 514 478 448
is_linear=0
shrinkage=0.05


Tree=145
num_leaves=7
num_cat=0
split_feature=0 2 2 2 0 2
split_gain=1.81708 1.16186 3.98909 0.64444 0.570386 0.210052
threshold=0.015320000000000002 349638.00000000006 381882.50000000006 10539.500000000002 0.13481500000000005 19676.000000000004
decision_type=2 2 2 2 2 2
left_child=3 5 -3 -1 -4 -2
right_child=1 2 4 -5 -6 -7
leaf_value=-0.0011339200043346176 -0.00016528943825523388 0.022291665989905597 -0.0028472223422593545 -0.0046124764533259244 0.0048611108213663101 -0.0016641453832793706
leaf_weight=63 362 23 71 528 35 660
leaf_count=63 362 23 71 528 35 660
internal_value=-0.00172691 -0.000568577 0.00388462 -0.00397804 -0.000280374 -0.00113392
internal_weight=1742 1151 129 591 106 1022
internal_count=1742 1151 129 591 106 1022
is_linear=0
shrinkage=0.05


Tree=146
num_leaves=7
num_cat=0
split_feature=0 2 2 2 2 2
split_gain=1.42628 0.660358 0.274501 2.87169 0.408749 1.31519
threshold=0.015320000000000002 8945.0000000000018 272834.00000000006 244286.50000000003 209711.50000000003 197890.00000000003
decision_type=2 2 2 2 2 2
left_child=1 -1 3 4 5 -2
right_child=2 -3 -4 -5 -6 -7
leaf_value=-0.00087239599993659391 -0.00087239599993659391 -0.0044474638546344591 -0.0024657535549576426 0.016956521181956584 -0.0044474638546344591 0.0069090905717828057
leaf_weight=40 797 551 218 22 60 54
leaf_count=40 797 551 218 22 60 54
internal_value=-0.00189902 -0.00389358 -0.000872396 -0.000497859 -0.000872396 -0.000651409
internal_weight=1742 591 1151 933 911 851
internal_count=1742 591 1151 933 911 851
is_linear=0
shrinkage=0.05


Tree=147
num_leaves=7
num_cat=0
split_feature=2 3 1 2 0 2
split_gain=1.17476 0.770485 0.837548 0.644322 0.612206 0.711433
threshold=66734.500000000015 1.0000000180025095e-35 0.25106500000000004 14170.500000000002 0.026395000000000005 381882.50000000006
decision_type=2 2 2 2 2 2
left_child=1 2 -1 -3 -2 -6
right_child=4 3 -4 -5 5 -7
leaf_value=-0.0049693252274229487 -0.0047756411047636445 0.0038167936229751309 -0.00072992717679544678 -0.0011450383271879824 -0.0030842392472550276 0.0022077919745987109
leaf_weight=162 467 130 410 130 367 76
leaf_count=162 467 130 410 130 367 76
internal_value=-0.00227195 -0.000912365 -0.00193717 0.001341 -0.00351262 -0.00217342
internal_weight=1742 832 572 260 910 443
internal_count=1742 832 572 260 910 443
is_linear=0
shrinkage=0.05


Tree=148
num_leaves=7
num_cat=0
split_feature=0 2 2 2 2 2
split_gain=1.11939 0.655614 0.459857 0.697684 0.0981264 0.849876
threshold=0.010435000000000002 10539.500000000002 66734.500000000015 55628.500000000007 17951.000000000004 22520.500000000004
decision_type=2 2 2 2 2 2
left_child=1 -1 3 4 -2 -6
right_child=2 -3 -4 -5 5 -7
leaf_value=-0.0012657168384544609 -0.0012044819515375864 -0.0046843178001234349 -0.0022416668025155863 0.0065714282436030256 0.0076562496484257284 -0.0012138729904256117
leaf_weight=60 356 490 599 34 31 172
leaf_count=60 356 490 599 34 31 172
internal_value=-0.00212851 -0.00399274 -0.00126572 -0.000277778 -0.000705357 0.000171568
internal_weight=1742 550 1192 593 559 203
internal_count=1742 550 1192 593 559 203
is_linear=0
shrinkage=0.05


Tree=149
num_leaves=7
num_cat=0
split_feature=0 2 2 2 2 3
split_gain=1.30573 0.948847 2.33417 0.547239 0.446024 0.646563
threshold=0.015320000000000002 284077.50000000006 326041.50000000006 10539.500000000002 14170.500000000002 1.0000000180025095e-35
decision_type=2 2 2 2 2 2
left_child=3 4 -3 -1 5 -2
right_child=1 2 -4 -5 -6 -7
leaf_value=-0.0016509928346427631 -0.0016509928346427631 0.011132075040126747 -0.0011458334926929738 -0.0045179584970264667 -0.0023416790732666741 0.0031428568881182446
leaf_weight=63 174 52 143 528 678 104
leaf_count=63 174 52 143 528 678 104
internal_value=-0.00198508 -0.0010026 0.00216837 -0.00389358 -0.00165099 3.58421e-05
internal_weight=1742 1151 195 591 956 278
internal_count=1742 1151 195 591 956 278
is_linear=0
shrinkage=0.05


Tree=150
num_leaves=7
num_cat=0
split_feature=0 2 2 2 2 2
split_gain=1.19048 0.620545 0.302249 0.684762 0.960297 0.472116
threshold=0.015320000000000002 8945.0000000000018 45444.500000000007 27900.500000000004 28700.000000000004 37288.000000000007
decision_type=2 2 2 2 2 2
left_child=1 -1 3 -2 -5 -6
right_child=2 -3 -4 4 5 -7
leaf_value=-0.0011328126607824944 -0.0010406700190174524 -0.0044474638546344591 -0.0018433181171272574 0.012608695192181546 -0.0011328126607824944 0.0051428568469626566
leaf_weight=40 417 551 650 22 28 34
leaf_count=40 417 551 650 22 28 34
internal_value=-0.00207114 -0.00389358 -0.00113281 -0.000209164 0.00388235 0.00063492
internal_weight=1742 591 1151 501 84 62
internal_count=1742 591 1151 501 84 62
is_linear=0
shrinkage=0.05


Tree=151
num_leaves=7
num_cat=0
split_feature=0 2 2 2 2 2
split_gain=1.30573 0.64073 0.286513 0.366824 0.274208 0.626012
threshold=0.015320000000000002 8945.0000000000018 14170.500000000002 13475.500000000002 12378.000000000002 11926.000000000002
decision_type=2 2 2 2 2 2
left_child=1 -1 3 4 5 -2
right_child=2 -3 -4 -5 -6 -7
leaf_value=-0.0010026043303595442 -0.00043062218531752318 -0.0044474638546344591 -0.001447368574752824 0.006590908765792847 -0.0044474638546344591 0.0082608692024065105
leaf_weight=40 208 551 873 21 27 22
leaf_count=40 208 551 873 21 27 22
internal_value=-0.00198508 -0.00389358 -0.0010026 0.000394265 -0.000135659 0.0004329
internal_weight=1742 591 1151 278 257 230
internal_count=1742 591 1151 278 257 230
is_linear=0
shrinkage=0.05


Tree=152
num_leaves=7
num_cat=0
split_feature=0 2 2 0 2 2
split_gain=1.77363 0.722601 3.15646 0.672139 0.617149 0.793529
threshold=0.015320000000000002 197890.00000000003 209711.50000000003 0.06294000000000001 66734.500000000015 55628.500000000007
decision_type=2 2 2 2 2 2
left_child=-1 4 3 -3 5 -2
right_child=1 2 -4 -5 -6 -7
leaf_value=-0.003893581180002641 -0.00096153862596977326 0.0047619044780731201 -0.00066445199803656521 0.016571428020085609 -0.0036136364682831548 0.0069117643706062262
leaf_weight=591 545 20 300 34 219 33
leaf_count=591 545 20 300 34 219 33
internal_value=-0.00166954 -0.000525174 0.00135211 0.0123636 -0.00135965 -0.000500864
internal_weight=1742 1151 354 54 797 578
internal_count=1742 1151 354 54 797 578
is_linear=0
shrinkage=0.05


Tree=153
num_leaves=7
num_cat=0
split_feature=0 2 2 2 2 2
split_gain=0.985574 0.642717 0.288661 0.643012 0.220441 0.559204
threshold=0.010435000000000002 17951.000000000004 12378.000000000002 11926.000000000002 8945.0000000000018 244286.50000000003
decision_type=2 2 2 2 2 2
left_child=1 4 3 -2 -1 -4
right_child=2 -3 5 -5 -6 -7
leaf_value=-0.00053738335095276349 -0.00053738335095276349 -0.0049878935367951389 -0.0025849859639157993 0.0082608692024065105 -0.0029500001184642314 0.00015810257773625524
leaf_weight=39 213 412 705 22 99 252
leaf_count=39 213 412 705 22 99 252
internal_value=-0.00224326 -0.00399274 -0.00143336 0.000317796 -0.00143336 -0.00143336
internal_weight=1742 550 1192 235 138 957
internal_count=1742 550 1192 235 138 957
is_linear=0
shrinkage=0.05


Tree=154
num_leaves=7
num_cat=0
split_feature=0 2 2 2 2 2
split_gain=1.11939 0.655614 0.378159 0.60924 0.218084 0.589131
threshold=0.010435000000000002 10539.500000000002 12378.000000000002 11926.000000000002 4552.5000000000009 5501.0000000000009
decision_type=2 2 2 2 2 2
left_child=1 -1 3 4 -2 -6
right_child=2 -3 -4 -5 5 -7
leaf_value=-0.0012657168384544609 -0.0012657168384544609 -0.0046843178001234349 -0.001706680732473949 0.0082608692024065105 0.0082608692024065105 -0.00033112600544430565
leaf_weight=60 41 490 957 22 22 150
leaf_count=60 41 490 957 22 22 150
internal_value=-0.00212851 -0.00399274 -0.00126572 0.000529661 -0.000303738 0.000809248
internal_weight=1742 550 1192 235 213 172
internal_count=1742 550 1192 235 213 172
is_linear=0
shrinkage=0.05


Tree=155
num_leaves=7
num_cat=0
split_feature=0 2 2 2 2 2
split_gain=1.15417 0.661512 0.228692 1.49724 3.48991 0.981946
threshold=0.010435000000000002 10539.500000000002 45444.500000000007 17951.000000000004 22520.500000000004 37288.000000000007
decision_type=2 2 2 2 2 2
left_child=1 -1 3 -2 -5 -6
right_child=2 -3 -4 4 5 -7
leaf_value=-0.0012238056910257827 -0.0012238056910257827 -0.0046843178001234349 -0.0018262151672624174 0.018593749403953554 -0.0012238056910257827 0.0072972969529596539
leaf_weight=60 356 490 678 31 91 36
leaf_count=60 356 490 678 31 91 36
internal_value=-0.00209983 -0.00399274 -0.00122381 -0.000427185 0.00383648 0.000117187
internal_weight=1742 550 1192 514 158 127
internal_count=1742 550 1192 514 158 127
is_linear=0
shrinkage=0.05


Tree=156
num_leaves=7
num_cat=0
split_feature=2 1 2 2 2 2
split_gain=1.69829 1.23938 1.00954 2.68972 0.462949 0.288604
threshold=14170.500000000002 0.23703500000000002 12378.000000000002 12751.500000000002 13475.500000000002 4459.5000000000009
decision_type=2 2 2 2 2 2
left_child=2 -2 5 -4 -5 -1
right_child=1 -3 3 4 -6 -7
leaf_value=-0.0048148148865611471 -0.0049849850592670504 -0.0014691480474654187 0.019259258649415439 -0.0048148148865611471 0.0044444441657375405 0.00059233429591830193
leaf_weight=26 332 1020 26 26 26 286
leaf_count=26 332 1020 26 26 26 286
internal_value=-0.00149742 -0.00233555 0.00140665 0.0064557 -0.000188679 0.000127795
internal_weight=1742 1352 390 78 52 312
internal_count=1742 1352 390 78 52 312
is_linear=0
shrinkage=0.05


Tree=157
num_leaves=7
num_cat=0
split_feature=0 2 2 2 0 2
split_gain=1.27117 0.780657 2.37984 0.579278 0.599619 0.406908
threshold=0.015320000000000002 244286.50000000003 272834.00000000006 52166.000000000007 0.028840000000000005 790013.00000000012
decision_type=2 2 2 2 2 2
left_child=3 -2 -3 -1 -4 -6
right_child=1 2 4 -5 5 -7
leaf_value=-0.0017735044193318767 -0.0015405703270644474 0.016956521181956584 -0.0048958334062869351 -0.0049860724976965977 0.002366666428744793 -0.004782608766918597
leaf_weight=233 911 22 47 358 149 22
leaf_count=233 911 22 47 358 149 22
internal_value=-0.00184165 -0.000872396 0.00165975 -0.00372466 4.56619e-05 0.00142442
internal_weight=1742 1151 240 591 218 171
internal_count=1742 1151 240 591 218 171
is_linear=0
shrinkage=0.05


Tree=158
num_leaves=7
num_cat=0
split_feature=0 2 2 0 2 2
split_gain=0.960136 0.545669 1.26615 0.534967 0.88929 0.993724
threshold=0.0022000000000000006 66734.500000000015 55628.500000000007 0.026395000000000005 381882.50000000006 790013.00000000012
decision_type=2 2 2 2 2 2
left_child=-1 2 -2 -3 -5 -6
right_child=1 3 -4 4 5 -7
leaf_value=-0.0040319149893649087 -0.00088888905496678809 -0.0040319149893649087 0.0086486482741059481 -0.0024048914363526781 0.0073584902188125649 -0.0040319149893649087
leaf_weight=469 584 210 36 367 52 24
leaf_count=469 584 210 36 367 52 24
internal_value=-0.00209983 -0.0013854 -0.000322061 -0.00239297 -0.00138514 0.00350649
internal_weight=1742 1273 620 653 443 76
internal_count=1742 1273 620 653 443 76
is_linear=0
shrinkage=0.05


Tree=159
num_leaves=7
num_cat=0
split_feature=1 2 2 2 2 2
split_gain=1.05168 0.626943 0.352033 0.347051 0.353773 0.505488
threshold=0.23703500000000002 11576.500000000002 12378.000000000002 6820.0000000000009 9568.5000000000018 11576.500000000002
decision_type=2 2 2 2 2 2
left_child=1 -1 3 -2 -5 -6
right_child=2 -3 -4 4 5 -7
leaf_value=-0.0012897127140285209 -0.0012897127140285209 -0.0049864499388025387 -0.0016837688051720163 0.0040963852665869584 -0.0012897127140285209 0.0042045451785353103
leaf_weight=53 80 368 1071 82 45 43
leaf_count=53 80 368 1071 82 45 43
internal_value=-0.00198508 -0.00415877 -0.00128971 0.000398406 0.00175439 -0.000449438
internal_weight=1742 421 1321 250 170 88
internal_count=1742 421 1321 250 170 88
is_linear=0
shrinkage=0.05


Tree=160
num_leaves=7
num_cat=0
split_feature=1 2 0 2 2 2
split_gain=1.28198 0.682607 2.66865 1.27803 0.578042 0.438947
threshold=0.23703500000000002 284077.50000000006 0.045145000000000012 326041.50000000006 11576.500000000002 381882.50000000006
decision_type=2 2 2 2 2 2
left_child=4 -2 -3 -4 -1 -5
right_child=1 2 3 5 -6 -7
leaf_value=-0.0014172863997657503 -0.0014172863997657503 -0.004040284455705311 0.013295454066246749 -0.0018181819581624234 -0.0048509485868176794 0.0054310341783124832
leaf_weight=53 1075 114 43 32 368 57
leaf_count=53 1075 114 43 32 368 57
internal_value=-0.00164085 -0.000873676 0.00149798 0.00631579 -0.00404028 0.00283333
internal_weight=1742 1321 246 132 421 89
internal_count=1742 1321 246 132 421 89
is_linear=0
shrinkage=0.05


Tree=161
num_leaves=7
num_cat=0
split_feature=1 2 2 2 2 2
split_gain=1.31285 0.645876 0.556306 0.815514 0.754122 0.42351
threshold=0.23703500000000002 11576.500000000002 9568.5000000000018 4552.5000000000009 5501.0000000000009 9208.5000000000018
decision_type=2 2 2 2 2 2
left_child=1 -1 3 -2 -5 -6
right_child=2 -3 -4 4 5 -7
leaf_value=-0.00083585493294761686 -0.00083585493294761686 -0.0048509485868176794 -0.00083585493294761686 0.01185185140757649 0.00047297277865377633 0.0082608692024065105
leaf_weight=53 41 368 1159 26 73 22
leaf_count=53 41 368 1159 26 73 22
internal_value=-0.00161216 -0.00404028 -0.000835855 0.00208589 0.00446721 0.00234375
internal_weight=1742 421 1321 162 121 95
internal_count=1742 421 1321 162 121 95
is_linear=0
shrinkage=0.05


Tree=162
num_leaves=7
num_cat=0
split_feature=2 0 2 2 2 2
split_gain=1.20623 1.55134 0.864359 2.20195 0.743861 4.23993
threshold=14170.500000000002 0.010435000000000002 12378.000000000002 12751.500000000002 349638.00000000006 381882.50000000006
decision_type=2 2 2 2 2 2
left_child=2 -2 -1 -4 -3 -6
right_child=1 4 3 -5 5 -7
leaf_value=-3.1949066744444852e-05 -0.0044256757625991162 -0.0014267187014743977 0.017407406838955704 -0.00018867942381579921 0.021199999347329142 -0.0015086208405936587
leaf_weight=312 443 770 26 52 24 115
leaf_count=312 443 770 26 52 24 115
internal_value=-0.00129662 -0.00200296 0.00115089 0.00582278 -0.000818681 0.00253571
internal_weight=1742 1352 390 78 909 139
internal_count=1742 1352 390 78 909 139
is_linear=0
shrinkage=0.05


Tree=163
num_leaves=7
num_cat=0
split_feature=2 0 2 2 2 0
split_gain=1.12812 1.50371 1.10474 3.38945 1.45279 0.562373
threshold=66734.500000000015 0.026395000000000005 123241.00000000001 209711.50000000003 197890.00000000003 0.15912500000000004
decision_type=2 2 2 2 2 2
left_child=-1 -2 -3 4 5 -4
right_child=1 2 3 -5 -6 -7
leaf_value=-0.00025210102074214966 -0.0047756411047636445 -0.0047756411047636445 -0.0027083334513008598 -0.0023045268829590009 0.015568181288174608 0.0082608692024065105
leaf_weight=832 467 113 23 242 43 22
leaf_count=832 467 113 23 242 43 22
internal_value=-0.00158348 -0.00279912 -0.00070946 0.000755287 0.00910112 0.00271739
internal_weight=1742 910 443 330 88 45
internal_count=1742 910 443 330 88 45
is_linear=0
shrinkage=0.05


Tree=164
num_leaves=7
num_cat=0
split_feature=2 0 2 2 2 2
split_gain=1.61372 0.673244 1.05989 0.999057 0.443716 0.382915
threshold=66734.500000000015 0.026395000000000005 381882.50000000006 790013.00000000012 511381.00000000006 38806.000000000007
decision_type=2 2 2 2 2 2
left_child=5 -2 -3 4 -4 -1
right_child=1 2 3 -5 -6 -7
leaf_value=-0.00065433872044934327 -0.0045619658958644446 -0.0029483696850745576 0.0032258061992545281 -0.0045619658958644446 0.012608695192181546 0.0022900760998480194
leaf_weight=702 467 367 30 24 22 130
leaf_count=702 467 367 30 24 22 130
internal_value=-0.00178428 -0.0032382 -0.00183559 0.00350649 0.00735849 -0.000192077
internal_weight=1742 910 443 76 52 832
internal_count=1742 910 443 76 52 832
is_linear=0
shrinkage=0.05


Tree=165
num_leaves=7
num_cat=0
split_feature=2 0 2 2 3 0
split_gain=1.3446 0.557707 0.534171 0.860392 3.21688 1.8394
threshold=55628.500000000007 0.024985000000000004 123241.00000000001 272834.00000000006 1.0000000180025095e-35 0.15912500000000004
decision_type=2 2 2 2 2 2
left_child=-1 -2 -3 4 -4 -6
right_child=1 2 3 -5 5 -7
leaf_value=-0.00038412309677439069 -0.0045221446068970479 -0.0043895349707887615 -0.0040186916834840155 -0.0033689840671850403 0.0024390241540059813 0.018593749403953554
leaf_weight=780 428 171 106 186 40 31
leaf_count=780 428 171 106 186 40 31
internal_value=-0.00192771 -0.00317757 -0.00209346 -0.00100275 0.00148876 0.00965278
internal_weight=1742 962 534 363 177 71
internal_count=1742 962 534 363 177 71
is_linear=0
shrinkage=0.05


Tree=166
num_leaves=7
num_cat=0
split_feature=2 2 0 0 2 2
split_gain=1.6248 0.607219 0.709026 0.571499 0.580367 0.470986
threshold=66734.500000000015 38806.000000000007 0.0027700000000000003 0.026395000000000005 123241.00000000001 209711.50000000003
decision_type=2 2 2 2 2 2
left_child=1 -1 -3 -2 -5 -6
right_child=3 2 -4 4 5 -7
leaf_value=-0.00065433872044934327 -0.0043482906869652437 -0.0033333334394476631 0.0051515148519867601 -0.0043482906869652437 0.0023595503248860332 -0.0018930042584123924
leaf_weight=702 467 32 98 113 88 242
leaf_count=702 467 32 98 113 88 242
internal_value=-0.00166954 -7.2029e-05 0.00305343 -0.00312843 -0.00183559 -0.000755287
internal_weight=1742 832 130 910 443 330
internal_count=1742 832 130 910 443 330
is_linear=0
shrinkage=0.05


Tree=167
num_leaves=7
num_cat=0
split_feature=2 0 2 2 2 2
split_gain=0.879648 1.01216 0.917585 3.12918 0.460451 0.224037
threshold=92799.500000000015 0.026395000000000005 284077.50000000006 326041.50000000006 85316.500000000015 442826.00000000006
decision_type=2 2 2 2 2 2
left_child=4 -2 -3 -4 -1 -5
right_child=1 2 3 5 -6 -7
leaf_value=-0.00032930863094971028 -0.0041341464348682543 -0.0025102881952323054 0.013191488884547922 0.00042553172308079743 0.0062962959761972779 -0.0041341464348682543
leaf_weight=910 409 242 46 46 26 63
leaf_count=910 409 242 46 46 26 63
internal_value=-0.00118187 -0.00239157 -0.000590452 0.00240385 -0.000138741 -0.00222727
internal_weight=1742 806 397 155 936 109
internal_count=1742 806 397 155 936 109
is_linear=0
shrinkage=0.05


Tree=168
num_leaves=7
num_cat=0
split_feature=2 2 1 2 2 2
split_gain=1.00522 1.15159 0.401207 0.353649 0.350886 0.765096
threshold=76340.500000000015 66734.500000000015 0.15585000000000002 109786.50000000001 130562.00000000001 123241.00000000001
decision_type=2 2 2 2 2 2
left_child=1 -1 -2 -4 5 -5
right_child=2 -3 3 4 -6 -7
leaf_value=-0.00049219705379095118 -0.0046910113163208698 0.0099999995971167543 -0.0042605634700034712 -0.0023750001285225155 -0.0019085488509882993 0.0086538457813171241
leaf_weight=832 177 26 141 39 502 25
leaf_count=832 177 26 141 39 502 25
internal_value=-0.00138267 -0.00016298 -0.00256497 -0.00202684 -0.00146384 0.002
internal_weight=1742 858 884 707 566 64
internal_count=1742 858 884 707 566 64
is_linear=0
shrinkage=0.05


Tree=169
num_leaves=7
num_cat=0
split_feature=2 2 2 2 2 1
split_gain=5.89409 1.0256 2.49915 1.10865 0.770491 0.320102
threshold=584181.50000000012 1148581.0000000002 975148.50000000012 790013.00000000012 55628.500000000007 0.11823000000000002
decision_type=2 2 2 2 2 2
left_child=4 2 3 -2 5 -1
right_child=1 -3 -4 -5 -6 -7
leaf_value=-0.0035211268655011355 0.0062962959761972779 0.019259258649415439 -0.0048148148865611471 0.021111110459875179 -0.0024912690477092276 -1.8600253951532766e-10
leaf_weight=70 26 26 26 26 858 710
leaf_count=70 26 26 26 26 858 710
internal_value=-0.000722892 0.0107619 0.00772152 0.0139623 -0.00145821 -0.000320103
internal_weight=1742 104 78 52 1638 780
internal_count=1742 104 78 52 1638 780
is_linear=0
shrinkage=0.05


Tree=170
num_leaves=7
num_cat=0
split_feature=2 2 1 3 2 2
split_gain=1.14582 0.468104 0.465812 0.340948 1.09685 0.529626
threshold=92799.500000000015 85316.500000000015 0.11823000000000002 1.0000000180025095e-35 200574.00000000003 209711.50000000003
decision_type=2 2 2 2 2 2
left_child=1 2 -1 4 -2 -6
right_child=3 -3 -4 -5 5 -7
leaf_value=-0.0038202248178841021 -0.0049523810261771798 0.0062962959761972779 -1.2150854053358261e-05 -0.003420593477720574 0.008148147786657017 0.00028571409483750662
leaf_weight=88 104 26 822 572 26 104
leaf_count=88 104 26 822 572 26 104
internal_value=-0.00138267 -0.000192103 -0.000384193 -0.00276332 -0.00114894 0.0019084
internal_weight=1742 936 910 806 234 130
internal_count=1742 936 910 806 234 130
is_linear=0
shrinkage=0.05


Tree=171
num_leaves=7
num_cat=0
split_feature=2 2 2 2 2 1
split_gain=0.417532 0.519275 0.388206 0.626884 3.7067 0.654451
threshold=790013.00000000012 584181.50000000012 442826.00000000006 220356.50000000003 244286.50000000003 0.074975000000000014
decision_type=2 2 2 2 2 2
left_child=1 2 3 5 -5 -1
right_child=-2 -3 -4 4 -6 -7
leaf_value=-0.0049479167403963711 -0.0043037975560637964 0.0062962959761972779 -0.0049056604504585273 0.019259258649415439 -0.00043062218531752318 -0.00066375215856183693
leaf_weight=95 78 26 52 26 208 1257
leaf_count=95 78 26 52 26 208 1257
internal_value=-0.000751578 -0.000582583 -0.000695546 -0.000554506 0.00182979 -0.000968219
internal_weight=1742 1664 1638 1586 234 1352
internal_count=1742 1664 1638 1586 234 1352
is_linear=0
shrinkage=0.05


Tree=172
num_leaves=7
num_cat=0
split_feature=2 2 2 2 2 2
split_gain=0.842445 0.735143 0.442285 0.524938 0.356331 0.453321
threshold=76340.500000000015 55628.500000000007 442826.00000000006 312300.00000000006 218097.50000000003 103148.50000000001
decision_type=2 2 2 2 2 2
left_child=1 -1 3 4 5 -2
right_child=2 -3 -4 -5 -6 -7
leaf_value=0.00012804078422343687 -0.0034351146118786501 0.0051898731178120728 -0.0040127389488895989 0.0021904759570246651 -0.0036942676184283704 2.9498338699340822e-05
leaf_weight=780 130 78 156 104 156 338
leaf_count=780 130 78 156 104 156 338
internal_value=-0.000522089 0.000593713 -0.00160452 -0.00108368 -0.001632 -0.000938166
internal_weight=1742 858 884 728 624 468
internal_count=1742 858 884 728 624 468
is_linear=0
shrinkage=0.05


Tree=173
num_leaves=7
num_cat=0
split_feature=2 2 2 2 2 2
split_gain=0.754527 4.72292 0.257258 0.210058 1.00061 0.629876
threshold=584181.50000000012 511381.00000000006 4459.5000000000009 130562.00000000001 123241.00000000001 284077.50000000006
decision_type=2 2 2 2 2 2
left_child=1 2 -1 4 -4 -5
right_child=-2 -3 3 5 -6 -7
leaf_value=-0.0048148148865611471 -0.0040000000950835999 0.021111110459875179 0.00025304573140305235 -0.0021086263366210194 0.0099999995971167543 0.0015846992328844437
leaf_weight=26 104 26 1066 312 26 182
leaf_count=26 104 26 1066 312 26 182
internal_value=0.000109007 0.000372178 2.47983e-05 0.00010712 0.000494053 -0.000747475
internal_weight=1742 1638 1612 1586 1092 494
internal_count=1742 1638 1612 1586 1092 494
is_linear=0
shrinkage=0.05


Tree=174
num_leaves=7
num_cat=0
split_feature=2 2 2 3 2 2
split_gain=0.669875 0.453285 2.76572 0.484516 0.450782 0.412331
threshold=790013.00000000012 180370.00000000003 199147.00000000003 1.0000000180025095e-35 584181.50000000012 326041.50000000006
decision_type=2 2 2 2 2 2
left_child=1 -1 3 -3 5 -4
right_child=-2 2 4 -5 -6 -7
leaf_value=-0.00012809582799036824 -0.0043037975560637964 0.0044444441657375405 0.00076628332222558528 0.013018867450783839 0.0062962959761972779 -0.002671755850315094
leaf_weight=1170 78 26 260 52 26 130
leaf_count=1170 78 26 260 52 26 130
internal_value=0.000195066 0.000408408 0.00167677 0.0102532 4.79614e-05 -0.000383632
internal_weight=1742 1664 494 78 416 390
internal_count=1742 1664 494 78 416 390
is_linear=0
shrinkage=0.05


Tree=175
num_leaves=7
num_cat=0
split_feature=2 2 2 2 2 2
split_gain=4.10777 0.663802 0.245402 1.85209 0.619478 0.548885
threshold=1148581.0000000002 442826.00000000006 244286.50000000003 272834.00000000006 312300.00000000006 99649.000000000015
decision_type=2 2 2 2 2 2
left_child=1 2 5 -4 -5 -1
right_child=-2 -3 3 4 -6 -7
leaf_value=0.00030114207095693825 0.019259258649415439 -0.003816793992660428 0.013703703218036229 -0.0036708861778054058 0.0021904759570246651 -0.001870503741131126
leaf_weight=962 26 130 26 78 104 416
leaf_count=962 26 130 26 78 104 416
internal_value=-9.17959e-05 -0.00039604 -0.000113422 0.00148325 -0.000327869 -0.00035533
internal_weight=1742 1716 1586 208 182 1378
internal_count=1742 1716 1586 208 182 1378
is_linear=0
shrinkage=0.05


Tree=176
num_leaves=7
num_cat=0
split_feature=2 2 2 2 2 2
split_gain=2.02685 2.08571 1.34151 5.45894 1.21974 1.81145
threshold=85316.500000000015 180370.00000000003 284077.50000000006 299770.50000000006 109786.50000000001 99649.000000000015
decision_type=2 2 2 2 2 2
left_child=-1 4 -3 -4 5 -2
right_child=1 2 3 -5 -6 -7
leaf_value=-0.00060373233502442449 0.010188678834798202 -0.001532567201103744 0.024814814080794653 0.001289198391840433 0.0099236637154835796 -0.0017721520430302321
leaf_weight=910 52 260 26 286 130 78
leaf_count=910 52 260 26 286 130 78
internal_value=0.00102696 0.00280912 0.00111693 0.00332268 0.00651341 0.00305343
internal_weight=1742 832 572 312 260 130
internal_count=1742 832 572 312 260 130
is_linear=0
shrinkage=0.05


Tree=177
num_leaves=7
num_cat=0
split_feature=2 2 2 3 2 2
split_gain=0.828145 1.19611 4.83694 0.465839 0.327345 0.284176
threshold=45444.500000000007 790013.00000000012 975148.50000000012 1.0000000180025095e-35 381882.50000000006 4459.5000000000009
decision_type=2 2 2 2 2 2
left_child=5 3 -3 4 -2 -1
right_child=1 2 -4 -5 -6 -7
leaf_value=-0.0048148148865611471 -0.0013409963241596333 0.021111110459875179 -0.0049056604504585273 -0.0032258065654889052 0.0044444441657375405 0.00041251758571878434
leaf_weight=26 260 26 52 650 26 702
leaf_count=26 260 26 52 650 26 702
internal_value=-0.00106713 -0.00199015 0.00392405 -0.00248666 -0.000801394 0.000219479
internal_weight=1742 1014 78 936 286 728
internal_count=1742 1014 78 936 286 728
is_linear=0
shrinkage=0.05


Tree=178
num_leaves=7
num_cat=0
split_feature=2 2 2 2 2 2
split_gain=0.645047 0.47938 0.297619 0.746088 0.3128 0.908913
threshold=790013.00000000012 584181.50000000012 209711.50000000003 200574.00000000003 299770.50000000006 312300.00000000006
decision_type=2 2 2 2 2 2
left_child=1 2 3 -1 -4 -6
right_child=-2 -3 4 -5 5 -7
leaf_value=-0.00025098057266543893 -0.0049367089343221888 0.0062962959761972779 -0.0033757962879671418 0.008148147786657017 0.008148147786657017 -0.0017834396356609977
leaf_weight=1274 78 26 156 26 26 156
leaf_count=1274 78 26 156 26 26 156
internal_value=-0.000522089 -0.000312312 -0.000420989 -7.68641e-05 -0.00174041 -0.000327869
internal_weight=1742 1664 1638 1300 338 182
internal_count=1742 1664 1638 1300 338 182
is_linear=0
shrinkage=0.05


Tree=179
num_leaves=7
num_cat=0
split_feature=2 2 2 2 2 2
split_gain=1.084 4.65838 0.857584 0.334712 0.573425 0.313502
threshold=106179.50000000001 103148.50000000001 85316.500000000015 511381.00000000006 312300.00000000006 4459.5000000000009
decision_type=2 2 2 2 2 2
left_child=1 2 5 4 -2 -1
right_child=3 -3 -4 -5 -6 -7
leaf_value=-0.0048148148865611471 -0.002217484144831517 0.021111110459875179 -0.0049367089343221888 -0.0041984733734422054 0.0015267173382844633 0.00065536703093577241
leaf_weight=26 468 26 78 130 130 884
leaf_count=26 468 26 78 130 130 884
internal_value=-0.00043603 0.000620689 6.06672e-05 -0.00190672 -0.00140234 0.000493962
internal_weight=1742 1014 988 728 598 910
internal_count=1742 1014 988 728 598 910
is_linear=0
shrinkage=0.05


Tree=180
num_leaves=7
num_cat=0
split_feature=2 2 2 2 2 2
split_gain=0.452003 0.496921 0.388861 1.97689 2.20718 0.200582
threshold=790013.00000000012 584181.50000000012 272834.00000000006 220356.50000000003 244286.50000000003 92799.500000000015
decision_type=2 2 2 2 2 2
left_child=1 2 3 5 -5 -1
right_child=-2 -3 -4 4 -6 -7
leaf_value=-0.00019210263641437829 -0.0043037975560637964 0.0062962959761972779 -0.0024255320461506538 0.019259258649415439 -0.0011111112656416718 -0.0015107915189554939
leaf_weight=936 78 26 234 26 26 416
leaf_count=936 78 26 234 26 26 416
internal_value=-0.000608147 -0.000432433 -0.000543014 -0.000227758 0.00924528 -0.00059867
internal_weight=1742 1664 1638 1404 52 1352
internal_count=1742 1664 1638 1404 52 1352
is_linear=0
shrinkage=0.05


Tree=181
num_leaves=7
num_cat=0
split_feature=2 2 2 2 2 1
split_gain=0.607441 0.271714 0.568239 0.203994 0.261159 0.211743
threshold=511381.00000000006 312300.00000000006 218097.50000000003 4459.5000000000009 4552.5000000000009 0.11823000000000002
decision_type=2 2 2 2 2 2
left_child=1 2 3 -1 -5 -6
right_child=-2 -3 -4 4 5 -7
leaf_value=-0.0048148148865611471 -0.0041984733734422054 0.0015267173382844633 -0.0036942676184283704 0.0044444441657375405 -0.0022085890928111927 -0.00027852668481320812
leaf_weight=26 130 130 156 26 162 1112
leaf_count=26 130 130 156 26 162 1112
internal_value=-0.000923695 -0.000657161 -0.000849629 -0.000512434 -0.000422752 -0.00052549
internal_weight=1742 1612 1482 1326 1300 1274
internal_count=1742 1612 1482 1326 1300 1274
is_linear=0
shrinkage=0.05


Tree=182
num_leaves=7
num_cat=0
split_feature=2 3 2 2 2 2
split_gain=3.34241 1.90619 1.60433 3.34278 1.072 2.47884
threshold=1148581.0000000002 1.0000000180025095e-35 584181.50000000012 511381.00000000006 85316.500000000015 103148.50000000001
decision_type=2 2 2 2 2 2
left_child=1 -1 3 4 -3 -6
right_child=-2 2 -4 -5 5 -7
leaf_value=-0.00019207701247994928 0.019259258649415439 0.00092651736550628189 -0.0036708861778054058 0.021111110459875179 0.014905659861440929 0.0034052755174448163
leaf_weight=832 26 312 78 26 52 416
leaf_count=832 26 312 78 26 52 416
internal_value=0.00180149 0.00152592 0.00314124 0.00380421 0.00320102 0.00471215
internal_weight=1742 1716 884 806 780 468
internal_count=1742 1716 884 806 780 468
is_linear=0
shrinkage=0.05


Tree=183
num_leaves=7
num_cat=0
split_feature=2 2 2 2 3 2
split_gain=1.1462 3.7653 1.10865 0.9044 0.537222 0.291929
threshold=584181.50000000012 975148.50000000012 790013.00000000012 76340.500000000015 1.0000000180025095e-35 4459.5000000000009
decision_type=2 2 2 2 2 2
left_child=3 2 -2 5 -5 -1
right_child=1 -3 -4 4 -6 -7
leaf_value=-0.0048148148865611471 0.0062962959761972779 -0.0049056604504585273 0.021111110459875179 -0.00019157106249496856 -0.002975048104054411 0.00046818707840425483
leaf_weight=26 26 52 26 260 520 832
leaf_count=26 26 52 26 260 520 832
internal_value=-0.000493402 0.00457143 0.0139623 -0.000817572 -0.00204866 0.000302677
internal_weight=1742 104 52 1638 780 858
internal_count=1742 104 52 1638 780 858
is_linear=0
shrinkage=0.05


Tree=184
num_leaves=7
num_cat=0
split_feature=2 2 2 3 2 2
split_gain=1.50473 1.83465 1.99602 1.06978 1.20799 1.1929
threshold=442826.00000000006 109786.50000000001 199147.00000000003 1.0000000180025095e-35 130562.00000000001 197890.00000000003
decision_type=2 2 2 2 2 2
left_child=1 -1 3 -3 -5 -6
right_child=-2 2 -4 4 5 -7
leaf_value=-0.00043227683348396901 -0.0043312102793508275 0.00075471678151274634 0.00076696144905941328 0.0045569617395536813 0.017735848477426566 0.0044444441657375405
leaf_weight=1040 156 52 338 78 52 26
leaf_count=1040 156 52 338 78 52 26
internal_value=0.000338497 0.000800252 0.00314442 0.00698565 0.00904459 0.0134177
internal_weight=1742 1586 546 208 156 78
internal_count=1742 1586 546 208 156 78
is_linear=0
shrinkage=0.05


Tree=185
num_leaves=7
num_cat=0
split_feature=2 2 0 2 2 2
split_gain=0.314067 0.48546 0.783621 0.79831 1.76437 0.385582
threshold=76340.500000000015 109786.50000000001 0.13481500000000005 244286.50000000003 312300.00000000006 584181.50000000012
decision_type=2 2 2 2 2 2
left_child=-1 -2 -3 -4 -5 -6
right_child=1 2 3 4 5 -7
leaf_value=0.00030267733920092354 -0.0033333334440742036 -0.0014326924615754532 -0.0014326924615754532 0.012499999538387943 -0.0014326924615754532 0.0051999997049570089
leaf_weight=858 182 519 67 45 47 24
leaf_count=858 182 519 67 45 47 24
internal_value=-0.000378658 -0.00103955 -0.000440967 0.00236413 0.00487179 -6.94446e-05
internal_weight=1742 884 702 183 116 71
internal_count=1742 884 702 183 116 71
is_linear=0
shrinkage=0.05


Tree=186
num_leaves=7
num_cat=0
split_feature=3 2 2 2 2 2
split_gain=0.511846 1.02637 0.472537 0.627662 0.343642 0.933809
threshold=1.0000000180025095e-35 14170.500000000002 17951.000000000004 22520.500000000004 27900.500000000004 28700.000000000004
decision_type=2 2 2 2 2 2
left_child=2 -2 -1 -4 -5 -6
right_child=1 -3 3 4 5 -7
leaf_value=-0.0011504426378767753 0.0026717554806297973 -0.0021126761951420587 0.00641509401348402 -0.0048148148865611471 0.0099999995971167543 0.00038363151919201512
leaf_weight=338 130 780 52 26 26 390
leaf_count=338 130 780 52 26 26 390
internal_value=-0.000608147 -0.001427 0.000288115 0.00127273 0.000654627 0.00100719
internal_weight=1742 910 832 494 442 416
internal_count=1742 910 832 494 442 416
is_linear=0
shrinkage=0.05


Tree=187
num_leaves=7
num_cat=0
split_feature=2 2 2 2 2 2
split_gain=0.529291 2.25338 1.12236 1.12794 0.297742 0.325748
threshold=511381.00000000006 326041.50000000006 381882.50000000006 349638.00000000006 218097.50000000003 312300.00000000006
decision_type=2 2 2 2 2 2
left_child=1 4 3 -3 -1 -6
right_child=-2 2 -4 -5 5 -7
leaf_value=-0.00036171833930513241 -0.0034351146118786501 0.0044444441657375405 0.0016981129868412919 0.019259258649415439 -0.0033757962879671418 0.0025925923552778032
leaf_weight=1326 130 26 52 26 156 26
leaf_count=1326 130 26 52 26 156 26
internal_value=-0.000378658 -0.000130192 0.00695238 0.0120755 -0.000622929 -0.00251366
internal_weight=1742 1612 104 52 1508 182
internal_count=1742 1612 104 52 1508 182
is_linear=0
shrinkage=0.05


Tree=188
num_leaves=7
num_cat=0
split_feature=2 2 2 2 2 2
split_gain=4.24269 0.686512 0.43112 0.501241 0.313184 0.904524
threshold=1148581.0000000002 218097.50000000003 584181.50000000012 790013.00000000012 109786.50000000001 113856.50000000001
decision_type=2 2 2 2 2 2
left_child=1 4 -3 -4 -1 -6
right_child=-2 2 3 -5 5 -7
leaf_value=-0.00057636904928342985 0.019259258649415439 -0.0033865815796219885 0.0062962959761972779 -0.0020754718344728903 0.0099999995971167543 0.00038314156833736375
leaf_weight=1040 26 312 26 52 26 260
leaf_count=1040 26 312 26 52 26 260
internal_value=-0.000407344 -0.000716366 -0.00255754 0.000759493 -0.000173323 0.0012892
internal_weight=1742 1716 390 78 1326 286
internal_count=1742 1716 390 78 1326 286
is_linear=0
shrinkage=0.05


Tree=189
num_leaves=7
num_cat=0
split_feature=2 2 2 3 2 2
split_gain=0.480754 0.597111 2.19118 0.381529 0.379781 0.309476
threshold=511381.00000000006 284077.50000000006 299770.50000000006 1.0000000180025095e-35 218097.50000000003 188874.50000000003
decision_type=2 2 2 2 2 2
left_child=1 4 -3 -4 5 -1
right_child=-2 2 3 -5 -6 -7
leaf_value=-0.00065162924422556504 -0.0034351146118786501 0.015555555028495966 0.0035849053974983829 -0.0016190477673496519 -0.0035238096295368104 0.0019083967190662414
leaf_weight=1196 130 26 52 104 104 130
leaf_count=1196 130 26 52 104 104 130
internal_value=-0.000522089 -0.000285183 0.00240437 0.000127388 -0.000628931 -0.000399397
internal_weight=1742 1612 182 156 1430 1326
internal_count=1742 1612 182 156 1430 1326
is_linear=0
shrinkage=0.05


Tree=190
num_leaves=7
num_cat=0
split_feature=2 2 2 2 2 2
split_gain=0.368066 4.89108 0.498999 0.772862 0.334693 0.537555
threshold=584181.50000000012 511381.00000000006 76340.500000000015 55628.500000000007 123241.00000000001 130562.00000000001
decision_type=2 2 2 2 2 2
left_child=1 2 3 -1 -4 -6
right_child=-2 -3 4 -5 5 -7
leaf_value=-1.8602602002562697e-10 -0.0030476191639900209 0.021111110459875179 -0.0028510639515328916 0.0051898731178120728 0.0062962959761972779 -0.0009494951141603066
leaf_weight=780 104 26 234 78 26 494
leaf_count=780 104 26 234 78 26 494
internal_value=-0.000177854 6.10109e-06 -0.000347179 0.000477299 -0.00128477 -0.000575816
internal_weight=1742 1638 1612 858 754 520
internal_count=1742 1638 1612 858 754 520
is_linear=0
shrinkage=0.05


Tree=191
num_leaves=7
num_cat=0
split_feature=2 2 2 2 2 2
split_gain=1.42372 3.04451 1.10865 0.407218 0.937431 0.307475
threshold=584181.50000000012 975148.50000000012 790013.00000000012 12751.500000000002 12378.000000000002 4459.5000000000009
decision_type=2 2 2 2 2 2
left_child=3 2 -2 4 5 -1
right_child=1 -3 -4 -5 -6 -7
leaf_value=-0.0048148148865611471 0.0062962959761972779 -0.0030188680398014357 0.021111110459875179 -0.00088393560064517018 0.0099999995971167543 0.0007665503198988347
leaf_weight=26 26 52 26 1300 26 286
leaf_count=26 26 52 26 1300 26 286
internal_value=-0.000120482 0.00552381 0.0139623 -0.000482001 0.00106195 0.00028754
internal_weight=1742 104 52 1638 338 312
internal_count=1742 104 52 1638 338 312
is_linear=0
shrinkage=0.05


Tree=192
num_leaves=7
num_cat=0
split_feature=2 2 2 2 2 2
split_gain=0.860435 0.817623 0.846903 0.479547 0.343647 1.83832
threshold=511381.00000000006 27900.500000000004 28700.000000000004 12378.000000000002 106179.50000000001 92799.500000000015
decision_type=2 2 2 2 2 2
left_child=1 3 -3 -1 5 -4
right_child=-2 2 4 -5 -6 -7
leaf_value=0.00028753974400579741 -0.003816793992660428 0.0099999995971167543 0.00044728414938091855 -0.0025435541357312886 0.0002671116611645098 0.008987341387362421
leaf_weight=312 130 26 312 286 598 78
leaf_count=312 130 26 312 286 598 78
internal_value=8.03211e-05 0.000396776 0.00126108 -0.00106845 0.00102123 0.00217391
internal_weight=1742 1612 1014 598 988 390
internal_count=1742 1612 1014 598 988 390
is_linear=0
shrinkage=0.05


Tree=193
num_leaves=7
num_cat=0
split_feature=1 2 2 2 0 3
split_gain=0.459007 0.25271 0.7082 0.664134 0.787558 1.67911
threshold=0.026565000000000002 155542.00000000003 55628.500000000007 349638.00000000006 0.26435500000000006 1.0000000180025095e-35
decision_type=2 2 2 2 2 2
left_child=-1 2 -2 4 -3 -6
right_child=1 3 -4 -5 5 -7
leaf_value=-0.0049253732077221375 -0.00030598976251591619 0.00043343633713183389 -0.0030563799393548458 -0.0021969698331873828 0.00043343633713183389 0.014264705382725774
leaf_weight=66 767 322 336 197 21 33
leaf_count=66 767 322 336 197 21 33
internal_value=-0.000866323 -0.000703638 -0.00114583 0.000148083 0.00137931 0.00690909
internal_weight=1742 1676 1103 573 376 54
internal_count=1742 1676 1103 573 376 54
is_linear=0
shrinkage=0.05


Tree=194
num_leaves=7
num_cat=0
split_feature=2 2 2 2 2 2
split_gain=0.347124 0.88644 0.31561 0.307772 0.357141 0.241909
threshold=92799.500000000015 38806.000000000007 109786.50000000001 45444.500000000007 55628.500000000007 130562.00000000001
decision_type=2 2 2 2 2 2
left_child=1 -1 -2 -3 -5 -4
right_child=2 3 5 4 -6 -7
leaf_value=-0.00044096745921571765 -0.0035238096295368104 0.008148147786657017 0.0020253162265201157 -0.0011320756291443447 0.0036305729821798911 -0.00091200016558170324
leaf_weight=702 104 26 78 52 156 624
leaf_count=702 104 26 78 52 156 624
internal_value=-0.000206541 0.000448239 -0.000966543 0.00310638 0.00244019 -0.000583215
internal_weight=1742 936 806 234 208 702
internal_count=1742 936 806 234 208 702
is_linear=0
shrinkage=0.05


Tree=195
num_leaves=7
num_cat=0
split_feature=2 2 2 2 2 2
split_gain=0.347143 0.223913 0.231565 0.23139 0.190747 0.306002
threshold=584181.50000000012 511381.00000000006 4459.5000000000009 4552.5000000000009 790013.00000000012 975148.50000000012
decision_type=2 2 2 2 2 2
left_child=1 2 -1 -4 -2 -6
right_child=4 -3 3 -5 5 -7
leaf_value=-0.0048148148865611471 0.0062962959761972779 -0.0048148148865611471 0.0044444441657375405 -0.00022421542777036107 -0.0029629630761014089 0.0035849053974983829
leaf_weight=26 26 26 26 1560 26 52
leaf_count=26 26 26 26 1560 26 52
internal_value=-0.000120482 -0.000298963 -0.000223187 -0.000144928 0.00266667 0.0013924
internal_weight=1742 1638 1612 1586 104 78
internal_count=1742 1638 1612 1586 104 78
is_linear=0
shrinkage=0.05


Tree=196
num_leaves=7
num_cat=0
split_feature=2 2 2 2 2 3
split_gain=0.226055 0.241047 0.22197 0.172467 1.45653 0.289822
threshold=511381.00000000006 4459.5000000000009 4552.5000000000009 92799.500000000015 99649.000000000015 1.0000000180025095e-35
decision_type=2 2 2 2 2 2
left_child=1 -1 -3 -4 -5 -6
right_child=-2 2 3 4 5 -7
leaf_value=-0.0048148148865611471 -0.0022900764695333161 0.0044444441657375405 -0.0005875707943897463 0.01185185140757649 0.001404255102289484 -0.0007913670746042289
leaf_weight=26 130 26 884 26 234 416
leaf_count=26 130 26 884 26 234 416
internal_value=-0.000292599 -0.000130192 -5.04098e-05 -0.000128123 0.000472673 -1.85978e-10
internal_weight=1742 1612 1586 1560 676 650
internal_count=1742 1612 1586 1560 676 650
is_linear=0
shrinkage=0.05


Tree=197
num_leaves=7
num_cat=0
split_feature=2 2 2 2 3 2
split_gain=0.297409 4.06744 0.247921 0.316475 0.485714 0.183192
threshold=244286.50000000003 220356.50000000003 9568.5000000000018 9208.5000000000018 1.0000000180025095e-35 8945.0000000000018
decision_type=2 2 2 2 2 2
left_child=1 2 3 4 5 -1
right_child=-2 -3 -4 -5 -6 -7
leaf_value=-0.00019047637070928301 -0.0015616439864651799 0.019259258649415439 -0.00062882113274528471 0.0062962959761972779 0.0045283016028269283 -0.0048148148865611471
leaf_weight=104 364 26 1144 26 52 26
leaf_count=104 364 26 1144 26 52 26
internal_value=-0.000292599 4.35096e-05 -0.000339985 0.00124402 0.000491803 -0.00114504
internal_weight=1742 1378 1352 208 182 130
internal_count=1742 1378 1352 208 182 130
is_linear=0
shrinkage=0.05


Tree=198
num_leaves=7
num_cat=0
split_feature=2 2 2 3 2 2
split_gain=0.290965 0.246764 0.331933 0.368165 0.288507 0.249086
threshold=975148.50000000012 209711.50000000003 299770.50000000006 1.0000000180025095e-35 188874.50000000003 180370.00000000003
decision_type=2 2 2 2 2 2
left_child=1 4 -3 -4 5 -1
right_child=-2 2 3 -5 -6 -7
leaf_value=4.2698361189522163e-05 0.0035849053974983829 -0.0030573249575059128 0.0035849053974983829 -0.0011475411432036937 0.0026666664225714551 -0.0048148148865611471
leaf_weight=1170 52 156 52 182 104 26
leaf_count=1170 52 156 52 182 104 26
internal_value=-6.31098e-05 -0.00017741 -0.00127877 -8.51066e-05 0.000153728 -6.68339e-05
internal_weight=1742 1690 390 234 1300 1196
internal_count=1742 1690 390 234 1300 1196
is_linear=0
shrinkage=0.05


Tree=199
num_leaves=7
num_cat=0
split_feature=2 2 2 2 2 2
split_gain=0.691134 0.52103 0.249945 0.431289 0.184129 0.352194
threshold=199147.00000000003 155542.00000000003 130562.00000000001 123241.00000000001 326041.50000000006 349638.00000000006
decision_type=2 2 2 2 2 2
left_child=1 2 3 -1 -2 -6
right_child=4 -3 -4 -5 5 -7
leaf_value=-0.00010064062300288994 -0.0028735633397125194 0.0036190473536650346 -0.0048148148865611471 0.0062962959761972779 0.0044444441657375405 -0.0016267944073848177
leaf_weight=1092 260 104 26 26 26 208
leaf_count=1092 260 104 26 26 26 208
internal_value=-0.000378658 0.000248198 -6.11356e-05 5.36191e-05 -0.0019596 -0.00093617
internal_weight=1742 1248 1144 1118 494 234
internal_count=1742 1248 1144 1118 494 234
is_linear=0
shrinkage=0.05


end of trees

feature_importances:
customers=915
p64=157
p34=78
coastal=50

parameters:
[boosting: gbdt]
[objective: custom]
[metric: custom]
[tree_learner: serial]
[device_type: cpu]
[data_sample_strategy: bagging]
[data: ]
[valid: ]
[num_iterations: 200]
[learning_rate: 0.05]
[num_leaves: 7]
[num_threads: 1]
[seed: 0]
[deterministic: 1]
[force_col_wise: 0]
[force_row_wise: 1]
[histogram_pool_size: -1]
[max_depth: -1]
[min_data_in_leaf: 20]
[min_sum_hessian_in_leaf: 0.001]
[bagging_fraction: 1]
[pos_bagging_fraction: 1]
[neg_bagging_fraction: 1]
[bagging_freq: 0]
[bagging_seed: 7719]
[bagging_by_query: 0]
[feature_fraction: 1]
[feature_fraction_bynode: 1]
[feature_fraction_seed: 2437]
[extra_trees: 0]
[extra_seed: 11797]
[early_stopping_round: 0]
[early_stopping_min_delta: 0]
[first_metric_only: 0]
[max_delta_step: 0]
[lambda_l1: 0]
[lambda_l2: 1]
[linear_lambda: 0]
[min_gain_to_split: 0]
[drop_rate: 0.1]
[max_drop: 50]
[skip_drop: 0.5]
[xgboost_dart_mode: 0]
[uniform_drop: 0]
[drop_seed: 21238]
[top_rate: 0.2]
[other_rate: 0.1]
[min_data_per_group: 100]
[max_cat_threshold: 32]
[cat_l2: 10]
[cat_smooth: 10]
[max_cat_to_onehot: 4]
[top_k: 20]
[monotone_constraints: 1,1,0,0]
[monotone_constraints_method: advanced]
[monotone_penalty: 0]
[feature_contri: ]
[forcedsplits_filename: ]
[refit_decay_rate: 0.9]
[cegb_tradeoff: 1]
[cegb_penalty_split: 0]
[cegb_penalty_feature_lazy: ]
[cegb_penalty_feature_coupled: ]
[path_smooth: 0]
[interaction_constraints: ]
[verbosity: -1]
[saved_feature_importance_type: 0]
[use_quantized_grad: 0]
[num_grad_quant_bins: 4]
[quant_train_renew_leaf: 0]
[stochastic_rounding: 1]
[linear_tree: 0]
[max_bin: 255]
[max_bin_by_feature: ]
[min_data_in_bin: 3]
[bin_construct_sample_cnt: 200000]
[data_random_seed: 38]
[is_enable_sparse: 1]
[enable_bundle: 1]
[use_missing: 1]
[zero_as_missing: 0]
[feature_pre_filter: 1]
[pre_partition: 0]
[two_round: 0]
[header: 0]
[label_column: ]
[weight_column: ]
[group_column: ]
[ignore_column: ]
[categorical_feature: ]
[forcedbins_filename: ]
[precise_float_parser: 0]
[parser_config_file: ]
[objective_seed: 8855]
[num_class: 1]
[is_unbalance: 0]
[scale_pos_weight: 1]
[sigmoid: 1]
[boost_from_average: 1]
[reg_sqrt: 0]
[alpha: 0.9]
[fair_c: 1]
[poisson_max_delta_step: 0.7]
[tweedie_variance_power: 1.5]
[lambdarank_truncation_level: 30]
[lambdarank_norm: 1]
[label_gain: ]
[lambdarank_position_bias_regularization: 0]
[eval_at: ]
[multi_error_top_k: 1]
[auc_mu_weights: ]
[num_machines: 1]
[local_listen_port: 12400]
[time_out: 120]
[machine_list_filename: ]
[machines: ]
[gpu_platform_id: -1]
[gpu_device_id: -1]
[gpu_device_id_list: ]
[gpu_use_dp: 0]
[num_gpu: 1]

end of parameters

pandas_categorical:[]
